farmer_id,region,primary_crop,farm_size_ha,years_experience,household_size,mobile_money,market_access,irrigation,education_level,prev_loan,has_secondary_crop,yield_stability,income_est_usd,loan_amount_usd,repay_probability,loan_repaid
GH00000,Western,Cassava,1.53,22,6,1,0,0,0,1,0,0.848,956,844,0.5811,0
GH00001,Brong-Ahafo,Rice,1.3,2,3,0,1,0,2,0,0,0.781,1175,886,0.6473,0
GH00002,Northern,Yam,1.27,6,6,1,1,0,0,1,1,0.71,766,779,0.6901,1
GH00003,Northern,Rice,2.44,23,3,1,0,0,3,1,1,0.667,1614,514,0.6044,0
GH00004,Greater Accra,Maize,2.89,8,7,0,1,0,1,0,0,0.87,993,885,0.3089,1
GH00005,Upper East,Yam,2.14,14,8,1,1,0,2,0,1,0.43,1609,1420,0.6924,1
GH00006,Brong-Ahafo,Maize,3.66,24,11,0,0,0,0,0,1,0.767,460,423,0.5709,1
GH00007,Northern,Yam,2.73,22,3,0,1,1,2,0,1,0.641,3760,2087,0.7649,1
GH00008,Eastern,Cocoa,1.48,7,6,1,1,0,2,1,0,0.865,1106,607,0.7431,1
GH00009,Upper East,Yam,1.32,21,6,1,0,0,1,0,1,0.543,1149,1237,0.4646,1
GH00010,Brong-Ahafo,Cassava,2.27,13,10,1,1,0,0,0,1,0.872,990,407,0.7961,1
GH00011,Northern,Maize,2.72,41,7,1,0,0,3,1,1,0.635,850,567,0.7573,1
GH00012,Brong-Ahafo,Maize,4.85,10,3,0,0,1,2,0,1,0.67,1475,1913,0.7444,1
GH00013,Brong-Ahafo,Maize,4.19,29,5,0,0,0,2,0,0,0.685,1239,526,0.4782,0
GH00014,Brong-Ahafo,Maize,1.25,12,7,1,1,0,2,1,1,0.802,334,288,0.7946,0
GH00015,Brong-Ahafo,Yam,1.7,33,7,1,1,0,2,0,1,0.743,1275,1406,0.8293,1
GH00016,Volta,Cassava,2.91,12,9,1,1,0,0,1,1,0.78,1517,713,0.8865,1
GH00017,Central,Plantain,3.85,25,4,1,1,0,3,1,0,0.834,2354,1589,0.9212,1
GH00018,Western,Cassava,3.52,16,10,1,1,1,1,0,1,0.921,1648,1599,0.8305,1
GH00019,Western,Plantain,1.74,36,3,0,1,0,2,0,0,0.889,982,680,0.6756,1
GH00020,Northern,Maize,0.76,18,12,1,0,0,2,0,1,0.52,194,100,0.3115,0
GH00021,Brong-Ahafo,Cassava,0.91,26,9,0,0,0,2,0,0,0.702,554,321,0.528,0
GH00022,Eastern,Cassava,2.21,36,7,1,0,0,3,0,1,0.815,933,402,0.496,0
GH00023,Upper West,Rice,2.32,20,7,1,0,0,1,0,1,0.559,1884,2789,0.7526,1
GH00024,Eastern,Cassava,0.84,32,3,1,0,0,2,1,1,0.642,481,280,0.8368,1
GH00025,Ashanti,Plantain,1.88,18,2,0,1,0,2,0,1,0.765,820,768,0.5858,0
GH00026,Northern,Maize,2.83,24,3,1,1,0,0,1,0,0.593,842,686,0.8449,1
GH00027,Volta,Yam,0.81,2,3,1,0,0,1,0,1,0.718,812,799,0.6163,1
GH00028,Upper West,Rice,3.95,11,6,0,0,0,2,0,0,0.668,3171,2847,0.4335,1
GH00029,Brong-Ahafo,Cassava,1.4,9,4,1,1,0,1,1,1,0.601,635,745,0.7244,1
GH00030,Upper East,Rice,4.39,27,9,1,0,0,2,1,1,0.523,4265,5748,0.7325,0
GH00031,Brong-Ahafo,Rice,1.25,35,5,1,0,0,2,0,1,0.814,821,527,0.5164,1
GH00032,Brong-Ahafo,Maize,0.89,20,7,1,1,1,2,0,1,0.677,261,136,0.8101,1
GH00033,Volta,Yam,1.32,15,7,1,1,0,3,0,1,0.653,1105,1637,0.6465,1
GH00034,Brong-Ahafo,Rice,1.7,9,5,1,0,0,0,0,1,0.696,1359,1820,0.4882,1
GH00035,Brong-Ahafo,Maize,1.39,2,4,1,1,0,2,1,0,0.766,435,320,0.6423,1
GH00036,Ashanti,Cassava,1.57,26,5,0,1,0,1,1,0,0.795,777,1067,0.6217,0
GH00037,Volta,Maize,2.3,25,8,0,1,0,1,0,1,0.672,246,272,0.7858,1
GH00038,Upper West,Maize,1.62,21,6,0,0,0,3,0,0,0.629,329,271,0.2193,0
GH00039,Northern,Maize,1.74,31,4,0,0,1,0,0,1,0.645,274,369,0.6268,0
GH00040,Upper West,Maize,0.55,6,8,1,0,0,0,1,0,0.489,155,172,0.2644,1
GH00041,Brong-Ahafo,Yam,2.4,4,3,0,1,0,2,0,1,0.758,2417,3122,0.7835,1
GH00042,Eastern,Cassava,1.71,33,7,1,1,0,1,1,1,0.711,835,669,0.8712,1
GH00043,Central,Plantain,5.62,18,5,0,1,0,2,1,0,0.944,2478,3118,0.5891,0
GH00044,Ashanti,Plantain,0.94,6,7,1,1,0,2,0,1,0.923,495,366,0.7849,1
GH00045,Greater Accra,Maize,0.51,12,10,1,1,0,1,1,0,0.792,101,119,0.6405,0
GH00046,Western,Plantain,2.81,39,8,0,1,0,1,0,0,0.935,1687,1388,0.733,1
GH00047,Ashanti,Maize,2.32,5,5,0,0,1,0,0,0,0.705,653,513,0.255,1
GH00048,Central,Maize,0.9,40,4,0,1,0,1,0,0,0.779,203,255,0.8138,1
GH00049,Brong-Ahafo,Cassava,0.62,20,8,1,1,0,1,1,1,0.733,298,134,0.5358,0
GH00050,Brong-Ahafo,Maize,5.35,40,6,1,1,0,3,0,0,0.728,1446,2044,0.7224,1
GH00051,Volta,Maize,4.9,24,3,1,0,0,2,0,1,0.735,984,896,0.544,0
GH00052,Greater Accra,Maize,0.32,18,7,1,1,0,0,0,0,0.815,101,107,0.7175,1
GH00053,Greater Accra,Cassava,1.32,14,5,1,1,0,3,0,1,0.858,827,650,0.7472,1
GH00054,Upper West,Maize,5.84,28,2,1,0,1,0,1,1,0.6,1659,1784,0.7595,0
GH00055,Brong-Ahafo,Maize,1.31,2,9,1,0,0,2,1,0,0.83,432,498,0.4878,0
GH00056,Greater Accra,Maize,1.29,3,6,1,1,0,0,0,0,0.654,548,736,0.3746,0
GH00057,Eastern,Maize,1.49,19,4,0,1,0,0,0,0,0.919,258,342,0.5718,1
GH00058,Northern,Maize,0.83,37,7,0,1,0,2,0,1,0.587,233,170,0.4529,0
GH00059,Western,Cassava,0.55,34,9,1,0,0,1,0,1,0.834,211,219,0.4122,0
GH00060,Upper West,Rice,3.81,37,2,1,1,0,2,1,0,0.716,4049,5007,0.876,1
GH00061,Eastern,Cassava,0.5,3,7,1,1,0,1,0,1,0.864,275,335,0.527,0
GH00062,Volta,Yam,2.17,5,8,1,0,0,0,1,0,0.793,1882,2577,0.7468,0
GH00063,Brong-Ahafo,Rice,3.39,17,4,0,0,0,2,0,0,0.85,2603,3380,0.69,0
GH00064,Ashanti,Cocoa,0.66,5,6,0,0,0,2,0,0,0.822,590,685,0.5255,1
GH00065,Brong-Ahafo,Maize,0.95,10,3,0,0,0,0,0,0,0.804,287,344,0.2343,0
GH00066,Central,Maize,4.26,22,7,1,1,0,1,0,0,0.689,1319,1674,0.894,1
GH00067,Northern,Yam,2.65,24,8,0,0,0,2,0,1,0.668,3466,4525,0.1811,0
GH00068,Northern,Yam,1.18,3,3,1,0,0,2,0,0,0.68,1416,1024,0.329,1
GH00069,Volta,Yam,4.23,4,8,1,0,1,2,0,1,0.842,5222,6466,0.7911,1
GH00070,Northern,Yam,4.24,24,8,1,1,0,2,0,1,0.692,4166,5995,0.8247,0
GH00071,Northern,Rice,2.2,27,5,0,0,0,3,0,1,0.651,979,567,0.417,1
GH00072,Ashanti,Plantain,0.97,8,7,1,1,0,1,0,0,0.8,499,179,0.528,1
GH00073,Ashanti,Cocoa,1.36,37,2,1,1,0,2,0,0,0.809,832,322,0.7751,0
GH00074,Northern,Maize,2.23,34,10,0,0,0,2,1,1,0.589,716,401,0.5656,1
GH00075,Eastern,Cassava,1.6,37,6,1,1,0,2,0,0,0.711,543,762,0.7044,0
GH00076,Volta,Cassava,3.52,5,7,1,0,0,1,0,0,0.919,2154,974,0.7568,1
GH00077,Brong-Ahafo,Yam,0.62,24,7,1,0,0,2,0,0,0.83,649,777,0.4868,1
GH00078,Ashanti,Cassava,0.64,26,6,1,1,0,2,0,1,0.835,360,483,0.904,1
GH00079,Eastern,Maize,2.07,27,9,0,1,1,2,0,0,0.83,646,874,0.7674,0
GH00080,Brong-Ahafo,Rice,1.29,29,6,1,1,0,1,0,0,0.81,1039,831,0.8305,1
GH00081,Ashanti,Cassava,1.17,29,9,1,0,0,2,1,0,0.736,573,512,0.4601,1
GH00082,Upper East,Yam,0.53,22,6,1,0,0,3,0,1,0.636,656,451,0.724,0
GH00083,Ashanti,Plantain,1.85,11,4,0,1,0,3,0,1,0.927,1043,497,0.818,1
GH00084,Northern,Yam,1.76,28,9,1,0,0,2,0,1,0.581,2018,1119,0.4769,0
GH00085,Central,Plantain,2.88,16,7,0,0,0,2,0,1,0.727,1428,659,0.6342,1
GH00086,Brong-Ahafo,Cassava,1.91,18,7,1,0,0,0,0,1,0.687,1025,809,0.3413,0
GH00087,Eastern,Maize,1.66,40,12,1,1,0,1,1,1,0.757,459,232,0.8042,1
GH00088,Upper West,Yam,4.15,36,3,0,0,0,0,0,0,0.512,2724,2136,0.5752,0
GH00089,Eastern,Maize,0.73,6,5,1,0,0,2,1,1,0.751,147,194,0.6512,1
GH00090,Upper West,Maize,2.65,17,4,1,0,0,1,0,1,0.538,717,778,0.4867,0
GH00091,Brong-Ahafo,Rice,0.57,24,7,1,1,0,2,0,1,0.75,288,315,0.881,1
GH00092,Upper West,Maize,1.01,40,8,1,0,0,2,1,1,0.549,274,349,0.4216,0
GH00093,Brong-Ahafo,Rice,0.78,10,11,1,1,0,3,1,0,0.747,519,181,0.7104,1
GH00094,Upper East,Rice,3.15,34,5,0,0,0,2,0,1,0.633,2513,3150,0.5132,0
GH00095,Northern,Maize,1.74,36,8,0,0,0,2,0,0,0.538,499,267,0.2989,0
GH00096,Western,Cocoa,1.8,41,9,1,0,0,2,0,1,0.883,798,571,0.8703,1
GH00097,Eastern,Cocoa,0.84,25,7,1,1,0,1,0,0,0.767,631,423,0.5739,1
GH00098,Ashanti,Plantain,1.48,25,4,0,0,0,0,1,1,0.825,679,290,0.4956,1
GH00099,Ashanti,Maize,1.07,25,6,1,1,0,0,0,1,0.758,159,100,0.398,0
GH00100,Volta,Cassava,2.38,20,11,1,1,0,1,0,0,0.808,1134,1642,0.8002,1
GH00101,Northern,Yam,0.91,40,12,0,0,0,3,0,1,0.65,987,1007,0.4729,1
GH00102,Upper West,Maize,4.62,26,7,0,0,1,0,0,1,0.689,1178,1023,0.5123,1
GH00103,Brong-Ahafo,Rice,0.56,32,9,0,1,1,2,0,0,0.748,411,497,0.6721,1
GH00104,Central,Maize,1.04,39,4,0,1,0,1,0,1,0.74,297,379,0.8447,1
GH00105,Ashanti,Maize,5.89,26,4,0,1,0,3,0,0,0.839,1478,639,0.8701,0
GH00106,Western,Cocoa,1.34,28,10,1,0,0,1,0,1,0.886,895,1064,0.4168,1
GH00107,Upper East,Yam,0.73,33,3,0,0,1,1,0,1,0.656,541,768,0.5202,0
GH00108,Western,Cassava,2.12,12,4,1,0,0,1,1,1,0.83,998,1001,0.5655,0
GH00109,Brong-Ahafo,Yam,1.31,6,5,1,1,1,2,0,1,0.645,1818,1885,0.7428,0
GH00110,Northern,Rice,1.02,34,6,1,0,0,1,0,1,0.815,856,1151,0.644,0
GH00111,Upper East,Maize,0.85,20,6,0,0,0,2,1,1,0.517,249,278,0.2593,0
GH00112,Central,Maize,12.65,17,5,1,0,0,2,1,0,0.697,3059,4571,0.7849,1
GH00113,Volta,Cassava,1.53,36,10,0,0,0,1,0,0,0.837,740,473,0.4174,0
GH00114,Western,Cocoa,0.47,12,9,0,0,1,0,0,0,0.784,316,415,0.5633,0
GH00115,Volta,Maize,5.18,12,5,1,0,0,2,0,1,0.699,1689,1748,0.6323,1
GH00116,Upper East,Maize,2.79,11,5,0,0,0,1,0,1,0.575,960,709,0.1774,0
GH00117,Brong-Ahafo,Rice,1.07,35,7,0,1,0,3,0,1,0.739,788,1071,0.7913,1
GH00118,Central,Maize,0.95,6,7,0,0,0,0,0,1,0.761,262,392,0.2352,0
GH00119,Western,Cocoa,2.92,24,5,1,0,0,2,0,0,0.987,1964,726,0.5036,1
GH00120,Ashanti,Plantain,1.53,26,5,0,1,0,2,1,0,0.816,889,1254,0.6927,0
GH00121,Upper East,Yam,0.47,30,5,0,0,0,2,0,1,0.513,518,282,0.4006,1
GH00122,Upper East,Yam,6.37,41,4,1,0,0,1,1,1,0.663,6305,3444,0.5398,1
GH00123,Northern,Rice,1.34,14,5,1,0,0,3,1,0,0.577,1305,457,0.5632,0
GH00124,Western,Cassava,5.19,33,7,1,0,0,2,1,1,0.831,3007,4230,0.804,1
GH00125,Central,Plantain,4.46,35,7,0,0,0,2,0,0,0.778,1901,2303,0.5327,0
GH00126,Central,Cassava,0.9,13,8,1,1,1,2,0,0,0.857,473,172,0.5557,1
GH00127,Ashanti,Maize,3.76,25,5,1,1,0,2,0,1,0.768,1007,1068,0.8181,0
GH00128,Eastern,Maize,1.15,41,8,0,1,0,3,0,1,0.763,256,114,0.815,0
GH00129,Brong-Ahafo,Rice,0.49,22,2,1,1,0,3,0,0,0.762,379,455,0.5654,1
GH00130,Central,Maize,1.35,30,6,0,1,0,1,1,0,0.855,460,364,0.5906,0
GH00131,Volta,Yam,2.41,24,8,1,0,0,1,0,1,0.806,2961,1072,0.74,1
GH00132,Western,Cassava,1.32,34,7,1,0,0,3,0,1,0.757,820,1062,0.8683,1
GH00133,Brong-Ahafo,Yam,1.47,9,6,1,1,0,1,1,0,0.696,1713,1691,0.6877,1
GH00134,Eastern,Cocoa,4.06,14,7,0,1,0,3,0,1,0.909,2984,3663,0.6631,1
GH00135,Western,Cassava,1.96,6,9,0,0,0,2,0,1,0.777,905,1004,0.4873,0
GH00136,Ashanti,Cassava,1.01,11,6,0,0,0,0,0,1,0.854,590,485,0.6558,1
GH00137,Ashanti,Cassava,2.98,15,8,0,0,0,1,0,1,0.882,1049,1194,0.3897,1
GH00138,Brong-Ahafo,Yam,2.09,25,12,1,1,0,1,0,1,0.619,1824,579,0.6353,0
GH00139,Northern,Rice,0.31,12,7,1,1,0,2,0,1,0.602,307,217,0.5829,1
GH00140,Brong-Ahafo,Cassava,2.46,4,6,1,1,0,1,0,1,0.845,1164,1436,0.517,1
GH00141,Western,Plantain,2.4,30,2,1,0,0,1,1,1,0.838,1364,1658,0.8647,1
GH00142,Eastern,Cassava,1.85,31,5,0,0,0,3,0,0,0.783,901,1230,0.58,1
GH00143,Northern,Yam,3.4,38,6,1,1,0,0,1,0,0.701,3804,3931,0.517,1
GH00144,Brong-Ahafo,Rice,1.14,8,8,0,0,0,2,0,1,0.838,639,914,0.4667,0
GH00145,Greater Accra,Cassava,2.31,18,5,0,1,0,2,1,0,0.811,1521,1474,0.8735,1
GH00146,Upper East,Maize,0.61,21,11,1,0,0,0,0,1,0.706,131,118,0.5363,1
GH00147,Upper West,Rice,2.42,12,4,0,1,0,0,1,0,0.467,1426,765,0.7278,1
GH00148,Upper West,Rice,7.15,26,7,1,1,0,1,0,1,0.489,7202,8892,0.6392,1
GH00149,Northern,Yam,0.91,25,5,0,1,0,0,0,1,0.599,917,1037,0.6962,1
GH00150,Volta,Maize,1.07,3,6,1,1,0,1,0,0,0.703,279,238,0.7618,0
GH00151,Upper West,Yam,1.11,28,8,1,0,0,2,0,0,0.587,1470,595,0.4866,1
GH00152,Upper West,Rice,2.0,20,5,1,1,0,2,0,1,0.567,1857,837,0.6442,0
GH00153,Ashanti,Maize,0.87,30,3,0,1,0,2,1,0,0.707,220,100,0.8364,1
GH00154,Ashanti,Cocoa,2.45,38,6,0,1,0,1,0,0,0.817,1682,1263,0.7414,1
GH00155,Brong-Ahafo,Rice,3.3,12,6,1,1,0,0,1,0,0.703,3247,1594,0.8172,0
GH00156,Upper East,Yam,2.65,20,8,0,0,1,1,1,1,0.64,2156,2874,0.6671,0
GH00157,Eastern,Cocoa,0.53,29,11,1,0,0,1,1,0,0.837,482,665,0.6525,0
GH00158,Eastern,Maize,3.66,40,3,0,1,0,3,0,1,0.747,926,1230,0.7788,1
GH00159,Volta,Cassava,3.51,22,6,1,0,0,1,0,0,0.774,1522,1569,0.5214,1
GH00160,Volta,Cassava,3.26,27,7,1,0,0,1,0,1,0.869,2084,2117,0.732,1
GH00161,Volta,Maize,2.37,23,12,0,1,0,2,0,1,0.691,754,1032,0.5989,1
GH00162,Central,Plantain,2.13,7,10,1,0,0,2,0,1,0.748,692,545,0.6095,1
GH00163,Upper East,Yam,3.75,12,7,1,0,0,3,0,1,0.507,3699,1386,0.411,0
GH00164,Brong-Ahafo,Maize,7.0,15,6,1,1,0,1,0,1,0.711,1513,1308,0.6519,1
GH00165,Brong-Ahafo,Yam,0.94,37,4,1,0,0,0,0,1,0.789,1099,1060,0.7478,1
GH00166,Brong-Ahafo,Yam,3.88,41,5,1,1,0,1,0,0,0.82,5256,5042,0.8278,1
GH00167,Central,Plantain,1.72,3,6,0,1,1,0,0,0,0.982,960,471,0.5834,1
GH00168,Eastern,Plantain,1.66,21,7,1,1,0,2,0,1,0.884,710,880,0.8977,1
GH00169,Volta,Yam,0.62,23,7,1,0,1,3,0,0,0.679,736,867,0.5413,1
GH00170,Ashanti,Plantain,1.49,40,7,1,1,0,2,0,0,0.809,743,428,0.8252,1
GH00171,Upper East,Yam,0.91,5,5,0,0,0,0,1,1,0.412,904,869,0.4233,1
GH00172,Northern,Maize,1.32,30,7,0,0,0,0,1,0,0.59,331,413,0.4557,1
GH00173,Central,Plantain,0.84,25,3,0,1,0,3,1,0,0.802,432,134,0.8676,1
GH00174,Greater Accra,Maize,1.33,2,4,1,1,0,2,0,1,0.63,364,229,0.8575,1
GH00175,Central,Cassava,1.37,25,4,1,0,0,3,0,1,1.0,373,323,0.6133,1
GH00176,Northern,Rice,1.95,31,9,0,0,0,2,1,1,0.605,1588,2087,0.2558,0
GH00177,Eastern,Plantain,0.59,13,3,0,1,0,3,1,0,0.656,289,364,0.5988,1
GH00178,Brong-Ahafo,Maize,0.66,20,8,1,0,0,3,1,1,0.708,196,100,0.5803,0
GH00179,Ashanti,Maize,2.35,38,4,1,1,0,1,0,0,0.897,390,334,0.7528,0
GH00180,Northern,Rice,1.04,41,6,1,0,0,2,0,1,0.788,929,618,0.8736,1
GH00181,Volta,Maize,3.87,5,9,1,1,0,1,1,0,0.735,1080,844,0.9239,1
GH00182,Central,Maize,2.13,16,6,0,1,0,1,0,0,0.798,650,617,0.439,0
GH00183,Upper East,Maize,2.79,21,4,1,1,0,1,0,0,0.663,522,469,0.6775,0
GH00184,Upper East,Rice,4.89,21,4,1,1,0,1,0,0,0.573,2983,1402,0.6694,1
GH00185,Western,Plantain,1.47,22,10,1,0,0,0,0,1,0.887,463,207,0.6704,1
GH00186,Volta,Maize,1.22,11,5,1,0,1,0,0,0,0.797,348,159,0.3872,0
GH00187,Northern,Yam,3.35,31,6,1,1,0,2,0,0,0.549,3144,4117,0.8191,1
GH00188,Upper East,Yam,2.6,25,5,1,1,0,3,0,0,0.708,2545,824,0.8084,1
GH00189,Volta,Cassava,1.6,41,5,0,1,0,2,0,0,0.71,606,329,0.6046,1
GH00190,Eastern,Plantain,4.83,41,4,1,0,0,1,0,1,0.774,1845,2670,0.8607,1
GH00191,Central,Cassava,1.57,39,7,1,1,0,1,0,0,0.848,413,157,0.5942,0
GH00192,Ashanti,Plantain,1.86,4,7,1,1,0,1,1,1,0.9,685,235,0.587,0
GH00193,Volta,Yam,1.85,30,4,1,0,0,2,0,1,0.804,1622,1240,0.7358,0
GH00194,Upper West,Yam,0.95,9,8,1,0,0,2,0,1,0.606,843,406,0.5558,1
GH00195,Ashanti,Cocoa,1.92,30,9,1,1,0,1,0,1,0.858,1336,1308,0.7744,1
GH00196,Northern,Maize,4.84,11,10,0,1,0,2,0,0,0.701,1548,1093,0.6698,1
GH00197,Greater Accra,Maize,2.49,6,4,1,1,0,2,0,0,0.816,596,328,0.6143,0
GH00198,Ashanti,Maize,1.86,12,5,0,1,0,0,0,0,0.7,567,850,0.6788,1
GH00199,Western,Cocoa,1.63,5,9,1,1,0,1,0,0,0.812,1329,943,0.7338,0
GH00200,Brong-Ahafo,Maize,2.3,36,4,1,1,0,2,0,0,0.803,785,839,0.9174,1
GH00201,Ashanti,Cassava,3.08,41,2,0,0,0,2,0,0,0.75,1775,2394,0.326,0
GH00202,Northern,Yam,2.79,13,9,1,1,0,0,0,0,0.51,2854,4015,0.4508,0
GH00203,Upper East,Maize,1.44,22,5,1,0,0,1,1,1,0.541,313,248,0.4884,0
GH00204,Ashanti,Plantain,2.29,17,5,0,1,0,2,0,1,0.819,1217,1791,0.7759,1
GH00205,Upper East,Yam,2.55,15,5,1,0,0,1,1,0,0.654,2377,2780,0.7678,1
GH00206,Northern,Maize,0.9,22,8,1,1,0,2,1,0,0.498,319,319,0.6385,1
GH00207,Ashanti,Plantain,2.05,28,5,1,1,0,0,1,0,0.853,1052,1191,0.8537,1
GH00208,Brong-Ahafo,Rice,0.4,37,9,0,0,0,1,1,0,0.842,314,230,0.7699,1
GH00209,Northern,Rice,2.55,2,6,0,0,0,1,0,0,0.57,2650,2145,0.3179,0
GH00210,Central,Maize,2.89,2,6,1,0,0,3,0,1,0.797,725,728,0.7156,1
GH00211,Western,Cocoa,3.07,23,5,1,1,0,2,1,0,0.688,2165,1499,0.548,0
GH00212,Upper West,Rice,1.38,16,4,1,0,0,3,0,0,0.68,1567,1916,0.74,1
GH00213,Western,Plantain,2.26,21,7,1,1,0,1,0,1,0.914,1200,722,0.7598,1
GH00214,Brong-Ahafo,Cassava,4.94,4,5,0,0,0,2,0,0,0.778,3177,3991,0.7802,1
GH00215,Western,Cassava,4.9,15,9,1,0,0,2,0,0,0.734,3346,1615,0.4375,1
GH00216,Eastern,Cocoa,1.79,10,6,1,0,0,1,0,1,0.888,1124,630,0.6835,1
GH00217,Central,Cassava,2.01,20,6,0,1,0,3,0,1,0.82,1247,1501,0.8042,0
GH00218,Ashanti,Maize,3.97,41,5,0,1,0,2,1,0,0.543,1028,633,0.3875,1
GH00219,Ashanti,Cocoa,0.64,35,8,0,0,0,3,0,1,0.897,636,798,0.8334,1
GH00220,Upper East,Rice,1.45,5,5,0,0,0,3,0,1,0.678,1514,1878,0.5257,0
GH00221,Eastern,Plantain,4.64,34,4,0,0,0,2,0,1,0.932,2686,1635,0.4606,1
GH00222,Brong-Ahafo,Maize,3.61,38,9,1,0,0,3,0,0,0.628,1211,470,0.6802,1
GH00223,Northern,Maize,2.36,3,6,1,0,0,1,0,0,0.462,564,282,0.4109,0
GH00224,Brong-Ahafo,Yam,0.64,28,6,1,1,0,2,0,1,0.717,867,1043,0.7579,1
GH00225,Northern,Yam,1.76,18,6,1,1,0,1,1,0,0.676,1453,1913,0.6378,0
GH00226,Central,Cassava,1.21,32,7,0,1,0,2,1,0,0.765,687,522,0.7243,1
GH00227,Volta,Yam,2.3,7,5,1,1,1,2,0,0,0.623,1987,988,0.8089,1
GH00228,Volta,Maize,1.03,32,2,1,0,0,2,1,1,0.788,335,131,0.8577,0
GH00229,Greater Accra,Cassava,0.89,4,8,1,1,0,2,0,0,0.837,630,352,0.6639,0
GH00230,Central,Cassava,0.43,41,3,1,1,0,1,0,1,0.89,246,363,0.8621,1
GH00231,Eastern,Plantain,4.29,4,7,0,1,1,2,1,1,0.826,2298,1159,0.786,1
GH00232,Upper West,Yam,1.38,34,3,0,1,0,0,0,1,0.597,1359,548,0.4684,0
GH00233,Central,Plantain,2.03,14,5,1,1,0,0,0,1,0.845,1044,1297,0.7375,1
GH00234,Brong-Ahafo,Maize,1.82,22,3,1,1,0,2,0,1,0.701,471,489,0.6865,1
GH00235,Ashanti,Cassava,0.86,38,6,0,0,0,2,0,0,0.778,599,564,0.3825,1
GH00236,Greater Accra,Maize,0.75,17,7,0,1,1,1,0,1,0.727,241,202,0.3652,1
GH00237,Greater Accra,Maize,0.9,22,4,1,1,0,1,0,0,0.854,232,265,0.6864,0
GH00238,Volta,Cassava,1.1,14,5,0,1,0,1,0,0,0.88,584,665,0.6864,1
GH00239,Brong-Ahafo,Cassava,2.36,5,10,0,0,0,2,0,1,0.74,1962,1588,0.6061,1
GH00240,Eastern,Cassava,1.04,32,5,0,0,0,2,0,0,0.964,576,335,0.6309,1
GH00241,Upper West,Yam,6.19,10,8,0,1,1,0,1,1,0.64,8053,10000,0.5396,1
GH00242,Volta,Cassava,3.74,34,10,0,0,0,2,1,0,0.801,1737,864,0.5875,0
GH00243,Eastern,Maize,3.21,38,11,1,0,0,1,0,1,0.817,975,917,0.5327,0
GH00244,Eastern,Plantain,1.68,38,9,0,1,0,2,0,0,0.903,741,838,0.8771,1
GH00245,Central,Cassava,5.26,25,5,0,1,0,0,0,1,0.804,2466,2630,0.6488,0
GH00246,Western,Cocoa,1.56,26,11,0,1,0,3,0,1,0.904,1275,1329,0.6625,1
GH00247,Ashanti,Cassava,1.78,30,8,0,1,0,0,0,1,0.899,767,840,0.7952,1
GH00248,Western,Cassava,2.05,41,8,1,0,0,2,0,0,0.81,820,1108,0.6694,0
GH00249,Upper East,Yam,2.98,37,2,1,1,0,2,1,0,0.585,3416,2523,0.8815,1
GH00250,Northern,Rice,2.85,16,10,1,0,0,0,0,0,0.574,2083,2193,0.2547,0
GH00251,Ashanti,Plantain,1.31,19,8,0,1,0,0,0,0,0.786,623,708,0.5508,1
GH00252,Greater Accra,Cassava,1.25,21,8,1,1,0,1,0,0,0.837,420,424,0.7684,1
GH00253,Eastern,Cassava,2.85,6,3,1,0,0,2,1,0,0.743,1116,1544,0.2677,0
GH00254,Brong-Ahafo,Maize,3.01,19,4,1,1,0,0,0,1,0.725,872,947,0.6481,1
GH00255,Upper East,Yam,1.38,41,11,1,1,0,2,1,0,0.611,1326,1073,0.6874,1
GH00256,Western,Cocoa,0.6,2,6,0,0,0,2,0,1,0.894,500,657,0.4897,1
GH00257,Northern,Yam,1.58,20,5,0,1,1,1,1,1,0.57,1306,1159,0.7039,1
GH00258,Upper East,Rice,2.82,24,8,0,1,0,0,0,0,0.536,2208,2067,0.4947,1
GH00259,Ashanti,Cassava,6.45,27,3,1,1,0,3,0,1,0.883,3418,3414,0.8474,1
GH00260,Eastern,Cocoa,0.79,30,5,0,1,0,1,1,1,0.786,535,368,0.8696,1
GH00261,Ashanti,Cassava,1.35,35,5,1,1,0,0,0,1,0.881,793,925,0.9371,1
GH00262,Northern,Yam,1.39,20,5,1,1,0,2,0,0,0.576,1097,458,0.4137,0
GH00263,Western,Plantain,4.71,19,5,0,1,0,1,1,0,0.88,2617,3514,0.7354,1
GH00264,Upper East,Rice,1.78,3,4,0,0,0,1,0,0,0.645,1770,2134,0.4437,1
GH00265,Ashanti,Maize,0.97,28,4,0,1,0,0,0,0,0.553,225,163,0.427,0
GH00266,Central,Maize,2.69,7,7,1,0,0,3,0,1,0.859,806,461,0.6897,1
GH00267,Northern,Maize,1.37,40,9,1,1,0,1,0,1,0.719,407,312,0.72,1
GH00268,Eastern,Cassava,0.77,7,6,1,0,0,3,0,1,0.79,452,572,0.4677,0
GH00269,Volta,Maize,0.98,7,5,1,0,0,1,0,1,0.758,272,100,0.4073,1
GH00270,Upper West,Yam,6.13,32,4,1,1,0,1,0,1,0.543,7932,6833,0.4106,0
GH00271,Northern,Rice,2.38,41,8,1,0,0,3,0,1,0.664,2741,1658,0.7093,0
GH00272,Eastern,Maize,1.96,31,11,1,0,0,1,0,1,0.962,612,826,0.7233,1
GH00273,Brong-Ahafo,Rice,1.53,22,5,0,1,1,1,0,1,0.574,1317,1049,0.5584,1
GH00274,Ashanti,Plantain,2.24,19,5,0,0,0,0,0,1,0.785,1132,1288,0.4504,0
GH00275,Central,Plantain,2.22,24,6,0,1,1,3,0,0,0.914,825,602,0.5854,0
GH00276,Eastern,Cocoa,2.24,39,8,0,1,0,0,0,1,0.936,1129,785,0.7936,1
GH00277,Upper East,Maize,1.97,24,5,1,0,0,2,0,1,0.454,421,291,0.4775,0
GH00278,Upper East,Yam,3.35,29,7,0,1,0,2,1,1,0.534,3556,3961,0.7858,1
GH00279,Ashanti,Cassava,1.85,37,7,1,1,0,0,1,0,0.769,934,1361,0.7701,0
GH00280,Eastern,Cassava,0.92,26,11,1,0,0,0,0,0,0.763,631,347,0.3678,0
GH00281,Brong-Ahafo,Maize,1.19,8,4,1,0,0,3,0,0,0.721,165,177,0.4558,0
GH00282,Brong-Ahafo,Yam,0.46,19,13,1,1,0,2,0,1,0.636,467,289,0.8415,0
GH00283,Volta,Maize,7.53,21,5,0,0,0,2,0,1,0.71,2271,2178,0.8251,0
GH00284,Ashanti,Cocoa,3.33,6,7,1,1,0,1,1,1,0.76,2771,2632,0.5965,1
GH00285,Eastern,Plantain,1.02,19,6,0,1,0,1,0,1,0.819,529,444,0.7643,0
GH00286,Brong-Ahafo,Yam,1.5,41,6,0,1,0,2,0,0,0.694,1622,1457,0.4993,1
GH00287,Volta,Maize,1.17,34,7,1,0,0,2,0,0,0.716,336,456,0.4916,1
GH00288,Northern,Rice,5.36,16,5,1,0,0,2,1,1,0.552,4723,1919,0.6978,1
GH00289,Brong-Ahafo,Maize,0.67,36,3,0,0,0,1,1,0,0.806,185,240,0.6789,1
GH00290,Northern,Maize,1.97,2,6,1,0,0,3,0,1,0.589,778,665,0.4021,0
GH00291,Upper East,Rice,1.69,22,6,1,0,0,0,1,1,0.586,1527,1069,0.6901,0
GH00292,Western,Cocoa,3.25,9,4,0,0,0,0,0,1,0.848,2384,1222,0.6612,0
GH00293,Brong-Ahafo,Maize,1.69,8,10,0,1,0,3,1,0,0.731,400,511,0.7211,1
GH00294,Volta,Yam,0.53,41,4,0,1,1,2,0,1,0.75,498,503,0.7037,1
GH00295,Western,Cocoa,1.53,41,5,1,0,0,1,1,0,0.924,1406,1651,0.7231,1
GH00296,Volta,Cassava,0.92,31,4,1,1,1,2,0,1,0.757,243,165,0.9101,1
GH00297,Northern,Yam,1.93,39,6,1,0,0,1,0,1,0.577,1968,1518,0.8052,1
GH00298,Northern,Maize,4.97,36,5,1,1,0,0,0,1,0.618,1372,1916,0.5918,0
GH00299,Eastern,Maize,0.54,3,6,1,1,0,2,0,1,0.716,165,240,0.728,1
GH00300,Upper West,Rice,1.04,9,4,1,1,0,1,0,0,0.604,887,1054,0.6718,0
GH00301,Northern,Yam,1.24,39,3,0,1,0,0,1,0,0.551,1629,1954,0.4435,1
GH00302,Upper East,Maize,1.39,5,8,0,0,0,1,0,1,0.649,393,445,0.4874,0
GH00303,Eastern,Cassava,3.06,38,7,0,1,0,1,0,0,0.753,1586,1593,0.872,1
GH00304,Upper East,Yam,1.61,22,5,0,0,0,0,0,1,0.681,1932,1959,0.5176,1
GH00305,Volta,Yam,2.44,14,2,1,0,0,3,0,0,0.745,3214,4681,0.6738,0
GH00306,Brong-Ahafo,Maize,1.18,10,9,1,1,0,2,1,0,0.798,372,447,0.6422,1
GH00307,Volta,Yam,2.14,30,4,0,0,0,1,1,1,0.689,2594,2818,0.5609,0
GH00308,Northern,Maize,3.14,25,10,0,0,0,2,1,0,0.458,833,439,0.342,0
GH00309,Volta,Cassava,1.09,17,6,1,0,0,2,1,1,0.648,587,864,0.557,1
GH00310,Eastern,Cassava,3.15,13,5,1,0,1,2,1,1,1.0,2145,1983,0.8191,0
GH00311,Eastern,Plantain,1.89,3,7,0,1,0,1,0,0,0.777,1053,1508,0.5471,1
GH00312,Volta,Yam,3.79,20,9,1,0,0,0,0,1,0.838,3635,4203,0.4886,0
GH00313,Brong-Ahafo,Rice,1.58,31,5,1,1,0,2,1,1,0.646,1288,448,0.8096,0
GH00314,Volta,Maize,2.38,17,5,1,1,0,1,0,1,0.744,797,755,0.7765,1
GH00315,Greater Accra,Maize,1.77,25,5,0,0,0,0,1,0,0.843,602,825,0.2703,0
GH00316,Northern,Rice,1.7,14,10,1,0,0,2,1,1,0.862,1145,415,0.7913,1
GH00317,Central,Maize,2.18,6,7,0,1,0,0,0,1,0.765,649,870,0.6004,1
GH00318,Northern,Maize,2.65,24,4,1,0,0,3,0,1,0.558,734,760,0.6493,1
GH00319,Central,Cassava,0.76,39,4,1,1,0,3,0,1,0.868,394,139,0.9251,1
GH00320,Ashanti,Cocoa,4.97,32,4,0,1,0,2,1,0,0.761,4440,3323,0.8549,1
GH00321,Brong-Ahafo,Cassava,0.5,18,4,1,0,0,2,1,1,0.813,250,100,0.7975,1
GH00322,Ashanti,Cassava,1.13,4,4,1,1,0,1,0,0,0.811,525,159,0.6859,0
GH00323,Western,Cassava,1.71,27,7,1,1,0,2,1,0,0.78,751,1033,0.8099,1
GH00324,Western,Cocoa,2.43,14,3,0,0,0,2,0,1,0.9,1655,1983,0.4889,0
GH00325,Eastern,Cassava,5.49,39,5,1,1,0,0,0,1,0.824,2458,1591,0.7368,1
GH00326,Upper East,Yam,0.5,23,7,1,0,0,3,0,0,0.646,417,182,0.5698,0
GH00327,Central,Plantain,1.28,22,5,0,0,0,3,0,1,0.982,530,194,0.686,1
GH00328,Upper East,Rice,0.41,30,3,1,0,0,3,0,0,0.545,277,388,0.5606,0
GH00329,Upper West,Rice,1.86,40,3,1,0,0,2,0,0,0.577,1277,1342,0.3903,0
GH00330,Western,Plantain,2.2,6,3,0,0,0,1,0,0,0.742,1197,590,0.1159,1
GH00331,Eastern,Cocoa,5.55,15,8,1,1,0,1,1,0,0.877,2381,2661,0.801,1
GH00332,Upper West,Maize,1.98,19,7,1,1,0,0,0,0,0.538,472,707,0.2957,0
GH00333,Brong-Ahafo,Rice,3.78,5,3,1,0,0,0,0,1,0.778,3000,3737,0.6181,1
GH00334,Western,Plantain,2.74,34,5,0,0,0,1,0,1,0.943,1698,1419,0.8509,1
GH00335,Ashanti,Plantain,1.34,40,4,1,1,0,2,1,1,0.77,642,820,0.9018,1
GH00336,Northern,Rice,0.68,21,6,1,1,0,2,0,1,0.597,534,637,0.6403,1
GH00337,Upper East,Yam,2.21,14,6,0,1,0,1,1,1,0.666,2188,889,0.4951,1
GH00338,Upper East,Maize,0.64,37,6,1,0,1,2,0,1,0.622,113,159,0.636,1
GH00339,Brong-Ahafo,Maize,4.51,5,5,1,0,0,1,0,1,0.778,1416,1927,0.5851,1
GH00340,Western,Plantain,1.63,36,3,1,1,0,2,0,1,0.819,923,931,0.91,1
GH00341,Brong-Ahafo,Maize,4.21,9,7,0,1,0,3,0,1,0.615,1359,1236,0.6363,0
GH00342,Northern,Maize,1.3,41,9,1,0,0,2,0,1,0.558,542,311,0.5791,1
GH00343,Brong-Ahafo,Cassava,2.2,37,10,0,0,0,0,0,0,0.699,855,1113,0.5298,1
GH00344,Central,Maize,2.11,7,3,0,1,0,1,0,1,0.837,411,336,0.8139,0
GH00345,Northern,Yam,1.77,23,7,1,0,0,2,1,0,0.658,2036,2026,0.6576,0
GH00346,Eastern,Cassava,1.35,7,7,1,0,0,2,0,0,0.767,661,333,0.5389,0
GH00347,Brong-Ahafo,Yam,2.4,37,10,0,1,0,3,0,0,0.716,1942,1081,0.4129,0
GH00348,Brong-Ahafo,Yam,0.95,10,4,1,0,0,0,0,1,0.788,903,1338,0.3621,0
GH00349,Eastern,Plantain,0.78,17,7,1,0,0,1,1,0,0.799,345,308,0.4115,1
GH00350,Upper West,Yam,4.35,40,3,0,1,0,1,0,1,0.564,5897,7542,0.6526,0
GH00351,Volta,Yam,3.03,39,7,1,1,0,2,0,0,0.908,4436,5748,0.7145,0
GH00352,Ashanti,Cocoa,1.91,34,5,1,1,0,2,0,1,0.791,907,1340,0.7746,1
GH00353,Eastern,Cocoa,5.85,19,8,1,1,0,0,0,0,0.888,2909,4304,0.6103,0
GH00354,Ashanti,Maize,1.51,13,9,1,1,0,1,0,0,0.796,355,301,0.5451,0
GH00355,Ashanti,Plantain,4.6,28,5,1,1,0,2,0,0,0.703,1999,2879,0.5037,0
GH00356,Upper East,Rice,2.06,2,6,0,0,0,3,1,0,0.531,1410,1041,0.4149,1
GH00357,Northern,Yam,0.89,16,3,0,1,0,1,1,1,0.701,862,887,0.7657,1
GH00358,Brong-Ahafo,Rice,6.64,28,5,1,1,0,0,0,0,0.739,4898,6299,0.7426,1
GH00359,Brong-Ahafo,Cassava,3.65,17,5,1,1,0,2,0,1,0.663,1397,1951,0.7904,1
GH00360,Ashanti,Cassava,1.67,22,4,1,1,0,1,0,1,0.847,697,647,0.8292,0
GH00361,Volta,Yam,3.03,2,9,1,1,1,2,0,1,0.703,3999,3205,0.8035,1
GH00362,Western,Plantain,1.37,30,3,1,1,0,1,1,1,0.885,641,753,0.9197,1
GH00363,Brong-Ahafo,Rice,3.26,4,7,1,1,0,2,0,1,0.965,2425,2054,0.8678,1
GH00364,Brong-Ahafo,Maize,0.34,13,9,0,1,0,3,1,0,0.761,66,100,0.8261,0
GH00365,Volta,Cassava,0.89,29,9,1,1,0,1,0,0,0.829,424,536,0.4371,1
GH00366,Western,Cocoa,3.62,40,8,1,0,1,2,0,1,0.84,3045,3987,0.857,1
GH00367,Eastern,Maize,1.53,38,4,1,0,0,3,1,1,0.675,475,287,0.6571,1
GH00368,Ashanti,Maize,2.11,32,8,1,1,1,1,0,0,0.847,681,671,0.9116,1
GH00369,Ashanti,Cassava,0.71,32,4,0,1,0,0,0,0,0.767,283,100,0.6191,1
GH00370,Northern,Yam,6.64,34,10,1,1,1,2,0,1,0.617,5061,6363,0.8574,1
GH00371,Eastern,Maize,4.19,34,7,0,0,0,2,0,1,0.908,1426,642,0.6638,1
GH00372,Ashanti,Cocoa,1.58,41,8,1,1,0,1,0,0,0.808,1299,1748,0.7873,0
GH00373,Northern,Rice,1.37,12,3,1,0,0,1,1,1,0.732,1052,829,0.8372,1
GH00374,Ashanti,Plantain,3.75,30,6,0,0,0,2,1,1,0.856,2212,1108,0.836,1
GH00375,Upper West,Rice,7.3,26,8,1,0,0,0,1,0,0.566,4490,5635,0.7928,1
GH00376,Central,Maize,3.55,14,9,1,1,1,2,0,1,0.817,740,400,0.813,1
GH00377,Ashanti,Plantain,8.33,20,2,0,1,0,2,1,0,0.768,2840,2196,0.4799,0
GH00378,Northern,Rice,0.96,37,10,1,1,0,3,1,1,0.707,834,818,0.8917,1
GH00379,Eastern,Plantain,1.03,29,2,0,0,1,2,0,1,0.925,542,397,0.5694,1
GH00380,Western,Cassava,0.79,5,6,1,0,0,2,0,1,0.844,371,191,0.5523,0
GH00381,Northern,Maize,2.48,4,7,1,0,0,2,0,1,0.722,581,457,0.5229,1
GH00382,Brong-Ahafo,Maize,2.06,39,3,1,1,0,1,1,0,0.743,848,401,0.8307,1
GH00383,Upper East,Maize,1.64,38,2,0,0,1,2,0,1,0.638,432,502,0.7265,1
GH00384,Brong-Ahafo,Rice,3.21,26,8,1,0,0,2,0,0,0.986,3322,1680,0.526,1
GH00385,Volta,Cassava,4.32,36,5,1,1,0,2,1,1,0.978,2202,1935,0.9328,1
GH00386,Eastern,Cocoa,0.63,30,3,1,1,0,2,0,1,0.82,400,389,0.7995,1
GH00387,Northern,Yam,1.2,30,8,1,0,0,2,0,0,0.658,1552,2226,0.8457,1
GH00388,Ashanti,Maize,3.24,13,8,1,1,0,0,1,1,0.681,1041,410,0.5599,1
GH00389,Eastern,Plantain,1.31,36,6,1,1,0,3,0,1,0.889,657,931,0.8594,1
GH00390,Volta,Maize,1.04,21,4,0,1,0,1,1,1,0.761,354,195,0.8004,1
GH00391,Upper West,Yam,3.72,18,2,1,0,0,3,1,1,0.548,5640,7383,0.6425,0
GH00392,Brong-Ahafo,Yam,0.74,13,7,1,1,0,1,0,1,0.845,637,260,0.6544,1
GH00393,Brong-Ahafo,Yam,1.48,37,6,1,1,0,0,0,0,0.729,1633,2427,0.8489,1
GH00394,Upper West,Rice,2.29,11,7,1,0,0,3,0,0,0.568,1703,2161,0.5846,0
GH00395,Western,Cocoa,1.22,19,8,0,0,0,2,0,0,0.892,700,263,0.3589,1
GH00396,Ashanti,Cassava,3.15,31,5,1,1,0,2,0,0,0.778,1335,744,0.58,1
GH00397,Eastern,Plantain,1.22,9,3,1,1,0,0,0,0,0.822,811,777,0.7311,1
GH00398,Central,Plantain,4.88,14,10,1,1,0,3,1,0,0.99,1562,1450,0.8598,1
GH00399,Volta,Cassava,1.67,32,6,0,0,0,2,0,1,0.731,966,1019,0.6444,1
GH00400,Ashanti,Cocoa,2.92,7,6,0,0,0,1,0,0,0.889,1720,1473,0.4012,0
GH00401,Brong-Ahafo,Rice,3.07,8,10,1,1,0,3,1,1,0.703,3368,3978,0.8642,1
GH00402,Upper West,Yam,1.17,22,10,1,1,0,2,1,1,0.532,1115,801,0.8834,1
GH00403,Ashanti,Cocoa,0.43,39,6,1,1,0,0,1,1,0.828,281,144,0.9369,1
GH00404,Greater Accra,Cassava,2.35,29,5,1,1,1,2,0,0,1.0,1621,552,0.7973,0
GH00405,Eastern,Cocoa,1.92,22,13,1,1,0,2,0,0,0.898,1592,1098,0.9188,1
GH00406,Central,Cassava,2.69,22,7,0,1,0,3,0,0,0.877,1569,1274,0.7533,1
GH00407,Eastern,Cassava,1.55,25,5,1,1,0,1,1,1,0.773,945,1031,0.6853,1
GH00408,Northern,Rice,1.35,28,6,0,1,0,2,0,1,0.604,857,1086,0.6818,1
GH00409,Brong-Ahafo,Maize,7.43,28,5,1,1,1,2,0,1,0.611,2368,1393,0.8737,1
GH00410,Northern,Maize,0.65,14,9,0,0,0,0,0,0,0.759,173,154,0.3004,0
GH00411,Upper West,Yam,3.05,30,6,1,0,0,0,0,0,0.632,3296,1913,0.4728,1
GH00412,Upper West,Yam,1.22,40,8,1,1,0,2,0,0,0.625,1349,1944,0.7819,1
GH00413,Brong-Ahafo,Maize,1.44,29,8,0,1,1,2,0,1,0.746,311,335,0.8286,1
GH00414,Brong-Ahafo,Cassava,1.46,38,8,1,1,0,2,1,1,0.947,858,955,0.846,1
GH00415,Brong-Ahafo,Yam,1.04,30,7,1,0,0,2,0,1,0.774,1009,946,0.5971,1
GH00416,Eastern,Cassava,2.72,23,9,0,1,0,2,0,1,0.8,1074,685,0.6044,1
GH00417,Eastern,Cassava,4.82,37,5,1,0,0,2,1,1,0.959,2456,1328,0.832,0
GH00418,Upper East,Rice,2.53,31,3,1,0,0,0,0,1,0.575,2058,2239,0.6964,1
GH00419,Ashanti,Maize,1.96,29,8,0,1,0,0,1,0,0.63,608,855,0.7843,1
GH00420,Ashanti,Cocoa,0.91,24,6,0,0,0,2,0,0,0.713,335,186,0.4164,1
GH00421,Eastern,Cassava,2.62,34,3,0,0,0,2,0,0,0.8,1482,1461,0.7079,1
GH00422,Upper East,Rice,8.24,5,3,1,1,0,2,0,1,0.608,5991,5603,0.7626,1
GH00423,Brong-Ahafo,Maize,1.4,4,4,0,1,0,2,1,1,0.796,451,483,0.7213,1
GH00424,Upper East,Maize,1.4,33,8,0,0,0,2,1,1,0.492,388,390,0.7813,1
GH00425,Brong-Ahafo,Maize,1.23,5,7,0,1,0,0,1,1,0.712,319,200,0.6675,0
GH00426,Volta,Maize,1.29,2,4,0,1,0,2,0,0,0.665,345,390,0.4731,0
GH00427,Volta,Cassava,0.3,13,8,1,1,0,1,1,1,0.869,168,105,0.8662,1
GH00428,Central,Cassava,2.42,14,4,1,1,0,2,1,1,0.943,1501,1626,0.7483,1
GH00429,Brong-Ahafo,Rice,1.01,35,8,0,1,0,2,0,1,0.907,672,443,0.7118,1
GH00430,Eastern,Plantain,0.59,30,6,0,0,0,2,0,0,0.853,277,110,0.5525,0
GH00431,Brong-Ahafo,Yam,3.09,10,7,1,0,0,1,1,0,0.899,4030,1824,0.7351,1
GH00432,Upper East,Maize,0.85,32,5,0,0,0,1,0,0,0.51,219,285,0.3919,1
GH00433,Volta,Maize,1.44,8,5,0,0,0,1,0,1,0.747,429,191,0.266,1
GH00434,Upper East,Rice,5.09,14,8,0,0,0,2,1,1,0.5,3105,2163,0.3634,0
GH00435,Volta,Maize,0.68,3,2,0,0,0,1,0,0,0.776,124,100,0.3092,0
GH00436,Eastern,Maize,0.62,34,11,0,1,0,0,1,1,0.788,136,100,0.7609,1
GH00437,Brong-Ahafo,Rice,2.2,8,7,0,0,0,3,0,1,0.554,1536,1566,0.2544,0
GH00438,Upper East,Maize,4.07,19,5,0,0,0,2,0,1,0.654,1364,1717,0.675,0
GH00439,Eastern,Cocoa,0.61,9,7,1,0,0,0,0,1,0.903,529,789,0.622,1
GH00440,Upper East,Maize,2.42,13,3,1,0,0,2,0,1,0.521,413,588,0.5689,0
GH00441,Brong-Ahafo,Cassava,2.74,31,6,1,0,0,2,0,0,0.802,1283,461,0.6127,1
GH00442,Ashanti,Cassava,0.43,10,12,1,1,0,2,0,1,0.696,257,157,0.4676,0
GH00443,Western,Plantain,3.19,29,4,1,1,0,2,0,0,0.788,1574,1251,0.7853,1
GH00444,Brong-Ahafo,Yam,3.37,5,7,0,1,0,0,0,0,0.884,4419,5966,0.6321,0
GH00445,Western,Plantain,1.46,40,5,0,1,0,1,1,1,0.758,835,611,0.7883,1
GH00446,Western,Plantain,4.38,18,7,1,1,0,0,0,1,0.851,2089,2056,0.8616,1
GH00447,Upper West,Yam,4.04,12,4,0,1,0,1,0,0,0.498,3927,4286,0.4468,0
GH00448,Upper East,Yam,1.96,3,6,1,0,0,2,0,0,0.612,1953,1284,0.5132,0
GH00449,Northern,Rice,1.33,24,12,1,1,0,1,0,1,0.68,895,894,0.6656,1
GH00450,Volta,Cassava,0.92,23,4,0,0,0,2,0,0,0.838,574,207,0.5426,1
GH00451,Central,Plantain,1.77,27,7,1,1,0,2,1,0,0.887,1025,898,0.8916,1
GH00452,Greater Accra,Maize,2.72,13,6,0,1,0,1,1,0,0.929,823,621,0.5567,0
GH00453,Northern,Yam,1.45,33,6,1,0,0,0,0,0,0.591,1533,1114,0.5906,0
GH00454,Eastern,Plantain,0.39,10,6,1,0,0,1,1,1,0.74,157,100,0.7831,1
GH00455,Eastern,Cocoa,4.43,6,6,0,1,0,1,1,1,0.788,3441,4409,0.9015,1
GH00456,Central,Cassava,2.08,27,2,1,0,0,2,0,1,0.732,1120,1521,0.7093,1
GH00457,Northern,Yam,1.4,8,9,0,0,0,2,0,1,0.641,1976,2699,0.1475,1
GH00458,Volta,Yam,3.32,30,8,1,0,0,2,1,0,0.739,2481,1924,0.4426,1
GH00459,Brong-Ahafo,Cassava,5.3,34,4,1,0,0,2,1,0,0.818,2380,1454,0.6595,1
GH00460,Western,Cassava,0.3,25,5,0,1,0,1,0,0,0.711,108,100,0.7509,1
GH00461,Upper East,Rice,2.47,26,8,0,0,0,2,1,1,0.584,1913,2117,0.8174,1
GH00462,Volta,Maize,0.67,32,12,1,0,0,2,0,1,0.827,121,100,0.6033,1
GH00463,Northern,Rice,2.58,30,10,1,0,0,0,0,0,0.681,2585,1634,0.5002,0
GH00464,Upper West,Maize,1.99,6,9,0,0,0,3,1,1,0.438,673,502,0.139,0
GH00465,Ashanti,Cassava,2.84,39,4,1,0,0,0,1,1,0.814,1443,1393,0.8462,0
GH00466,Upper West,Rice,1.28,12,9,1,0,0,2,0,0,0.551,827,409,0.4305,1
GH00467,Ashanti,Plantain,0.49,33,9,0,1,0,2,0,0,0.826,172,250,0.6081,1
GH00468,Volta,Maize,1.33,9,5,1,0,0,2,1,0,0.7,317,374,0.4594,1
GH00469,Western,Cassava,2.42,21,5,1,0,1,3,0,1,0.979,1429,509,0.7787,1
GH00470,Central,Plantain,3.71,35,5,1,1,0,3,0,0,0.857,1576,1053,0.6725,0
GH00471,Brong-Ahafo,Cassava,0.8,9,7,0,1,0,2,0,0,0.805,580,209,0.4131,0
GH00472,Upper West,Yam,3.74,3,4,1,0,1,2,0,1,0.606,4894,2816,0.4298,0
GH00473,Brong-Ahafo,Cassava,1.16,22,2,0,1,0,0,0,0,0.818,609,392,0.4391,1
GH00474,Volta,Maize,2.35,16,3,1,1,0,2,0,1,0.713,592,688,0.6129,1
GH00475,Ashanti,Cassava,1.28,7,5,1,1,1,3,0,0,0.877,596,693,0.8417,1
GH00476,Brong-Ahafo,Maize,2.07,6,4,1,0,0,1,1,0,0.699,758,269,0.408,0
GH00477,Western,Plantain,3.4,4,8,1,1,0,0,1,1,0.96,1489,1498,0.7971,1
GH00478,Upper East,Rice,0.77,17,3,1,0,0,1,0,0,0.625,740,1075,0.3059,0
GH00479,Volta,Cassava,1.13,36,9,1,0,0,1,0,1,0.768,596,628,0.5082,1
GH00480,Central,Maize,2.07,10,9,0,0,0,1,0,0,0.857,656,953,0.2587,1
GH00481,Upper East,Rice,9.79,36,9,0,1,0,1,0,0,0.624,6629,5016,0.7433,0
GH00482,Northern,Maize,1.0,20,7,1,1,0,1,0,0,0.681,259,221,0.5981,0
GH00483,Northern,Maize,7.6,35,3,0,0,0,1,0,0,0.622,2099,1878,0.3854,0
GH00484,Upper East,Maize,7.41,40,5,0,0,0,0,1,1,0.546,1797,2531,0.4664,0
GH00485,Northern,Yam,1.7,11,3,1,1,0,3,1,1,0.646,2142,1620,0.6305,0
GH00486,Eastern,Plantain,1.48,11,12,1,1,0,2,1,0,0.785,632,935,0.6393,0
GH00487,Brong-Ahafo,Rice,1.12,21,5,0,0,0,2,0,0,0.828,803,764,0.2717,0
GH00488,Upper West,Yam,1.74,2,6,1,0,0,2,1,0,0.728,2231,1253,0.478,1
GH00489,Brong-Ahafo,Rice,0.68,7,8,1,1,0,1,0,1,0.796,679,288,0.5895,1
GH00490,Upper East,Maize,1.73,3,10,1,1,0,2,0,0,0.678,633,321,0.4326,0
GH00491,Brong-Ahafo,Yam,5.2,39,8,1,1,0,3,0,0,0.84,3241,1125,0.9037,1
GH00492,Northern,Maize,1.19,34,7,0,1,1,0,1,0,0.594,343,388,0.6716,1
GH00493,Upper West,Rice,1.54,4,6,0,1,0,0,0,0,0.677,1270,1169,0.3846,0
GH00494,Brong-Ahafo,Rice,0.55,37,6,1,1,1,2,0,1,0.647,395,468,0.9216,1
GH00495,Ashanti,Maize,2.37,14,3,0,1,0,1,1,1,0.78,700,867,0.5542,1
GH00496,Brong-Ahafo,Rice,2.19,36,9,1,1,0,3,0,1,0.655,1660,2353,0.7464,1
GH00497,Northern,Rice,1.91,16,6,0,0,0,2,0,1,0.626,1597,703,0.2322,0
GH00498,Volta,Yam,1.57,23,2,1,0,0,1,0,1,0.635,2659,1392,0.6277,1
GH00499,Ashanti,Cassava,1.48,5,9,1,1,0,1,0,0,0.903,826,791,0.7278,0
GH00500,Upper East,Yam,2.59,18,6,1,0,0,2,0,0,0.553,2798,1274,0.1686,0
GH00501,Central,Plantain,1.79,6,9,1,1,1,0,0,0,0.923,1050,432,0.8198,1
GH00502,Greater Accra,Maize,2.27,22,9,1,0,0,3,0,0,0.809,653,718,0.6638,1
GH00503,Western,Cocoa,2.12,25,8,1,1,0,0,0,1,0.712,1167,1365,0.7406,0
GH00504,Central,Plantain,4.0,32,3,1,1,0,3,0,1,0.811,1352,1774,0.7386,0
GH00505,Greater Accra,Cassava,2.93,41,4,1,1,0,0,0,1,0.823,1529,2139,0.8887,1
GH00506,Ashanti,Maize,2.09,31,9,0,1,0,2,0,0,0.764,549,456,0.8254,1
GH00507,Ashanti,Plantain,5.27,8,9,1,1,0,0,1,1,0.946,1613,2381,0.7744,1
GH00508,Brong-Ahafo,Maize,2.45,8,5,0,0,0,1,1,0,0.864,901,311,0.4624,0
GH00509,Ashanti,Cassava,4.54,28,5,0,1,0,2,0,1,0.797,2435,3273,0.741,1
GH00510,Northern,Maize,2.79,25,4,1,0,0,0,0,1,0.514,997,684,0.4778,0
GH00511,Eastern,Maize,0.5,20,11,1,1,0,1,0,1,0.705,77,108,0.6791,1
GH00512,Northern,Maize,4.54,35,4,0,0,0,1,1,0,0.653,1627,923,0.7078,1
GH00513,Brong-Ahafo,Yam,2.0,23,4,1,1,0,2,0,0,0.741,1820,2164,0.7172,1
GH00514,Central,Cassava,1.76,28,7,0,0,0,2,1,0,0.714,1157,938,0.6154,0
GH00515,Upper East,Maize,2.22,7,4,0,0,1,2,0,0,0.525,643,487,0.6873,1
GH00516,Western,Cassava,1.43,11,10,1,0,0,0,1,1,0.945,819,304,0.8391,1
GH00517,Ashanti,Maize,2.14,32,2,1,1,0,0,0,0,0.788,648,743,0.6119,1
GH00518,Volta,Yam,1.2,26,2,1,0,0,1,0,1,0.754,1107,565,0.8466,1
GH00519,Northern,Yam,4.45,3,6,0,0,0,3,0,1,0.604,3906,3342,0.6231,0
GH00520,Northern,Yam,1.68,11,6,0,0,0,2,0,0,0.598,1571,738,0.5492,0
GH00521,Northern,Rice,1.39,11,4,0,0,0,2,1,1,0.679,794,814,0.4417,1
GH00522,Ashanti,Plantain,0.95,27,6,1,0,0,3,0,1,0.836,433,250,0.7352,1
GH00523,Ashanti,Cocoa,2.2,6,5,1,1,0,2,0,1,0.897,1336,1354,0.7177,1
GH00524,Northern,Maize,2.08,23,9,1,0,0,1,0,0,0.659,405,582,0.4991,0
GH00525,Central,Maize,2.39,5,2,0,1,1,0,0,0,0.792,724,1017,0.8306,1
GH00526,Volta,Yam,0.89,35,11,1,1,0,1,0,1,0.781,899,486,0.7828,1
GH00527,Eastern,Cassava,0.59,8,7,1,1,0,1,1,0,0.768,325,136,0.4744,1
GH00528,Brong-Ahafo,Yam,2.82,18,4,0,1,0,2,0,0,0.746,3239,1138,0.5488,0
GH00529,Upper East,Yam,5.15,12,2,1,0,0,2,1,0,0.692,4944,6399,0.5345,0
GH00530,Central,Maize,0.89,9,6,1,1,0,2,1,0,0.791,201,120,0.9015,0
GH00531,Northern,Rice,5.54,29,4,1,1,0,1,0,1,0.618,4760,3050,0.6616,1
GH00532,Upper East,Maize,2.22,34,5,1,0,0,2,0,1,0.582,256,146,0.562,1
GH00533,Volta,Yam,1.81,26,4,0,0,0,1,1,1,0.657,1785,2335,0.5479,0
GH00534,Upper West,Rice,1.38,22,7,1,0,1,1,0,0,0.628,1289,1901,0.7738,0
GH00535,Upper East,Rice,0.69,13,6,1,0,0,3,0,0,0.721,676,815,0.6389,0
GH00536,Upper East,Rice,3.64,27,3,1,0,0,1,1,1,0.52,2636,3396,0.7401,1
GH00537,Western,Cocoa,1.06,30,6,1,0,0,1,0,0,0.881,413,431,0.6618,0
GH00538,Central,Cassava,1.06,39,8,1,0,0,2,0,0,0.838,263,246,0.6934,1
GH00539,Ashanti,Cocoa,3.65,36,3,1,1,0,3,0,0,0.831,2904,3386,0.8301,1
GH00540,Brong-Ahafo,Cassava,0.49,38,9,1,1,1,0,1,1,0.775,239,100,0.9614,1
GH00541,Brong-Ahafo,Rice,0.63,30,6,1,0,1,2,0,0,0.807,716,268,0.5262,0
GH00542,Upper East,Rice,1.8,25,10,0,0,0,3,0,1,0.497,1047,1178,0.121,0
GH00543,Northern,Yam,2.24,16,3,1,1,0,1,0,1,0.69,2413,1694,0.7634,1
GH00544,Northern,Yam,2.56,7,13,0,0,1,1,1,0,0.641,3438,3048,0.6608,1
GH00545,Ashanti,Cocoa,1.48,33,7,1,0,0,2,1,1,0.694,1087,1346,0.775,1
GH00546,Upper East,Rice,10.71,35,6,1,0,0,1,0,0,0.615,5913,5869,0.3272,0
GH00547,Central,Cassava,1.55,37,6,0,1,0,1,0,1,0.849,1265,1602,0.8155,1
GH00548,Upper East,Maize,1.55,21,2,1,0,0,3,0,0,0.495,566,454,0.3479,0
GH00549,Northern,Yam,1.04,13,10,1,1,0,2,0,0,0.648,1001,646,0.3993,0
GH00550,Central,Cassava,1.99,36,7,1,1,0,0,1,1,0.735,1216,707,0.7479,1
GH00551,Brong-Ahafo,Yam,2.8,39,3,1,0,0,1,0,0,0.695,3291,1507,0.4005,0
GH00552,Ashanti,Cassava,4.23,18,2,1,1,0,2,1,1,0.818,2506,862,0.8781,0
GH00553,Volta,Yam,0.64,28,3,1,0,1,2,1,0,0.615,467,170,0.6665,1
GH00554,Volta,Yam,1.53,18,6,0,0,0,2,0,1,0.658,1642,1027,0.2909,0
GH00555,Upper East,Rice,2.49,12,6,0,0,0,2,1,1,0.505,2606,1652,0.7888,1
GH00556,Ashanti,Cassava,2.75,40,6,0,0,0,2,0,0,0.821,1589,1205,0.4908,0
GH00557,Eastern,Cassava,1.83,3,5,1,1,0,3,0,1,0.85,1037,1047,0.7639,0
GH00558,Upper East,Yam,2.66,3,6,1,0,0,3,0,0,0.514,2393,2898,0.6407,1
GH00559,Upper West,Maize,1.03,30,6,0,0,0,0,1,1,0.514,234,126,0.5978,1
GH00560,Ashanti,Maize,5.42,25,2,1,1,0,1,0,0,0.776,1031,1249,0.9106,1
GH00561,Ashanti,Cassava,3.65,25,4,0,1,0,1,1,1,0.824,2207,1030,0.7089,1
GH00562,Upper East,Maize,0.71,17,3,1,0,0,1,1,1,0.509,188,279,0.7355,1
GH00563,Central,Maize,0.86,32,9,1,1,0,1,0,1,0.936,175,112,0.8504,1
GH00564,Brong-Ahafo,Cassava,0.88,10,7,0,0,0,1,1,1,0.795,552,720,0.6839,1
GH00565,Ashanti,Plantain,2.93,28,13,0,0,0,0,0,0,0.811,1303,689,0.5443,0
GH00566,Northern,Rice,0.74,15,5,0,0,0,0,0,0,0.604,497,716,0.2152,0
GH00567,Volta,Yam,1.45,26,9,0,1,0,0,1,0,0.831,1317,1702,0.9143,1
GH00568,Western,Cocoa,2.51,23,6,0,1,0,0,0,1,0.904,1703,1245,0.3625,0
GH00569,Northern,Maize,1.74,36,5,1,1,0,2,0,1,0.476,527,425,0.6258,1
GH00570,Northern,Rice,2.18,34,4,0,0,0,1,0,0,0.579,1457,444,0.5186,1
GH00571,Ashanti,Maize,0.86,28,7,0,0,0,3,0,0,0.729,287,173,0.5317,1
GH00572,Northern,Yam,2.76,41,9,1,0,0,0,0,0,0.634,3052,1975,0.5559,1
GH00573,Eastern,Plantain,1.19,27,4,1,1,0,3,0,1,0.875,538,454,0.8844,0
GH00574,Northern,Maize,1.45,20,4,0,1,0,0,0,0,0.529,390,182,0.3361,1
GH00575,Eastern,Maize,2.15,40,7,1,1,0,2,1,1,0.759,546,477,0.9213,1
GH00576,Brong-Ahafo,Yam,1.96,27,11,1,1,0,1,1,0,0.886,2002,2207,0.7766,1
GH00577,Ashanti,Plantain,1.85,7,7,1,0,0,2,0,0,0.827,1216,907,0.7259,1
GH00578,Central,Plantain,1.08,4,4,1,1,0,0,0,0,0.794,497,288,0.5825,0
GH00579,Ashanti,Maize,1.48,7,5,1,0,0,3,0,1,0.658,426,408,0.6572,1
GH00580,Brong-Ahafo,Maize,1.82,29,5,0,0,0,0,1,1,0.691,434,145,0.6826,0
GH00581,Western,Cassava,0.7,4,9,0,1,0,1,0,0,0.754,407,289,0.6128,0
GH00582,Eastern,Maize,1.32,14,8,1,1,0,1,0,1,0.733,387,361,0.715,0
GH00583,Northern,Rice,2.39,14,6,0,1,0,2,1,1,0.678,2451,1723,0.6474,1
GH00584,Volta,Cassava,0.75,14,4,1,0,0,3,0,0,0.783,328,234,0.461,1
GH00585,Western,Cassava,4.09,2,10,1,0,0,1,0,1,0.802,2444,3221,0.6316,0
GH00586,Northern,Maize,4.43,41,7,1,0,1,2,0,1,0.472,1540,2188,0.4585,1
GH00587,Upper West,Yam,0.76,38,11,0,1,1,2,1,1,0.677,699,904,0.8274,0
GH00588,Central,Cassava,4.71,32,6,1,0,0,2,0,0,0.812,2410,1009,0.7235,0
GH00589,Central,Maize,1.65,18,8,1,1,0,2,0,0,0.799,475,308,0.882,1
GH00590,Eastern,Cocoa,2.44,10,8,1,1,0,0,1,0,0.762,1640,1892,0.6247,1
GH00591,Upper East,Yam,1.29,14,5,0,0,0,1,1,1,0.552,1346,1978,0.4934,1
GH00592,Upper East,Maize,3.48,38,11,0,0,0,2,0,0,0.519,1096,647,0.4188,1
GH00593,Central,Plantain,2.42,15,2,1,0,0,1,0,1,0.743,1192,1642,0.4743,1
GH00594,Brong-Ahafo,Yam,1.03,12,8,1,0,0,3,0,0,0.677,1013,1202,0.5111,0
GH00595,Northern,Maize,0.81,26,11,0,1,0,2,0,0,0.614,237,351,0.3128,0
GH00596,Brong-Ahafo,Maize,0.66,32,5,0,1,0,3,0,0,0.754,169,100,0.7762,1
GH00597,Northern,Rice,2.08,15,7,1,1,0,0,0,1,0.58,1567,1212,0.7098,1
GH00598,Upper East,Maize,2.72,8,6,0,1,1,1,0,1,0.469,619,541,0.6325,1
GH00599,Upper East,Maize,2.87,25,8,0,0,1,0,0,0,0.536,790,874,0.3185,0
GH00600,Upper West,Maize,1.68,37,9,1,0,0,3,0,0,0.652,508,551,0.7644,0
GH00601,Volta,Yam,0.81,4,6,1,1,1,1,0,1,0.675,773,1073,0.5979,1
GH00602,Greater Accra,Maize,1.13,27,8,1,1,0,1,1,1,0.816,265,346,0.8459,0
GH00603,Upper East,Yam,4.08,27,5,0,0,0,1,0,1,0.532,4033,1478,0.2853,0
GH00604,Northern,Rice,1.3,2,4,1,1,0,0,0,1,0.725,1137,1005,0.6037,1
GH00605,Brong-Ahafo,Rice,2.01,16,5,1,1,0,1,0,0,0.709,1670,1317,0.8088,1
GH00606,Ashanti,Cassava,0.86,12,7,0,1,0,0,0,0,0.868,653,977,0.6025,1
GH00607,Central,Plantain,2.31,38,4,0,1,0,1,0,1,0.931,1011,822,0.6654,1
GH00608,Eastern,Maize,1.32,8,7,1,1,0,3,0,0,0.888,355,397,0.6433,1
GH00609,Northern,Maize,3.79,13,5,1,0,0,2,0,1,0.507,1216,780,0.4781,1
GH00610,Volta,Maize,3.13,39,8,1,1,0,2,0,1,0.618,748,776,0.6997,1
GH00611,Brong-Ahafo,Yam,1.29,4,2,0,0,0,1,0,1,0.843,1802,987,0.5103,1
GH00612,Brong-Ahafo,Maize,1.67,27,7,0,1,0,2,0,1,0.81,464,475,0.8947,1
GH00613,Western,Cocoa,1.24,31,7,1,0,0,3,0,0,0.811,973,1306,0.5768,1
GH00614,Ashanti,Cocoa,0.67,33,10,1,1,0,3,1,1,0.576,475,153,0.9386,0
GH00615,Greater Accra,Cassava,1.0,37,7,0,1,0,0,0,0,0.871,632,572,0.6543,1
GH00616,Northern,Maize,2.09,38,8,1,1,0,3,0,0,0.494,457,676,0.7342,1
GH00617,Northern,Maize,2.29,19,9,1,1,1,1,0,0,0.549,835,410,0.7079,0
GH00618,Ashanti,Cocoa,2.02,2,7,1,0,0,1,0,0,0.849,1491,775,0.261,1
GH00619,Ashanti,Cassava,1.48,22,5,0,0,0,1,0,0,0.84,879,760,0.5326,1
GH00620,Ashanti,Maize,3.5,29,9,1,1,1,2,0,1,0.892,828,1114,0.6128,0
GH00621,Northern,Rice,1.9,17,7,1,0,0,2,0,1,0.605,1643,1602,0.5803,0
GH00622,Northern,Rice,2.98,29,5,1,1,0,0,1,0,0.557,1946,1772,0.7412,1
GH00623,Brong-Ahafo,Cassava,0.53,23,7,0,0,0,2,0,1,0.853,344,139,0.3192,0
GH00624,Northern,Yam,0.3,20,9,1,1,0,1,1,1,0.665,224,326,0.7584,1
GH00625,Volta,Cassava,2.22,2,11,1,1,0,0,1,1,0.751,1201,861,0.6787,0
GH00626,Ashanti,Maize,0.67,32,10,0,1,0,1,0,1,0.768,171,103,0.6433,1
GH00627,Greater Accra,Cassava,1.57,35,5,0,1,0,2,0,0,0.835,567,450,0.6798,1
GH00628,Upper East,Yam,1.47,41,5,0,1,0,0,0,0,0.64,1205,960,0.4763,0
GH00629,Brong-Ahafo,Maize,5.54,7,3,1,1,0,0,0,0,0.865,1676,1425,0.7001,1
GH00630,Central,Maize,2.41,29,4,0,0,0,3,0,1,0.732,549,618,0.7238,1
GH00631,Northern,Rice,2.05,4,9,1,1,0,3,0,1,0.669,1438,1929,0.6342,1
GH00632,Volta,Cassava,3.27,32,5,1,0,0,0,0,1,0.658,1845,680,0.6286,1
GH00633,Upper West,Maize,2.36,17,7,1,0,0,2,0,0,0.504,775,689,0.54,0
GH00634,Northern,Maize,1.32,18,7,1,1,0,1,1,1,0.66,415,331,0.9256,1
GH00635,Upper East,Maize,3.86,28,8,1,0,0,2,0,1,0.559,1061,332,0.5565,0
GH00636,Eastern,Cocoa,0.84,25,4,1,1,0,1,1,1,0.746,619,792,0.6408,0
GH00637,Upper East,Yam,2.28,21,5,0,0,0,0,0,1,0.586,2353,1000,0.2748,0
GH00638,Greater Accra,Maize,0.62,33,5,1,1,0,1,0,1,0.885,136,100,0.8683,1
GH00639,Brong-Ahafo,Rice,2.1,36,5,1,1,0,0,1,0,0.634,1796,643,0.8966,1
GH00640,Upper East,Rice,2.09,14,12,1,0,1,2,0,1,0.725,1339,724,0.4857,1
GH00641,Northern,Yam,5.89,21,8,0,0,0,3,1,1,0.681,6667,3415,0.6153,1
GH00642,Central,Cassava,0.61,3,6,1,0,0,3,0,0,0.887,329,236,0.5615,1
GH00643,Volta,Cassava,1.2,5,9,1,0,0,3,1,1,0.78,357,390,0.5656,0
GH00644,Ashanti,Maize,3.24,28,5,1,1,0,3,1,1,0.905,1075,393,0.9542,1
GH00645,Central,Maize,2.3,26,8,0,0,0,0,0,1,0.867,572,762,0.6978,1
GH00646,Ashanti,Cassava,2.07,5,4,1,1,0,2,0,0,0.786,955,661,0.7202,1
GH00647,Upper West,Rice,0.93,33,8,1,0,0,1,0,1,0.671,897,922,0.5303,1
GH00648,Upper East,Yam,1.2,18,5,1,0,0,3,1,1,0.526,1170,368,0.7634,1
GH00649,Central,Maize,4.36,2,3,0,1,0,2,0,1,0.768,1354,1001,0.7144,1
GH00650,Upper East,Yam,1.76,34,4,1,0,0,1,1,0,0.702,1542,466,0.5948,0
GH00651,Eastern,Plantain,2.37,31,5,0,0,0,1,0,0,0.856,1386,691,0.6587,1
GH00652,Upper West,Yam,1.68,6,7,1,1,0,1,1,0,0.663,1760,1474,0.7023,1
GH00653,Eastern,Cocoa,0.8,13,3,0,0,0,1,0,0,0.929,610,575,0.2375,0
GH00654,Eastern,Cocoa,3.5,39,7,1,1,0,3,0,1,0.879,2381,1151,0.7758,1
GH00655,Western,Cassava,2.59,33,7,0,1,0,3,0,0,0.775,1803,2153,0.4987,1
GH00656,Brong-Ahafo,Maize,9.15,39,7,1,1,0,1,0,1,0.863,3489,1838,0.9191,1
GH00657,Brong-Ahafo,Maize,0.9,18,8,1,1,0,1,0,1,0.771,140,100,0.6322,0
GH00658,Northern,Yam,3.24,41,4,1,0,0,0,1,0,0.682,3871,2710,0.7566,1
GH00659,Western,Cocoa,0.73,33,6,1,1,0,3,1,0,0.864,404,389,0.955,1
GH00660,Eastern,Plantain,2.03,25,10,0,1,0,3,1,1,0.914,1127,1675,0.8656,0
GH00661,Ashanti,Cassava,3.61,13,6,1,0,0,2,0,0,0.968,1221,980,0.564,0
GH00662,Central,Plantain,0.43,32,6,0,0,0,2,0,0,0.82,234,190,0.4067,0
GH00663,Northern,Maize,1.58,20,7,1,0,0,2,0,1,0.7,365,135,0.5423,0
GH00664,Brong-Ahafo,Maize,1.23,30,5,0,1,0,1,1,1,0.733,310,378,0.6251,1
GH00665,Upper East,Rice,1.11,22,7,1,1,0,3,0,1,0.425,821,425,0.5009,0
GH00666,Western,Cocoa,2.39,27,9,1,0,0,2,0,0,0.748,1439,1718,0.4767,1
GH00667,Eastern,Plantain,3.99,29,2,1,0,0,0,0,0,0.859,1726,2404,0.7128,1
GH00668,Central,Cassava,1.66,18,9,0,0,0,1,1,0,0.921,802,980,0.4735,1
GH00669,Eastern,Plantain,2.1,10,4,0,1,0,2,0,0,0.874,1026,1099,0.5745,1
GH00670,Ashanti,Plantain,1.97,22,5,1,1,0,1,0,0,0.887,1057,1083,0.7884,0
GH00671,Volta,Cassava,1.82,35,9,1,1,0,2,0,0,0.987,1311,1107,0.8549,0
GH00672,Eastern,Cassava,0.85,12,8,1,1,0,3,0,1,0.857,362,171,0.5085,1
GH00673,Eastern,Maize,3.96,21,9,1,1,1,2,1,0,0.744,1127,1391,0.6642,1
GH00674,Upper East,Rice,2.24,40,10,1,0,0,2,0,0,0.575,2095,1828,0.4814,0
GH00675,Eastern,Cocoa,2.4,17,5,1,1,0,2,1,0,0.966,1453,1527,0.7084,1
GH00676,Upper East,Rice,1.04,30,7,1,1,1,1,0,0,0.483,462,346,0.7881,1
GH00677,Ashanti,Cassava,1.32,2,5,0,1,0,1,0,1,0.914,428,231,0.5506,1
GH00678,Upper West,Yam,1.61,19,5,0,1,0,1,0,1,0.611,902,1144,0.7922,1
GH00679,Western,Plantain,0.62,23,5,1,0,0,3,1,1,0.783,409,291,0.712,1
GH00680,Upper East,Rice,0.56,9,7,0,0,0,3,1,0,0.469,509,682,0.4189,1
GH00681,Western,Cocoa,1.2,8,6,1,1,0,0,0,1,0.978,975,1422,0.6589,1
GH00682,Brong-Ahafo,Maize,2.63,26,8,0,1,0,2,0,0,0.661,873,1131,0.6541,1
GH00683,Greater Accra,Maize,1.15,31,7,1,0,0,2,1,0,0.82,282,128,0.783,1
GH00684,Northern,Maize,0.89,35,2,0,0,0,3,1,1,0.537,361,479,0.7443,1
GH00685,Northern,Yam,1.03,12,7,1,0,0,1,0,0,0.792,1108,1023,0.4545,0
GH00686,Eastern,Cocoa,1.32,16,5,1,1,0,2,1,1,0.843,918,541,0.9175,1
GH00687,Central,Plantain,1.42,36,5,0,0,0,2,0,1,0.742,875,360,0.6443,1
GH00688,Brong-Ahafo,Maize,8.3,24,8,1,1,0,0,0,1,0.696,2611,1656,0.6887,1
GH00689,Eastern,Cassava,3.81,22,6,1,0,0,0,0,0,0.926,2534,1178,0.5116,0
GH00690,Brong-Ahafo,Rice,3.73,29,9,1,0,0,0,0,0,0.672,3864,1278,0.6379,1
GH00691,Upper East,Maize,4.13,14,7,0,0,0,1,1,0,0.536,1065,1582,0.5892,1
GH00692,Brong-Ahafo,Maize,0.91,35,6,1,0,0,1,1,1,0.825,262,340,0.6259,0
GH00693,Ashanti,Cocoa,0.77,39,8,1,1,0,2,1,1,0.862,445,528,0.919,1
GH00694,Northern,Yam,0.84,7,2,1,1,1,2,0,0,0.537,571,304,0.4599,0
GH00695,Northern,Maize,4.64,5,2,0,1,0,3,0,1,0.633,1503,501,0.5233,0
GH00696,Volta,Cassava,1.24,6,3,1,1,0,1,0,0,0.768,776,685,0.7085,1
GH00697,Northern,Maize,0.76,41,5,0,0,0,3,0,1,0.619,127,151,0.4369,0
GH00698,Central,Maize,1.35,7,4,1,1,0,2,1,1,0.866,321,467,0.9203,1
GH00699,Upper West,Rice,1.54,22,12,1,0,0,2,0,1,0.629,1261,1655,0.6239,1
GH00700,Northern,Rice,2.2,29,6,1,0,0,2,1,0,0.628,1836,2519,0.468,0
GH00701,Ashanti,Cassava,2.17,4,7,1,1,0,2,0,1,0.804,1605,941,0.7955,1
GH00702,Northern,Rice,1.02,24,4,0,1,0,0,0,1,0.721,723,352,0.4055,0
GH00703,Volta,Cassava,2.94,9,5,1,1,0,2,0,1,0.722,1491,891,0.7329,0
GH00704,Eastern,Cassava,1.16,20,5,0,1,0,2,0,1,0.642,688,321,0.7499,1
GH00705,Central,Maize,1.63,12,7,1,1,0,3,0,0,0.772,421,530,0.7856,1
GH00706,Brong-Ahafo,Cassava,2.95,11,6,1,1,0,3,0,1,0.81,1392,1926,0.7631,0
GH00707,Brong-Ahafo,Cassava,1.16,29,6,1,0,0,2,1,1,0.747,537,359,0.7089,1
GH00708,Eastern,Cassava,1.22,21,6,0,0,0,2,0,1,0.773,670,906,0.3606,0
GH00709,Northern,Yam,2.76,29,8,0,0,0,3,0,1,0.606,2684,982,0.533,1
GH00710,Ashanti,Cassava,1.0,30,3,1,1,0,3,1,1,0.813,597,664,0.9232,1
GH00711,Western,Cassava,1.39,9,8,0,0,0,2,1,1,0.736,782,730,0.8143,1
GH00712,Upper West,Rice,2.69,20,6,1,0,0,2,0,0,0.663,908,574,0.4458,0
GH00713,Northern,Yam,7.67,22,7,0,1,0,0,0,1,0.422,5023,6137,0.6704,1
GH00714,Volta,Yam,2.78,19,5,0,0,0,2,0,0,0.793,2522,1398,0.5803,0
GH00715,Ashanti,Cassava,2.54,10,5,0,0,0,1,0,0,0.84,1595,1275,0.3542,1
GH00716,Greater Accra,Cassava,2.64,5,4,0,0,0,2,0,0,0.905,1205,1388,0.5714,1
GH00717,Northern,Rice,0.86,26,11,0,1,0,1,0,1,0.481,749,529,0.3942,0
GH00718,Volta,Yam,1.98,35,6,0,0,0,1,1,0,0.773,2235,2965,0.6278,1
GH00719,Upper West,Yam,1.78,10,13,1,1,0,1,0,0,0.567,1988,2661,0.4768,1
GH00720,Brong-Ahafo,Cassava,2.28,10,6,1,0,0,2,1,1,0.908,1066,579,0.7791,1
GH00721,Western,Cocoa,1.98,19,4,0,1,1,2,0,0,0.889,1076,891,0.794,0
GH00722,Brong-Ahafo,Cassava,2.38,12,6,0,1,0,2,1,1,0.686,922,755,0.6342,1
GH00723,Volta,Yam,1.47,14,2,1,0,0,2,1,1,0.615,2362,1871,0.6867,1
GH00724,Western,Plantain,1.9,39,9,1,0,0,3,1,0,0.801,1045,943,0.745,1
GH00725,Brong-Ahafo,Yam,0.77,10,8,0,0,0,1,0,0,0.815,1062,413,0.2338,0
GH00726,Upper East,Maize,1.46,17,7,0,1,0,2,1,0,0.657,338,454,0.5427,1
GH00727,Ashanti,Cassava,4.82,5,6,1,1,0,2,0,0,0.83,3162,2049,0.6227,0
GH00728,Eastern,Cocoa,2.28,35,6,1,0,0,3,0,1,0.841,1455,440,0.6038,0
GH00729,Northern,Maize,1.8,8,13,1,0,0,1,1,1,0.588,497,558,0.4174,0
GH00730,Northern,Rice,6.87,16,4,1,1,0,3,1,0,0.633,5246,5669,0.758,1
GH00731,Western,Cocoa,0.7,39,8,0,1,1,1,0,0,0.957,407,602,0.777,1
GH00732,Upper East,Maize,0.84,12,6,0,0,0,0,1,1,0.537,193,224,0.2526,0
GH00733,Greater Accra,Maize,6.04,33,11,1,1,0,1,0,1,0.868,1663,1163,0.9072,1
GH00734,Upper West,Yam,1.88,28,8,1,0,0,1,0,1,0.568,1673,2414,0.638,0
GH00735,Western,Cocoa,1.54,31,13,0,1,0,2,0,0,0.941,1114,823,0.6454,1
GH00736,Ashanti,Plantain,0.79,18,6,1,1,0,2,0,1,0.871,331,425,0.6311,1
GH00737,Western,Cocoa,2.49,37,4,1,0,0,1,0,1,0.938,2006,1410,0.7331,0
GH00738,Ashanti,Maize,2.67,20,6,0,1,0,2,0,1,0.916,673,241,0.6835,1
GH00739,Upper West,Yam,0.85,8,7,0,0,0,2,1,1,0.403,1137,1342,0.2648,0
GH00740,Central,Cassava,1.65,22,8,1,1,0,2,1,1,0.9,857,617,0.747,0
GH00741,Brong-Ahafo,Rice,1.44,29,2,0,1,0,2,0,0,0.788,1143,808,0.7551,0
GH00742,Eastern,Cassava,2.18,4,6,1,0,0,3,0,0,0.851,1512,1752,0.5136,1
GH00743,Upper East,Rice,0.83,15,4,1,0,0,2,0,1,0.604,606,416,0.664,1
GH00744,Eastern,Cassava,4.38,3,9,1,0,0,0,1,0,0.834,2112,933,0.5769,1
GH00745,Ashanti,Plantain,3.46,30,4,1,1,0,1,1,1,0.852,1499,1177,0.9148,1
GH00746,Northern,Rice,1.41,19,7,1,1,0,1,0,0,0.707,1189,1532,0.7247,0
GH00747,Volta,Cassava,1.57,38,4,1,0,0,2,1,1,0.846,703,321,0.8492,1
GH00748,Eastern,Maize,1.66,25,5,0,1,0,3,0,0,0.763,532,514,0.7919,0
GH00749,Brong-Ahafo,Yam,1.06,13,10,0,0,0,2,0,1,0.735,1059,486,0.4606,0
GH00750,Eastern,Cassava,1.34,33,4,1,1,0,1,0,1,0.817,822,295,0.6347,1
GH00751,Ashanti,Cocoa,1.51,19,3,1,0,0,2,0,0,0.802,1220,920,0.4044,0
GH00752,Volta,Yam,5.64,14,3,1,0,0,2,0,0,0.892,5102,5558,0.5431,0
GH00753,Volta,Yam,3.53,5,6,1,1,1,3,0,1,0.648,3034,1911,0.8567,1
GH00754,Northern,Rice,3.51,24,7,1,0,0,0,0,0,0.695,2656,2217,0.4396,0
GH00755,Central,Maize,2.36,11,5,0,1,0,1,0,1,0.85,656,584,0.6805,1
GH00756,Upper West,Rice,0.83,6,7,1,1,0,3,0,0,0.568,717,939,0.6479,1
GH00757,Northern,Yam,1.77,41,3,1,0,0,3,0,0,0.659,1943,2492,0.6674,1
GH00758,Volta,Yam,3.59,15,9,1,0,0,1,1,1,0.851,3596,1089,0.3804,0
GH00759,Northern,Rice,0.76,35,8,1,1,0,0,1,0,0.609,532,424,0.5599,1
GH00760,Upper West,Yam,2.85,29,12,0,0,0,2,0,0,0.715,2536,2757,0.6643,1
GH00761,Northern,Yam,9.26,9,10,1,1,0,3,1,0,0.724,10302,10000,0.8036,1
GH00762,Eastern,Maize,3.83,17,5,1,1,0,1,0,0,0.708,925,332,0.3068,0
GH00763,Western,Cocoa,4.9,32,5,0,1,0,3,0,0,0.771,3845,4052,0.723,1
GH00764,Northern,Maize,2.12,8,7,1,0,0,1,0,0,0.628,658,862,0.6803,0
GH00765,Northern,Rice,3.59,4,3,1,0,0,2,0,1,0.536,3800,2303,0.5558,0
GH00766,Brong-Ahafo,Rice,1.1,30,5,0,0,0,2,0,0,0.518,805,440,0.4234,0
GH00767,Northern,Rice,3.18,37,3,0,0,0,1,0,1,0.596,2408,2074,0.271,1
GH00768,Northern,Yam,2.88,40,5,1,0,0,1,1,1,0.809,1560,2270,0.748,0
GH00769,Brong-Ahafo,Yam,2.23,5,6,1,1,0,1,0,1,0.714,1824,2064,0.4461,0
GH00770,Ashanti,Plantain,4.58,10,4,0,1,0,2,0,0,0.855,1867,1511,0.4451,0
GH00771,Northern,Yam,1.25,18,2,1,0,0,0,1,1,0.691,1387,451,0.4401,0
GH00772,Upper West,Rice,1.6,21,7,1,0,0,2,0,1,0.607,1764,1708,0.7823,1
GH00773,Northern,Yam,1.95,15,2,1,0,0,2,0,0,0.608,2194,1576,0.6086,1
GH00774,Brong-Ahafo,Cassava,0.89,30,11,1,1,0,2,0,1,0.878,560,293,0.8971,1
GH00775,Upper East,Rice,2.14,14,4,1,1,1,3,0,0,0.588,1487,1339,0.5428,0
GH00776,Ashanti,Maize,0.55,37,7,1,1,0,2,0,1,0.758,116,100,0.8251,1
GH00777,Eastern,Plantain,3.79,18,5,0,1,0,2,0,1,0.889,1818,630,0.5826,1
GH00778,Brong-Ahafo,Cassava,1.88,5,3,1,1,0,2,0,1,0.698,864,1011,0.5932,1
GH00779,Brong-Ahafo,Rice,1.27,21,6,1,1,0,2,1,1,0.649,852,1005,0.8483,1
GH00780,Brong-Ahafo,Rice,1.02,12,6,1,1,0,0,0,1,0.62,862,899,0.6772,0
GH00781,Eastern,Plantain,1.55,23,9,0,1,0,3,0,1,0.87,596,780,0.746,1
GH00782,Ashanti,Maize,2.95,9,7,1,1,0,0,0,1,0.752,954,519,0.5175,1
GH00783,Eastern,Maize,2.67,29,3,1,0,1,2,1,0,0.831,682,439,0.8252,1
GH00784,Northern,Rice,1.11,31,4,1,0,0,2,1,1,0.639,891,758,0.7594,1
GH00785,Greater Accra,Maize,1.01,34,5,1,1,0,1,0,1,0.705,286,106,0.7185,1
GH00786,Eastern,Cassava,2.89,34,3,0,1,0,0,0,1,0.787,1376,1872,0.6809,1
GH00787,Volta,Cassava,1.1,37,5,1,1,0,0,0,1,0.852,724,643,0.5996,0
GH00788,Brong-Ahafo,Rice,1.9,28,12,1,0,1,1,0,1,0.729,1045,721,0.3846,0
GH00789,Northern,Yam,1.99,21,6,0,1,0,3,0,1,0.73,2521,2202,0.8649,1
GH00790,Ashanti,Cassava,2.27,34,7,1,1,0,2,1,1,0.779,1109,765,0.8808,0
GH00791,Ashanti,Cocoa,3.32,26,7,1,1,0,0,1,0,0.893,2774,1785,0.7681,0
GH00792,Northern,Yam,0.75,20,8,1,0,1,1,1,0,0.492,786,658,0.7154,1
GH00793,Northern,Rice,0.48,22,4,0,0,0,3,0,0,0.617,455,400,0.2901,0
GH00794,Volta,Cassava,1.22,34,8,1,0,0,1,0,1,0.749,625,513,0.6688,0
GH00795,Northern,Yam,6.43,4,9,1,0,0,3,0,0,0.523,6791,6502,0.6128,0
GH00796,Western,Cocoa,7.5,15,4,1,1,0,1,0,0,0.949,6454,8003,0.6451,1
GH00797,Ashanti,Cocoa,6.57,16,5,1,1,0,2,0,0,0.784,4725,1742,0.6886,1
GH00798,Ashanti,Cassava,1.59,34,11,0,1,0,1,0,1,0.756,1057,1346,0.4712,1
GH00799,Ashanti,Plantain,0.52,23,8,0,1,0,0,0,0,0.929,281,161,0.7033,0
GH00800,Brong-Ahafo,Cassava,0.35,2,4,0,0,1,1,1,0,0.793,157,100,0.5774,0
GH00801,Northern,Yam,1.19,32,6,0,1,0,2,0,0,0.697,1114,1136,0.7464,1
GH00802,Upper East,Maize,1.59,36,5,0,0,0,1,0,0,0.429,520,765,0.4815,0
GH00803,Ashanti,Maize,4.53,21,6,1,0,0,2,1,0,0.701,945,303,0.6485,0
GH00804,Western,Cassava,3.34,33,5,1,1,1,1,1,1,1.0,2032,2251,0.9423,1
GH00805,Volta,Maize,2.14,13,4,1,1,0,1,0,0,0.798,550,625,0.7345,1
GH00806,Central,Plantain,0.98,17,7,1,0,0,2,0,0,0.764,367,363,0.6609,0
GH00807,Ashanti,Cocoa,0.93,9,8,1,1,1,1,1,0,0.853,683,213,0.9102,1
GH00808,Brong-Ahafo,Maize,2.18,15,9,1,0,1,1,0,0,0.65,520,534,0.4095,0
GH00809,Brong-Ahafo,Maize,2.97,19,4,1,0,0,1,1,1,0.842,730,320,0.4833,1
GH00810,Brong-Ahafo,Cassava,2.4,31,8,1,1,1,2,0,1,0.598,1102,434,0.7148,1
GH00811,Northern,Rice,0.88,34,4,0,1,0,3,0,1,0.657,729,828,0.7484,1
GH00812,Brong-Ahafo,Rice,2.87,35,5,1,0,0,2,0,0,0.771,2143,2444,0.7064,1
GH00813,Central,Cassava,2.46,35,9,1,0,0,0,0,1,0.751,1392,1904,0.5741,0
GH00814,Western,Plantain,0.86,8,5,0,1,0,1,1,1,0.828,521,158,0.6746,1
GH00815,Upper East,Yam,1.05,7,4,1,0,0,0,0,1,0.615,1173,885,0.338,0
GH00816,Western,Cocoa,2.95,7,4,1,1,0,0,0,1,0.718,2833,892,0.6878,1
GH00817,Brong-Ahafo,Cassava,1.55,23,6,1,0,0,1,0,0,0.678,1148,847,0.427,0
GH00818,Eastern,Cassava,5.54,9,8,0,1,0,1,1,0,0.803,2740,2439,0.8381,0
GH00819,Northern,Maize,2.59,38,13,0,0,0,1,1,1,0.548,553,517,0.7241,1
GH00820,Ashanti,Cocoa,1.3,16,8,1,0,0,1,0,0,0.798,864,628,0.633,0
GH00821,Ashanti,Cocoa,1.81,27,9,1,0,1,1,1,0,0.833,1307,1530,0.7617,1
GH00822,Upper East,Rice,1.9,40,7,1,0,0,0,0,1,0.512,2224,1776,0.7177,1
GH00823,Upper East,Maize,1.09,4,9,1,0,0,1,0,1,0.563,280,258,0.4346,0
GH00824,Eastern,Cocoa,0.96,11,3,0,1,0,2,0,0,0.859,715,901,0.6256,1
GH00825,Greater Accra,Maize,2.98,4,10,0,1,1,1,0,1,0.877,714,364,0.4543,0
GH00826,Eastern,Plantain,3.29,31,5,1,1,0,0,1,1,0.725,1543,1057,0.8595,1
GH00827,Ashanti,Cassava,2.78,23,10,0,1,1,0,0,0,0.765,1105,1023,0.4569,0
GH00828,Central,Cassava,5.26,4,3,1,0,0,2,1,0,0.887,1954,2386,0.6415,1
GH00829,Brong-Ahafo,Rice,1.25,2,7,0,1,0,2,1,1,0.631,1288,1044,0.6571,0
GH00830,Ashanti,Maize,5.88,34,7,0,0,0,0,0,0,0.773,1980,767,0.3721,0
GH00831,Western,Plantain,0.97,20,13,1,1,0,2,0,1,0.852,453,673,0.8037,0
GH00832,Northern,Maize,0.9,37,8,0,1,0,2,1,1,0.408,303,348,0.7997,0
GH00833,Upper East,Maize,0.53,35,5,1,0,0,2,0,1,0.525,109,127,0.4612,1
GH00834,Central,Maize,1.33,32,6,1,0,0,3,1,1,0.816,356,305,0.8132,1
GH00835,Eastern,Plantain,1.28,25,5,0,0,0,3,0,1,0.808,668,639,0.4055,1
GH00836,Brong-Ahafo,Rice,2.63,13,4,1,1,0,0,1,0,0.712,2670,3986,0.5699,0
GH00837,Ashanti,Cassava,2.16,14,4,1,1,0,1,1,1,0.827,1179,1196,0.8506,0
GH00838,Brong-Ahafo,Maize,0.79,17,4,0,0,0,2,1,0,0.809,243,137,0.651,1
GH00839,Upper West,Maize,1.38,17,6,0,1,0,3,0,0,0.633,347,506,0.3117,0
GH00840,Upper East,Rice,1.4,21,9,1,0,0,2,0,1,0.525,1194,1129,0.7822,1
GH00841,Northern,Yam,0.53,28,9,1,1,0,0,0,1,0.518,669,217,0.5704,0
GH00842,Greater Accra,Maize,0.92,40,3,1,1,0,1,0,1,0.857,173,171,0.8591,1
GH00843,Western,Cassava,1.06,14,3,1,1,0,2,0,0,0.746,683,263,0.6326,1
GH00844,Ashanti,Plantain,4.97,5,4,0,1,0,1,1,0,0.783,2400,2239,0.6182,0
GH00845,Central,Maize,2.08,33,4,1,1,0,2,0,1,0.806,415,536,0.9243,1
GH00846,Central,Maize,2.9,41,3,1,1,0,2,0,1,0.882,762,721,0.9421,1
GH00847,Upper West,Rice,0.64,35,5,1,0,0,0,1,0,0.713,652,488,0.3869,1
GH00848,Western,Cassava,4.2,40,6,1,1,0,2,1,0,0.845,1992,2707,0.8258,0
GH00849,Brong-Ahafo,Cassava,4.53,18,6,0,1,0,3,1,0,0.739,2521,3562,0.9368,1
GH00850,Volta,Yam,0.45,25,6,1,1,0,1,1,0,0.654,307,220,0.6953,1
GH00851,Volta,Maize,1.11,30,5,1,0,1,2,1,0,0.887,196,176,0.8404,0
GH00852,Brong-Ahafo,Yam,2.58,29,7,0,1,0,2,0,1,0.727,2041,3020,0.8153,1
GH00853,Eastern,Plantain,2.86,23,8,1,1,0,1,1,0,0.879,1733,890,0.8709,0
GH00854,Eastern,Cassava,1.13,29,5,1,1,0,0,0,1,0.831,587,386,0.3937,0
GH00855,Western,Cocoa,1.47,26,3,1,0,0,0,0,0,0.82,1265,1030,0.6423,1
GH00856,Brong-Ahafo,Maize,1.2,4,5,1,1,0,3,1,0,0.687,410,173,0.8864,1
GH00857,Upper West,Maize,1.97,14,3,1,1,1,1,0,1,0.479,464,291,0.7307,1
GH00858,Central,Maize,4.21,32,6,1,1,0,0,0,1,0.88,1534,1463,0.7045,1
GH00859,Upper East,Rice,1.06,14,4,1,0,0,1,0,1,0.575,765,439,0.3528,0
GH00860,Eastern,Cocoa,3.67,19,6,0,1,0,0,0,1,0.949,3108,3492,0.663,0
GH00861,Northern,Maize,1.05,38,4,1,0,0,0,0,0,0.579,347,249,0.6217,1
GH00862,Volta,Maize,1.01,35,7,0,0,0,2,1,0,0.706,284,116,0.8865,1
GH00863,Upper West,Yam,3.23,18,2,0,0,1,2,0,1,0.519,3299,4016,0.5011,0
GH00864,Volta,Cassava,3.47,22,6,1,1,0,2,1,1,0.755,1939,1902,0.882,1
GH00865,Ashanti,Maize,3.31,37,4,1,1,0,2,0,0,0.666,940,1212,0.5727,1
GH00866,Upper East,Yam,0.73,41,2,1,0,0,2,0,1,0.617,678,496,0.4187,0
GH00867,Brong-Ahafo,Cassava,1.31,20,9,1,1,1,1,1,0,0.789,622,201,0.7706,1
GH00868,Eastern,Maize,3.24,13,7,0,1,0,2,0,1,0.883,830,296,0.7373,0
GH00869,Northern,Maize,1.88,29,3,1,1,0,1,0,0,0.498,649,814,0.6323,0
GH00870,Eastern,Maize,0.86,12,7,0,0,0,1,0,0,0.862,163,129,0.4151,0
GH00871,Northern,Rice,2.51,38,6,0,0,0,1,0,0,0.557,1831,2695,0.3787,0
GH00872,Western,Cassava,1.1,29,6,1,1,0,1,0,1,0.868,540,700,0.7994,1
GH00873,Brong-Ahafo,Cassava,6.4,36,5,1,0,1,1,0,0,0.688,3207,1024,0.693,1
GH00874,Upper East,Yam,5.37,16,9,1,1,0,0,0,0,0.601,5734,7706,0.3779,1
GH00875,Eastern,Plantain,2.78,17,4,0,0,0,2,0,0,0.624,1023,568,0.2304,1
GH00876,Brong-Ahafo,Cassava,4.72,8,5,0,1,0,2,1,1,0.726,2986,2638,0.8559,1
GH00877,Brong-Ahafo,Yam,1.91,4,5,1,0,0,1,0,1,0.758,2267,2057,0.4316,0
GH00878,Western,Cocoa,3.11,32,8,1,1,0,3,1,0,1.0,2490,925,0.8574,1
GH00879,Volta,Yam,5.13,13,9,1,0,0,2,0,1,0.58,4956,2234,0.7314,1
GH00880,Volta,Yam,2.16,9,8,0,0,0,3,1,0,0.75,1856,1499,0.4664,0
GH00881,Western,Cocoa,1.52,26,8,0,0,0,2,0,0,0.819,1003,1074,0.6167,0
GH00882,Brong-Ahafo,Cassava,0.55,36,12,1,0,0,1,0,0,0.627,292,180,0.3911,1
GH00883,Central,Cassava,1.72,13,7,1,1,0,3,0,1,0.75,1023,953,0.8911,1
GH00884,Upper East,Rice,3.24,22,8,1,0,0,3,0,1,0.547,2582,1949,0.6063,1
GH00885,Greater Accra,Maize,3.53,27,12,1,1,0,1,1,1,0.852,1050,1109,0.8439,0
GH00886,Eastern,Cocoa,2.59,3,2,0,0,0,1,0,1,0.842,1669,1351,0.4618,0
GH00887,Central,Plantain,1.25,15,7,1,0,0,1,0,0,0.745,666,880,0.6314,0
GH00888,Northern,Rice,0.46,5,7,0,1,0,2,1,1,0.488,354,524,0.605,1
GH00889,Northern,Yam,1.29,18,9,1,0,0,0,0,0,0.668,1370,1912,0.0993,0
GH00890,Brong-Ahafo,Yam,1.47,6,9,1,1,0,2,0,1,0.734,958,481,0.6295,0
GH00891,Greater Accra,Maize,1.46,25,8,1,1,0,2,0,0,0.944,445,378,0.8017,0
GH00892,Northern,Yam,2.81,8,10,0,0,0,1,0,1,0.607,3138,2669,0.2339,0
GH00893,Northern,Maize,7.32,24,6,0,1,0,2,0,1,0.706,2246,2939,0.62,0
GH00894,Brong-Ahafo,Maize,1.99,18,2,1,0,1,2,1,0,0.774,443,323,0.7194,0
GH00895,Upper West,Maize,1.57,13,2,1,0,0,1,0,1,0.656,374,359,0.7582,0
GH00896,Ashanti,Maize,1.52,12,6,1,0,0,2,0,1,0.8,349,360,0.7034,1
GH00897,Central,Plantain,1.99,12,5,1,0,0,2,1,1,0.886,1069,464,0.7819,1
GH00898,Upper West,Yam,1.02,35,5,0,0,0,2,1,1,0.427,1164,1129,0.3781,1
GH00899,Northern,Rice,1.98,38,5,1,0,0,2,0,0,0.616,1380,823,0.4839,0
GH00900,Brong-Ahafo,Yam,2.5,30,9,1,1,0,1,0,0,0.697,3183,1744,0.792,0
GH00901,Upper East,Rice,2.11,37,5,0,0,0,0,0,1,0.687,2154,1293,0.5903,1
GH00902,Northern,Yam,2.51,28,9,1,0,0,3,1,0,0.555,2600,1090,0.4143,0
GH00903,Upper West,Yam,2.47,23,9,1,0,1,2,1,1,0.588,2674,1026,0.8663,1
GH00904,Upper East,Yam,0.53,3,6,1,0,0,1,0,1,0.649,355,382,0.333,0
GH00905,Northern,Rice,2.85,37,5,0,0,0,2,1,1,0.659,2064,2950,0.6964,1
GH00906,Greater Accra,Maize,1.14,31,8,1,1,0,2,0,0,0.828,237,267,0.9427,1
GH00907,Brong-Ahafo,Maize,0.85,8,7,1,0,0,1,1,1,0.819,193,130,0.6024,0
GH00908,Brong-Ahafo,Cassava,0.84,13,5,0,1,0,3,1,0,0.801,486,341,0.7087,1
GH00909,Eastern,Cassava,2.47,4,3,1,0,0,0,1,1,0.771,1493,1418,0.5772,0
GH00910,Northern,Rice,1.56,18,4,0,0,0,2,1,0,0.531,1465,1962,0.4753,1
GH00911,Northern,Rice,0.56,33,3,0,0,0,1,0,0,0.674,476,258,0.6407,0
GH00912,Central,Maize,2.55,9,5,1,0,0,1,0,1,0.728,782,674,0.5601,1
GH00913,Ashanti,Cocoa,0.67,24,4,0,1,0,2,0,0,0.816,322,289,0.5946,1
GH00914,Greater Accra,Maize,2.01,39,7,1,1,0,2,1,1,0.901,414,587,0.9435,0
GH00915,Central,Maize,2.15,31,10,1,1,0,2,1,1,0.772,572,540,0.7302,1
GH00916,Upper East,Rice,3.39,16,7,0,0,0,1,0,1,0.549,3074,3803,0.395,0
GH00917,Ashanti,Maize,6.34,11,10,1,0,0,3,0,1,0.743,1602,649,0.5418,0
GH00918,Northern,Rice,0.7,39,8,1,1,0,1,0,1,0.615,413,286,0.7082,1
GH00919,Western,Cassava,1.76,16,7,0,1,0,2,0,1,0.761,796,823,0.5262,1
GH00920,Brong-Ahafo,Rice,1.5,31,5,1,1,0,3,0,1,0.884,988,1100,0.6858,1
GH00921,Greater Accra,Cassava,2.47,27,5,1,0,0,0,1,1,0.821,850,1158,0.4476,0
GH00922,Ashanti,Plantain,2.12,15,8,0,1,0,0,0,0,0.888,1544,1557,0.4906,0
GH00923,Northern,Maize,1.42,4,9,0,0,0,3,0,0,0.534,491,318,0.3193,1
GH00924,Northern,Maize,1.34,37,5,0,0,0,3,0,1,0.659,225,213,0.6775,0
GH00925,Eastern,Cocoa,0.83,27,2,0,1,0,2,1,0,0.849,361,417,0.5775,1
GH00926,Northern,Rice,3.64,15,8,0,0,0,2,1,0,0.637,2473,3070,0.4839,1
GH00927,Volta,Yam,2.51,32,4,0,1,0,2,0,1,0.764,1776,2546,0.7884,0
GH00928,Brong-Ahafo,Cassava,3.46,15,2,1,1,0,1,0,1,0.813,2682,1419,0.8089,1
GH00929,Ashanti,Cocoa,1.47,41,8,0,1,0,1,0,0,0.817,871,952,0.6992,1
GH00930,Volta,Yam,1.15,11,6,1,1,1,1,1,0,0.736,1243,672,0.5156,1
GH00931,Northern,Rice,0.86,10,7,1,0,0,0,1,0,0.681,626,427,0.4876,0
GH00932,Volta,Yam,2.34,41,9,1,1,0,1,1,0,0.659,1808,852,0.7897,0
GH00933,Northern,Maize,0.88,19,6,1,1,0,1,0,0,0.511,295,362,0.6536,1
GH00934,Upper West,Maize,6.65,37,6,1,0,0,2,0,1,0.604,2087,2915,0.8296,1
GH00935,Eastern,Plantain,0.73,37,5,1,0,0,2,0,0,0.664,364,122,0.5818,1
GH00936,Upper West,Rice,2.21,13,5,1,1,0,3,0,0,0.475,2643,3373,0.5513,1
GH00937,Volta,Cassava,5.46,41,8,1,1,1,1,1,1,0.924,3001,1771,0.9323,1
GH00938,Northern,Rice,2.77,4,5,1,1,0,1,0,0,0.759,2039,1803,0.6113,0
GH00939,Brong-Ahafo,Cassava,2.06,19,4,0,0,0,2,0,0,0.734,1496,1792,0.513,0
GH00940,Brong-Ahafo,Maize,0.93,8,3,0,0,1,1,0,1,0.81,279,253,0.6423,1
GH00941,Brong-Ahafo,Maize,0.69,32,6,0,0,0,1,1,1,0.813,254,147,0.6236,0
GH00942,Brong-Ahafo,Maize,3.12,2,6,1,0,0,2,1,0,0.768,859,1192,0.6717,1
GH00943,Central,Cassava,5.23,32,7,0,1,0,1,0,0,0.834,1090,1103,0.6504,1
GH00944,Northern,Rice,1.34,14,6,1,1,0,3,0,0,0.685,747,1059,0.444,0
GH00945,Northern,Maize,0.82,30,3,1,1,0,2,0,1,0.679,277,365,0.6207,1
GH00946,Eastern,Cassava,0.33,4,6,0,0,0,0,0,1,0.866,153,207,0.1533,0
GH00947,Northern,Rice,0.92,30,9,0,0,0,2,1,1,0.511,783,575,0.7545,1
GH00948,Ashanti,Plantain,1.68,36,4,0,1,0,2,1,0,0.988,1039,1543,0.8996,1
GH00949,Ashanti,Cassava,5.58,16,7,1,1,0,2,1,0,1.0,3035,4015,0.9067,1
GH00950,Brong-Ahafo,Yam,2.92,22,6,1,1,0,3,1,0,0.597,2437,1718,0.7563,1
GH00951,Northern,Maize,2.26,20,7,0,1,0,2,1,0,0.656,626,861,0.7529,1
GH00952,Brong-Ahafo,Rice,1.38,29,4,0,0,0,0,0,1,0.914,1142,1378,0.6898,1
GH00953,Central,Plantain,1.21,5,10,0,1,0,0,1,1,0.93,560,655,0.4665,0
GH00954,Eastern,Cocoa,4.87,14,7,0,0,0,2,0,0,0.916,2484,764,0.3814,1
GH00955,Upper West,Yam,2.1,16,8,1,0,0,1,0,0,0.495,1966,643,0.4817,1
GH00956,Ashanti,Cocoa,0.42,40,4,1,1,0,2,0,1,0.898,291,330,0.8087,0
GH00957,Upper East,Yam,1.14,33,7,1,0,0,2,0,1,0.604,817,518,0.4949,1
GH00958,Upper East,Yam,1.0,4,8,1,0,0,2,1,0,0.647,823,305,0.6215,1
GH00959,Upper West,Maize,1.24,31,5,1,0,0,1,0,0,0.507,295,190,0.3631,0
GH00960,Western,Cocoa,2.7,21,5,1,1,0,2,0,1,0.774,1196,1561,0.944,1
GH00961,Ashanti,Cocoa,1.69,3,7,0,0,0,0,0,1,0.824,1223,1058,0.6475,1
GH00962,Brong-Ahafo,Rice,1.73,26,3,0,1,1,2,1,0,0.72,1468,1525,0.7662,0
GH00963,Volta,Maize,4.57,12,7,0,0,0,2,1,1,0.717,1130,1424,0.7532,1
GH00964,Eastern,Cassava,1.12,2,2,1,1,0,2,1,0,0.777,427,294,0.769,1
GH00965,Northern,Maize,6.72,11,4,1,0,0,1,0,1,0.599,2017,632,0.5027,1
GH00966,Upper East,Maize,1.14,18,7,0,1,0,2,0,0,0.512,351,241,0.7332,0
GH00967,Upper East,Yam,1.94,31,3,1,0,0,2,0,0,0.581,1994,2887,0.6025,1
GH00968,Western,Cocoa,1.5,36,11,0,1,0,0,1,1,0.746,1067,938,0.6276,1
GH00969,Western,Cocoa,1.99,20,9,0,1,1,3,1,1,0.901,1571,1546,0.8816,1
GH00970,Upper East,Yam,2.49,35,7,1,0,0,2,1,0,0.606,2462,2985,0.8325,1
GH00971,Central,Cassava,2.47,33,8,0,1,0,2,0,1,0.739,1059,464,0.7148,1
GH00972,Volta,Yam,1.08,13,9,1,0,0,1,1,1,0.856,1073,1267,0.707,1
GH00973,Ashanti,Cassava,0.83,18,4,0,1,0,3,0,1,0.749,402,264,0.6452,1
GH00974,Brong-Ahafo,Cassava,10.51,7,8,1,1,0,2,0,1,0.875,5440,4166,0.8306,0
GH00975,Volta,Cassava,1.3,14,4,1,0,0,2,1,0,0.806,803,501,0.5179,1
GH00976,Brong-Ahafo,Rice,2.97,40,5,0,1,0,2,0,0,0.83,1827,885,0.6027,0
GH00977,Brong-Ahafo,Cassava,0.59,23,6,0,1,0,1,1,1,0.794,321,236,0.6936,1
GH00978,Brong-Ahafo,Maize,1.5,12,7,0,1,0,1,0,0,0.775,312,129,0.5529,0
GH00979,Volta,Cassava,1.67,8,2,1,1,0,1,0,1,0.859,716,941,0.8521,0
GH00980,Northern,Yam,2.54,22,5,0,1,0,1,0,1,0.788,3366,2246,0.6225,0
GH00981,Upper East,Rice,0.3,2,6,0,0,0,2,0,1,0.671,265,287,0.4794,0
GH00982,Brong-Ahafo,Yam,2.05,31,5,0,0,0,0,1,0,0.786,2133,1399,0.4946,0
GH00983,Upper West,Yam,0.81,20,8,0,0,0,2,0,0,0.502,546,302,0.3979,0
GH00984,Upper West,Maize,2.29,30,7,0,0,0,2,0,1,0.397,606,701,0.5969,0
GH00985,Central,Maize,0.88,36,4,0,1,0,1,0,1,0.78,143,150,0.7101,0
GH00986,Eastern,Cocoa,1.0,21,3,1,1,1,1,0,1,0.778,711,399,0.8595,1
GH00987,Brong-Ahafo,Yam,1.5,37,7,1,0,0,2,0,0,0.696,1135,1174,0.5284,1
GH00988,Western,Cassava,0.87,40,5,1,0,0,1,0,0,0.833,508,155,0.7359,1
GH00989,Upper East,Rice,1.31,2,4,0,0,0,1,0,1,0.638,1095,561,0.0908,1
GH00990,Western,Cocoa,0.79,24,5,0,1,0,2,0,0,0.81,422,495,0.3963,0
GH00991,Central,Cassava,0.5,32,5,1,1,0,2,1,0,0.912,283,224,0.8862,1
GH00992,Upper West,Maize,3.72,36,3,1,0,0,2,0,0,0.593,1465,797,0.3546,1
GH00993,Upper West,Maize,0.74,23,6,1,0,0,2,1,1,0.593,197,179,0.5876,1
GH00994,Upper East,Rice,1.61,8,8,1,0,0,2,0,1,0.735,1534,1317,0.7203,1
GH00995,Western,Cassava,3.09,34,6,1,0,0,1,0,0,0.854,940,997,0.7634,0
GH00996,Eastern,Plantain,1.18,37,8,1,1,0,3,1,0,0.821,650,252,0.9588,1
GH00997,Brong-Ahafo,Rice,1.02,8,3,0,0,0,1,0,1,0.792,732,939,0.4738,0
GH00998,Upper East,Yam,2.13,28,5,1,1,0,2,0,1,0.729,2032,752,0.7519,0
GH00999,Upper East,Maize,3.99,3,6,1,0,0,2,0,1,0.561,1239,1046,0.4906,0
GH01000,Northern,Maize,0.8,18,7,1,0,0,2,1,1,0.65,211,243,0.5178,0
GH01001,Brong-Ahafo,Yam,1.64,2,7,0,0,0,3,0,1,0.741,1118,798,0.418,1
GH01002,Northern,Rice,0.54,31,7,0,1,0,1,0,1,0.627,571,795,0.417,1
GH01003,Central,Plantain,1.38,23,7,1,0,0,1,0,1,0.811,494,596,0.7877,1
GH01004,Eastern,Plantain,1.87,29,3,0,0,0,0,0,1,0.78,784,636,0.6513,1
GH01005,Upper East,Maize,1.0,34,7,1,1,0,1,1,0,0.701,285,148,0.6074,1
GH01006,Upper West,Rice,1.32,27,7,1,1,0,2,1,1,0.566,1099,387,0.7076,1
GH01007,Brong-Ahafo,Yam,0.68,36,13,1,1,0,0,0,0,0.627,744,939,0.6905,1
GH01008,Eastern,Cocoa,1.92,12,7,1,1,0,3,0,1,0.845,1391,742,0.8038,1
GH01009,Brong-Ahafo,Yam,3.82,8,7,0,1,0,2,0,1,0.831,4735,2953,0.4928,0
GH01010,Brong-Ahafo,Cassava,0.85,29,6,0,0,0,1,0,1,0.879,490,153,0.5701,0
GH01011,Upper West,Rice,1.18,26,9,0,1,0,1,1,0,0.514,729,235,0.6422,1
GH01012,Volta,Maize,2.59,32,13,1,0,0,0,0,0,0.819,345,199,0.6373,1
GH01013,Eastern,Plantain,4.26,4,8,1,0,0,3,1,1,0.99,2212,2981,0.8962,1
GH01014,Upper West,Yam,0.64,34,6,1,0,0,2,0,1,0.555,834,1032,0.633,1
GH01015,Volta,Yam,1.62,35,3,1,1,0,1,1,1,0.736,1224,1498,0.7402,1
GH01016,Volta,Maize,2.22,22,7,1,0,0,0,0,0,0.631,487,629,0.3337,0
GH01017,Brong-Ahafo,Maize,1.7,38,7,1,1,0,1,1,1,0.878,505,265,0.9348,1
GH01018,Western,Cocoa,0.32,20,8,0,1,0,1,0,0,0.741,248,366,0.7624,1
GH01019,Eastern,Cassava,2.59,38,3,0,1,0,2,0,0,0.783,1665,963,0.7016,0
GH01020,Central,Maize,5.28,22,7,1,0,1,2,1,0,0.853,1946,934,0.8358,1
GH01021,Ashanti,Cassava,1.98,15,5,1,1,0,2,1,0,0.76,1089,712,0.7879,0
GH01022,Greater Accra,Maize,0.89,11,8,1,1,0,3,0,0,0.736,201,188,0.6459,0
GH01023,Ashanti,Plantain,1.27,8,4,1,1,0,1,0,0,0.821,525,236,0.4521,0
GH01024,Brong-Ahafo,Cassava,6.29,30,7,1,1,0,1,0,0,0.971,2943,3491,0.8389,1
GH01025,Central,Plantain,3.45,41,5,1,0,0,2,1,1,0.83,2097,1564,0.9347,1
GH01026,Upper West,Yam,2.85,9,2,0,0,0,0,0,1,0.593,2585,2539,0.3995,0
GH01027,Volta,Cassava,2.34,40,7,0,1,0,1,0,1,0.691,1465,1730,0.6606,1
GH01028,Central,Maize,1.15,14,3,1,1,1,2,1,0,0.821,222,307,0.8174,1
GH01029,Volta,Cassava,1.58,20,7,0,0,0,1,0,0,0.851,877,1125,0.5119,0
GH01030,Volta,Cassava,1.73,12,10,1,1,0,2,0,1,0.731,772,730,0.8288,1
GH01031,Upper West,Maize,2.68,3,11,0,1,0,2,0,0,0.633,821,1223,0.4995,0
GH01032,Brong-Ahafo,Rice,5.24,7,4,1,0,0,1,1,1,0.702,4027,3768,0.4123,0
GH01033,Upper East,Yam,3.99,30,8,1,0,0,0,0,1,0.434,4663,4398,0.7464,1
GH01034,Western,Cassava,0.67,6,5,1,0,1,0,0,1,0.877,321,157,0.7698,1
GH01035,Upper East,Yam,2.13,31,9,1,0,0,2,0,1,0.751,2136,1022,0.6039,1
GH01036,Central,Maize,3.05,40,8,1,0,1,0,0,1,0.694,983,494,0.6887,1
GH01037,Northern,Yam,2.81,37,3,0,0,0,3,0,0,0.649,2775,2803,0.4472,1
GH01038,Upper East,Yam,1.17,28,5,0,0,0,2,0,0,0.69,1193,952,0.5475,0
GH01039,Northern,Rice,14.01,19,5,1,0,0,1,0,1,0.627,13074,9976,0.3822,0
GH01040,Ashanti,Maize,0.75,37,8,1,1,0,2,0,1,0.651,205,100,0.8316,1
GH01041,Central,Maize,0.85,17,5,0,1,0,2,0,0,0.794,161,122,0.6412,0
GH01042,Upper West,Maize,2.15,6,7,0,1,0,0,0,0,0.709,528,398,0.4678,0
GH01043,Volta,Yam,8.02,10,6,0,1,0,2,0,0,0.709,4974,5198,0.423,1
GH01044,Brong-Ahafo,Yam,1.01,35,11,1,1,0,2,0,1,0.769,967,741,0.5661,1
GH01045,Western,Cassava,1.51,35,10,0,0,0,0,1,1,0.756,867,696,0.8614,1
GH01046,Central,Cassava,3.87,37,5,0,1,0,1,0,1,0.832,2082,1306,0.7719,1
GH01047,Upper East,Rice,1.8,32,7,1,1,0,0,0,1,0.616,1865,854,0.8796,1
GH01048,Upper West,Yam,1.44,21,8,1,0,0,1,0,0,0.62,1824,1204,0.5889,0
GH01049,Upper West,Rice,2.71,18,9,0,0,0,1,0,1,0.575,2308,811,0.4016,1
GH01050,Western,Cassava,2.21,21,3,0,1,0,2,0,0,0.875,605,329,0.6964,1
GH01051,Central,Plantain,3.75,29,5,1,1,0,1,0,0,0.904,2144,1479,0.8727,1
GH01052,Volta,Maize,4.5,22,5,0,1,1,0,0,1,0.789,1056,501,0.8581,1
GH01053,Brong-Ahafo,Yam,2.26,20,5,1,1,0,1,1,0,0.727,2680,2943,0.8128,1
GH01054,Upper East,Yam,2.23,4,4,1,0,0,2,1,1,0.535,2388,1521,0.7275,0
GH01055,Upper West,Maize,2.12,31,6,1,1,0,1,0,0,0.747,665,691,0.8199,1
GH01056,Upper East,Rice,2.57,6,7,0,0,0,1,0,0,0.596,2291,2457,0.3241,0
GH01057,Brong-Ahafo,Yam,1.89,7,6,1,0,0,1,1,1,0.729,2816,2356,0.5615,0
GH01058,Volta,Maize,1.82,4,7,1,0,0,2,0,0,0.612,558,468,0.5209,0
GH01059,Brong-Ahafo,Cassava,4.21,25,3,1,1,1,2,0,1,0.705,1644,1640,0.7909,0
GH01060,Ashanti,Maize,5.27,2,9,1,1,1,0,0,1,0.714,1776,1092,0.7034,1
GH01061,Upper East,Yam,0.63,37,10,0,0,0,1,0,0,0.62,580,189,0.4331,0
GH01062,Greater Accra,Maize,1.83,16,6,1,1,0,1,0,1,0.787,644,692,0.7457,1
GH01063,Volta,Maize,1.13,39,9,0,0,0,2,0,1,0.731,410,422,0.7433,0
GH01064,Eastern,Cassava,1.47,19,3,0,1,0,0,0,1,0.7,868,757,0.5235,0
GH01065,Brong-Ahafo,Rice,2.42,24,8,1,0,0,1,1,1,0.862,1459,1971,0.4414,0
GH01066,Volta,Maize,2.91,30,3,0,0,0,2,0,0,0.671,733,667,0.6818,0
GH01067,Northern,Rice,1.68,23,5,1,0,0,1,0,0,0.654,1726,1146,0.5098,1
GH01068,Brong-Ahafo,Rice,0.48,25,5,1,0,0,2,0,1,0.708,544,629,0.6536,0
GH01069,Upper East,Yam,0.93,14,6,1,0,0,1,0,1,0.56,949,1381,0.3672,1
GH01070,Northern,Yam,3.41,34,5,0,0,0,3,0,1,0.571,3248,3846,0.2785,0
GH01071,Northern,Maize,0.3,23,7,1,0,0,3,0,1,0.639,64,100,0.4728,0
GH01072,Greater Accra,Maize,4.18,36,5,1,1,0,2,0,1,0.737,889,387,0.8794,1
GH01073,Volta,Yam,2.62,18,9,0,0,0,3,0,0,0.775,2764,1230,0.423,1
GH01074,Volta,Cassava,4.58,23,7,0,0,0,1,1,0,0.77,2741,1331,0.507,0
GH01075,Upper East,Maize,1.59,6,4,1,0,0,2,0,0,0.615,310,354,0.2163,1
GH01076,Ashanti,Cassava,0.43,26,5,1,1,0,1,0,1,0.873,263,202,0.9179,1
GH01077,Volta,Maize,2.46,7,8,1,1,0,2,1,1,0.705,870,760,0.771,1
GH01078,Upper East,Maize,4.45,18,5,1,0,0,1,1,1,0.594,1391,854,0.8825,1
GH01079,Upper East,Rice,3.48,32,6,1,0,0,1,1,1,0.549,3751,4439,0.7235,0
GH01080,Eastern,Cassava,1.15,18,7,1,0,0,3,1,0,0.92,647,850,0.8635,1
GH01081,Volta,Yam,1.94,34,5,1,1,0,1,0,1,0.721,2098,1033,0.7075,1
GH01082,Upper East,Yam,1.25,40,5,0,0,0,2,0,1,0.569,1347,716,0.2969,0
GH01083,Ashanti,Maize,1.03,38,6,1,0,0,2,1,1,0.727,364,257,0.7599,1
GH01084,Eastern,Cocoa,3.56,5,4,1,0,0,1,0,0,0.776,2782,1770,0.6043,1
GH01085,Volta,Yam,0.79,15,4,1,0,0,1,0,1,0.913,712,668,0.7282,1
GH01086,Ashanti,Cocoa,0.97,14,3,1,1,0,0,0,0,0.874,742,893,0.7361,0
GH01087,Western,Cocoa,0.84,28,5,1,0,0,3,0,1,0.865,644,806,0.9145,1
GH01088,Upper East,Maize,0.64,25,5,0,0,0,3,0,0,0.527,170,100,0.4347,0
GH01089,Northern,Maize,2.02,28,11,1,0,0,2,0,1,0.704,675,345,0.5559,1
GH01090,Brong-Ahafo,Cassava,4.11,9,6,1,0,0,2,0,0,0.736,2197,1618,0.5009,0
GH01091,Brong-Ahafo,Rice,1.6,40,8,1,1,1,0,1,0,0.76,1479,706,0.7841,1
GH01092,Western,Cassava,0.64,22,2,1,0,0,1,1,1,1.0,370,152,0.8174,1
GH01093,Central,Plantain,3.28,12,3,1,0,0,1,0,1,0.773,1413,835,0.7684,0
GH01094,Upper West,Rice,5.93,32,8,1,0,0,2,0,1,0.653,3862,2984,0.8148,0
GH01095,Eastern,Plantain,1.16,28,7,1,0,1,1,0,0,0.848,501,504,0.6524,1
GH01096,Brong-Ahafo,Maize,1.3,28,4,0,0,0,2,0,0,0.772,355,415,0.4843,1
GH01097,Ashanti,Cassava,2.61,9,5,0,0,1,2,0,0,0.792,1806,1025,0.4323,1
GH01098,Northern,Rice,5.67,34,6,1,0,0,0,0,0,0.588,4549,5834,0.6779,1
GH01099,Western,Cassava,1.27,13,8,0,1,0,0,0,1,0.858,717,244,0.4285,0
GH01100,Eastern,Cassava,0.72,36,3,0,1,0,0,0,0,0.779,444,370,0.5316,0
GH01101,Central,Maize,2.83,35,6,0,1,0,2,0,1,0.603,729,773,0.1631,0
GH01102,Central,Plantain,3.19,17,7,1,1,0,1,1,1,0.784,1474,957,0.697,1
GH01103,Northern,Yam,1.83,37,11,0,0,0,1,0,1,0.61,2233,2502,0.3768,0
GH01104,Eastern,Cocoa,1.23,3,8,0,1,0,2,0,0,0.749,967,1296,0.4278,0
GH01105,Volta,Yam,3.65,13,4,1,0,0,0,1,0,0.762,3264,1329,0.427,0
GH01106,Northern,Yam,2.64,28,7,1,0,0,1,1,0,0.574,2442,2235,0.4282,0
GH01107,Northern,Maize,1.06,18,8,0,0,0,2,0,1,0.612,299,100,0.6036,1
GH01108,Brong-Ahafo,Cassava,1.89,21,7,0,1,0,2,0,1,0.953,1058,672,0.607,1
GH01109,Western,Cassava,0.71,22,8,1,1,0,2,0,1,0.938,465,216,0.5749,0
GH01110,Brong-Ahafo,Cassava,2.95,31,9,0,0,0,0,0,1,0.827,1714,1798,0.376,1
GH01111,Ashanti,Plantain,1.52,21,3,1,1,0,1,0,0,0.97,615,368,0.6305,1
GH01112,Upper East,Yam,1.34,9,3,1,0,0,2,0,1,0.579,1138,727,0.5045,0
GH01113,Northern,Maize,1.78,19,8,1,0,1,0,1,1,0.61,525,287,0.7358,1
GH01114,Eastern,Plantain,1.87,19,4,1,1,0,3,0,0,0.741,969,574,0.5538,0
GH01115,Eastern,Maize,3.41,19,3,0,1,0,1,1,1,0.867,787,449,0.8099,1
GH01116,Upper West,Rice,2.76,3,5,1,1,0,1,0,0,0.767,2706,3078,0.7766,1
GH01117,Brong-Ahafo,Rice,1.63,13,8,0,1,0,1,0,0,0.823,727,1052,0.6846,1
GH01118,Volta,Cassava,3.11,33,3,1,0,0,3,0,0,0.894,1742,1547,0.7778,1
GH01119,Upper East,Rice,2.41,9,7,1,0,0,2,0,1,0.366,1348,1376,0.4959,0
GH01120,Eastern,Plantain,1.35,11,2,1,1,0,1,0,1,1.0,800,1025,0.7575,1
GH01121,Eastern,Cassava,1.67,12,3,1,1,0,2,0,0,0.807,830,723,0.8522,1
GH01122,Brong-Ahafo,Yam,1.64,15,5,0,1,0,1,0,1,0.938,1900,1259,0.7269,1
GH01123,Upper West,Yam,2.6,27,3,1,0,0,1,0,0,0.749,2416,3482,0.4454,0
GH01124,Northern,Rice,1.41,31,8,0,0,0,1,0,1,0.697,1445,2005,0.4558,0
GH01125,Central,Cassava,1.39,5,9,1,1,0,1,0,0,0.813,457,258,0.5318,1
GH01126,Northern,Yam,7.23,40,8,1,0,0,1,0,1,0.648,8570,9801,0.661,0
GH01127,Western,Cassava,3.52,12,4,1,1,0,0,0,1,0.687,1623,1747,0.8401,1
GH01128,Eastern,Plantain,1.07,25,6,0,1,0,0,0,0,0.899,580,626,0.5825,0
GH01129,Western,Cassava,2.72,23,4,1,1,0,0,0,0,0.636,1547,2006,0.5638,1
GH01130,Central,Maize,1.98,4,4,0,0,0,1,0,0,0.766,396,439,0.5357,1
GH01131,Ashanti,Cocoa,2.4,38,6,0,1,0,3,0,1,0.958,2031,1872,0.8968,1
GH01132,Brong-Ahafo,Rice,2.01,3,7,1,1,0,2,1,0,0.808,1756,2310,0.6316,1
GH01133,Eastern,Cocoa,4.19,13,3,1,0,0,3,0,0,0.713,3026,1869,0.7852,1
GH01134,Brong-Ahafo,Rice,2.32,22,5,1,1,0,1,0,1,0.643,2024,2257,0.8317,1
GH01135,Ashanti,Maize,1.74,6,10,0,1,0,1,0,1,0.717,495,565,0.4666,1
GH01136,Volta,Cassava,3.78,8,5,1,1,0,2,1,1,0.786,2316,3114,0.903,1
GH01137,Volta,Maize,2.15,5,10,1,1,0,2,0,1,0.8,540,809,0.5303,0
GH01138,Upper West,Yam,1.98,37,13,1,0,0,2,0,0,0.658,2330,2258,0.4617,1
GH01139,Brong-Ahafo,Rice,2.27,23,6,0,0,0,2,1,1,0.665,2049,1806,0.4449,1
GH01140,Brong-Ahafo,Maize,1.71,30,4,0,1,0,2,0,1,0.779,458,468,0.5851,1
GH01141,Ashanti,Maize,1.83,10,8,0,1,0,2,0,1,0.823,695,758,0.7437,1
GH01142,Upper East,Maize,1.21,27,4,0,0,0,2,0,1,0.604,366,423,0.468,0
GH01143,Western,Cocoa,1.08,13,4,1,1,0,3,0,1,1.0,792,505,0.7022,1
GH01144,Eastern,Plantain,0.91,2,8,1,0,0,3,0,1,0.883,511,452,0.5229,1
GH01145,Ashanti,Plantain,0.69,9,5,0,1,0,1,0,1,0.902,340,253,0.542,1
GH01146,Northern,Maize,0.98,34,4,0,0,0,0,0,0,0.765,337,117,0.4727,0
GH01147,Central,Maize,1.61,5,7,1,1,0,0,0,1,0.858,445,459,0.9015,1
GH01148,Eastern,Cocoa,1.96,15,7,1,0,0,0,1,0,0.791,1610,2173,0.6368,1
GH01149,Northern,Maize,1.51,30,3,0,1,0,0,1,1,0.714,329,462,0.7538,1
GH01150,Upper East,Maize,0.35,15,4,1,0,0,1,0,1,0.533,62,100,0.7048,1
GH01151,Ashanti,Maize,5.49,10,4,1,1,0,0,0,0,0.686,1646,2007,0.5796,0
GH01152,Ashanti,Maize,3.9,10,5,0,1,0,2,0,1,0.693,999,1154,0.7963,0
GH01153,Western,Plantain,2.49,27,8,0,0,0,1,0,1,0.949,1207,694,0.5269,0
GH01154,Brong-Ahafo,Cassava,6.93,18,7,1,0,0,2,1,1,0.83,1935,727,0.7288,1
GH01155,Ashanti,Maize,0.92,5,7,1,1,0,0,0,0,0.85,342,410,0.5719,1
GH01156,Brong-Ahafo,Yam,6.83,4,2,1,1,0,2,1,1,0.8,7029,4493,0.83,1
GH01157,Ashanti,Cocoa,0.93,30,3,0,0,0,2,0,0,0.85,831,797,0.5102,1
GH01158,Eastern,Cocoa,2.15,26,4,0,1,0,1,0,1,0.86,1095,1017,0.7545,1
GH01159,Upper West,Yam,0.75,22,4,0,0,0,3,0,1,0.657,771,988,0.4271,1
GH01160,Central,Plantain,1.84,13,3,1,0,0,1,0,0,0.802,1003,1077,0.5757,1
GH01161,Eastern,Cassava,2.39,2,5,1,0,0,2,1,1,0.712,1288,1696,0.4292,1
GH01162,Upper East,Rice,1.64,2,3,0,0,0,2,1,1,0.546,1390,1672,0.5687,0
GH01163,Northern,Maize,3.0,8,8,1,0,0,1,1,0,0.659,601,901,0.6896,1
GH01164,Volta,Maize,1.95,11,8,0,1,0,0,0,0,0.678,575,769,0.5003,0
GH01165,Volta,Yam,1.26,16,6,1,1,0,0,1,0,0.92,1056,584,0.8353,1
GH01166,Ashanti,Cocoa,1.23,41,3,1,1,0,3,0,1,0.87,761,1106,0.7985,1
GH01167,Upper West,Maize,3.21,12,9,0,1,0,2,1,0,0.6,894,633,0.7662,0
GH01168,Greater Accra,Cassava,1.15,24,11,1,0,0,1,0,1,0.816,561,577,0.6575,1
GH01169,Western,Plantain,3.46,14,4,0,1,0,2,0,0,0.923,1641,2346,0.4214,1
GH01170,Greater Accra,Maize,4.29,28,7,1,1,0,0,1,1,0.718,1458,812,0.9135,1
GH01171,Western,Cassava,0.57,18,8,0,0,0,0,0,0,0.865,290,385,0.5133,1
GH01172,Upper West,Maize,4.03,14,6,0,0,0,3,1,1,0.555,1030,1487,0.7852,1
GH01173,Brong-Ahafo,Rice,7.71,13,5,1,0,0,1,0,0,0.76,6091,8068,0.7884,1
GH01174,Northern,Maize,2.17,30,6,1,0,0,1,1,0,0.654,468,600,0.7915,1
GH01175,Western,Cassava,2.77,22,6,1,1,0,3,0,0,0.748,1502,928,0.7993,1
GH01176,Volta,Cassava,3.77,21,5,1,0,1,1,0,0,0.646,2265,1786,0.7296,1
GH01177,Ashanti,Cassava,1.5,21,10,0,1,0,1,0,1,0.74,837,1015,0.4594,0
GH01178,Upper East,Yam,2.07,32,7,1,0,0,1,1,1,0.655,2102,929,0.6499,0
GH01179,Central,Cassava,0.73,9,4,1,1,0,2,0,1,0.87,429,586,0.9513,1
GH01180,Ashanti,Plantain,2.01,25,6,1,1,0,2,0,0,0.793,901,498,0.5032,1
GH01181,Eastern,Plantain,2.58,12,7,1,1,0,0,0,0,0.982,1311,1282,0.7359,0
GH01182,Brong-Ahafo,Rice,2.62,40,3,0,0,0,2,1,1,0.853,2716,1157,0.7386,1
GH01183,Upper West,Yam,3.84,34,5,1,0,0,2,0,1,0.693,3643,1902,0.7737,0
GH01184,Central,Maize,1.06,16,9,1,1,0,2,0,1,0.732,330,331,0.7574,1
GH01185,Volta,Yam,1.26,5,6,0,1,0,3,0,0,0.833,1431,1519,0.7314,1
GH01186,Ashanti,Cocoa,6.87,2,4,1,1,1,1,0,0,0.862,4113,2565,0.7824,1
GH01187,Central,Plantain,1.64,33,3,0,1,0,1,0,1,0.792,940,416,0.8097,1
GH01188,Brong-Ahafo,Cassava,2.1,12,6,1,1,0,2,1,0,0.772,969,930,0.7988,1
GH01189,Brong-Ahafo,Rice,1.74,31,6,1,1,1,1,0,0,0.667,1530,2002,0.7475,0
GH01190,Ashanti,Maize,1.03,38,5,1,1,0,0,0,1,0.708,250,135,0.7326,1
GH01191,Brong-Ahafo,Maize,5.68,20,7,1,1,0,0,0,1,0.638,1665,1881,0.849,1
GH01192,Northern,Rice,1.26,37,3,0,0,0,2,0,0,0.712,1047,799,0.5852,1
GH01193,Central,Plantain,0.83,35,3,1,1,0,0,0,0,0.844,428,613,0.8516,1
GH01194,Eastern,Cocoa,1.33,8,6,1,0,0,1,1,0,0.76,989,395,0.7559,1
GH01195,Eastern,Cocoa,0.45,21,3,1,0,0,0,0,1,0.876,284,100,0.5709,0
GH01196,Volta,Yam,1.15,13,9,1,1,0,2,0,1,0.75,889,399,0.6832,0
GH01197,Volta,Cassava,0.93,33,3,0,1,0,2,0,1,0.864,496,615,0.7062,1
GH01198,Greater Accra,Cassava,2.81,3,7,1,1,0,1,0,1,0.876,1801,2535,0.8359,1
GH01199,Central,Plantain,1.14,23,5,0,1,0,2,0,0,0.735,642,826,0.6261,1
GH01200,Ashanti,Cocoa,3.39,41,5,0,1,0,2,1,1,0.795,2606,3027,0.8497,1
GH01201,Western,Cassava,4.85,25,8,1,1,0,2,0,0,0.747,2286,844,0.6098,0
GH01202,Ashanti,Cocoa,3.15,32,6,0,1,0,1,0,1,0.88,2306,1283,0.8205,1
GH01203,Central,Plantain,1.57,5,7,1,1,0,2,1,1,0.937,660,939,0.8867,1
GH01204,Central,Maize,2.01,25,6,1,1,0,3,1,0,0.666,511,535,0.853,1
GH01205,Central,Plantain,0.63,18,6,1,1,0,0,0,1,0.84,340,293,0.759,0
GH01206,Brong-Ahafo,Yam,1.66,41,8,1,1,0,1,0,1,0.842,1065,1153,0.8926,1
GH01207,Upper West,Yam,1.0,20,6,0,0,0,1,0,0,0.485,1357,698,0.2984,0
GH01208,Brong-Ahafo,Maize,2.96,41,6,1,0,0,2,1,1,0.695,602,826,0.8979,1
GH01209,Northern,Rice,11.03,39,8,0,0,0,2,0,1,0.635,12309,10000,0.711,0
GH01210,Brong-Ahafo,Cassava,2.59,35,10,1,1,0,1,0,1,0.865,1132,980,0.6542,1
GH01211,Ashanti,Cassava,0.45,34,5,0,1,0,1,0,0,0.859,196,166,0.6397,1
GH01212,Volta,Yam,1.42,7,6,1,1,1,3,0,0,0.81,1318,1696,0.7995,1
GH01213,Brong-Ahafo,Maize,1.99,37,3,0,1,0,2,0,1,0.778,504,337,0.6626,0
GH01214,Volta,Yam,1.94,14,5,1,0,1,3,0,0,0.72,1719,799,0.7861,1
GH01215,Northern,Yam,1.09,10,5,0,0,0,2,0,1,0.766,1017,532,0.1982,0
GH01216,Ashanti,Cassava,2.16,36,8,0,0,0,1,1,0,0.761,1155,459,0.6989,0
GH01217,Western,Plantain,0.76,35,6,0,0,0,0,0,1,0.628,314,286,0.6034,0
GH01218,Brong-Ahafo,Yam,0.94,17,7,1,0,0,2,0,1,0.606,1107,1232,0.2857,0
GH01219,Volta,Yam,2.86,19,2,1,1,0,1,1,1,0.741,3697,5253,0.8389,1
GH01220,Brong-Ahafo,Rice,0.89,19,6,0,1,0,1,0,1,0.723,441,530,0.5539,0
GH01221,Volta,Maize,2.66,39,9,1,1,0,1,0,1,0.687,1012,1012,0.8941,1
GH01222,Ashanti,Cassava,0.7,33,4,1,1,0,3,0,1,0.827,424,567,0.7564,1
GH01223,Northern,Yam,6.27,8,2,1,0,0,0,1,1,0.731,6646,9109,0.7651,1
GH01224,Upper West,Maize,1.06,24,5,1,0,0,1,1,1,0.626,260,300,0.7763,1
GH01225,Western,Cassava,1.56,24,7,1,1,1,2,0,0,0.892,846,311,0.7849,1
GH01226,Volta,Maize,2.3,19,5,1,1,0,3,0,1,0.644,753,490,0.875,1
GH01227,Upper West,Maize,1.23,8,5,1,1,0,3,1,1,0.548,519,365,0.6946,1
GH01228,Volta,Cassava,2.01,41,7,1,1,0,2,0,0,0.836,1518,2272,0.8934,1
GH01229,Brong-Ahafo,Maize,2.73,25,4,1,1,0,0,0,0,0.739,526,451,0.9165,0
GH01230,Central,Cassava,3.57,15,8,1,1,0,1,0,0,0.878,1796,2181,0.8121,1
GH01231,Central,Cassava,3.17,6,4,0,0,0,3,1,0,0.889,1690,2157,0.672,1
GH01232,Eastern,Plantain,1.62,23,5,1,1,0,2,1,0,0.838,1036,1123,0.7677,1
GH01233,Eastern,Plantain,1.64,23,7,0,1,0,2,1,0,0.952,813,262,0.8981,1
GH01234,Northern,Maize,9.43,11,8,1,1,0,1,1,0,0.572,2222,718,0.8117,1
GH01235,Brong-Ahafo,Yam,3.54,27,8,1,0,0,0,1,1,0.684,3607,4626,0.6343,1
GH01236,Upper East,Maize,0.96,16,7,1,1,0,2,0,0,0.424,246,292,0.7455,1
GH01237,Brong-Ahafo,Yam,1.95,39,5,1,0,0,2,0,1,0.81,2353,2220,0.7459,0
GH01238,Central,Maize,1.44,2,3,0,1,0,3,1,1,0.744,590,353,0.797,1
GH01239,Northern,Yam,1.66,15,4,1,1,0,2,0,1,0.736,1978,799,0.6782,1
GH01240,Upper West,Maize,0.77,37,9,0,0,0,2,1,1,0.61,254,126,0.444,0
GH01241,Upper East,Yam,1.37,32,9,0,0,0,2,1,1,0.558,1722,1716,0.4142,0
GH01242,Upper East,Rice,6.48,29,10,1,0,0,2,0,1,0.501,5726,5468,0.5284,1
GH01243,Brong-Ahafo,Maize,2.73,35,3,1,1,0,0,0,1,0.798,697,996,0.848,1
GH01244,Northern,Yam,0.32,36,6,1,1,0,3,0,1,0.631,303,439,0.7418,1
GH01245,Ashanti,Plantain,4.27,40,7,0,1,0,2,0,0,0.846,2624,2601,0.6158,1
GH01246,Eastern,Plantain,3.91,24,7,0,1,0,3,1,1,0.873,2085,2731,0.7123,1
GH01247,Eastern,Maize,1.42,20,7,0,0,0,2,0,1,0.786,317,404,0.7027,1
GH01248,Ashanti,Cassava,3.01,19,8,1,0,0,0,1,1,0.747,1994,2398,0.668,0
GH01249,Brong-Ahafo,Rice,1.0,16,5,0,0,0,0,0,0,0.792,685,565,0.163,0
GH01250,Western,Cocoa,1.31,2,4,0,1,0,1,1,0,0.926,716,549,0.6554,0
GH01251,Western,Cocoa,5.2,26,4,1,1,0,1,0,0,0.889,3026,1867,0.7392,1
GH01252,Central,Cassava,1.51,27,2,1,1,0,1,0,1,0.891,841,1198,0.8375,1
GH01253,Ashanti,Plantain,0.49,36,5,1,1,0,2,0,1,0.883,295,384,0.7825,1
GH01254,Brong-Ahafo,Rice,1.74,16,3,1,0,0,1,0,0,0.718,1481,759,0.7122,1
GH01255,Eastern,Maize,1.72,5,5,0,1,0,0,0,1,0.73,424,256,0.5345,1
GH01256,Western,Cassava,4.22,16,7,1,0,0,3,1,1,1.0,1858,1854,0.7854,1
GH01257,Brong-Ahafo,Yam,1.84,39,9,1,0,0,1,0,1,0.856,2141,1705,0.6599,1
GH01258,Upper West,Rice,1.36,40,8,1,1,0,2,0,0,0.606,1081,602,0.7545,1
GH01259,Ashanti,Cassava,3.79,2,4,1,1,0,0,0,1,0.87,2125,2655,0.7672,1
GH01260,Western,Cocoa,1.98,23,3,1,1,1,2,1,0,0.785,1358,410,0.8422,1
GH01261,Eastern,Cassava,1.08,12,4,0,1,0,0,0,1,0.767,601,428,0.6026,1
GH01262,Upper West,Maize,4.09,39,11,1,1,0,2,0,0,0.49,1224,1732,0.636,1
GH01263,Central,Maize,2.09,38,6,1,0,0,2,0,1,0.813,861,1044,0.8242,1
GH01264,Northern,Maize,1.83,27,4,1,0,0,3,0,1,0.639,549,429,0.4562,1
GH01265,Brong-Ahafo,Rice,2.06,28,8,1,0,0,1,0,0,0.837,1539,2177,0.541,1
GH01266,Brong-Ahafo,Cassava,0.86,14,5,1,0,0,0,0,1,0.763,467,645,0.5361,0
GH01267,Western,Plantain,1.26,8,9,1,0,0,3,0,0,0.935,514,187,0.7621,1
GH01268,Volta,Yam,1.83,9,4,1,0,0,1,0,0,0.802,1491,676,0.6879,0
GH01269,Volta,Cassava,1.59,24,5,1,1,0,1,0,1,0.977,1043,798,0.8406,1
GH01270,Northern,Rice,4.44,27,6,1,0,0,2,0,1,0.768,3815,5399,0.5267,0
GH01271,Upper West,Rice,2.12,28,9,1,0,0,0,0,0,0.729,2102,2760,0.5021,0
GH01272,Ashanti,Cassava,3.31,10,9,0,1,0,1,0,0,0.882,1173,419,0.7999,1
GH01273,Central,Plantain,1.83,39,6,1,1,1,1,0,0,0.778,742,679,0.8192,0
GH01274,Central,Cassava,3.82,14,4,0,1,1,1,0,1,0.863,2125,2474,0.78,1
GH01275,Northern,Rice,2.41,8,5,1,0,0,1,1,0,0.815,1630,1029,0.6168,1
GH01276,Central,Cassava,1.84,12,11,1,1,0,1,0,1,0.881,691,806,0.621,0
GH01277,Brong-Ahafo,Rice,1.81,11,6,0,1,0,2,1,1,0.684,1150,855,0.5839,0
GH01278,Northern,Yam,0.93,34,8,1,1,0,3,0,0,0.662,877,552,0.6034,1
GH01279,Upper West,Yam,2.6,40,5,1,1,0,0,0,0,0.531,2837,2188,0.6228,0
GH01280,Eastern,Maize,1.77,4,6,1,1,0,2,0,1,0.697,660,951,0.7527,0
GH01281,Brong-Ahafo,Yam,1.28,30,5,0,0,0,3,0,0,0.783,1019,1413,0.5478,1
GH01282,Brong-Ahafo,Yam,3.95,38,7,1,0,0,2,0,1,0.809,3185,4449,0.7896,1
GH01283,Brong-Ahafo,Maize,0.76,17,9,1,1,0,3,0,1,0.666,150,210,0.9074,1
GH01284,Central,Maize,1.36,17,6,1,1,0,1,0,0,0.745,421,216,0.9092,1
GH01285,Upper East,Yam,3.74,8,6,0,0,0,2,0,1,0.471,3864,5314,0.3738,1
GH01286,Northern,Rice,2.27,16,5,1,0,0,2,0,1,0.625,1484,823,0.6959,0
GH01287,Upper East,Yam,1.76,39,4,1,0,0,1,0,0,0.429,1479,1931,0.5996,1
GH01288,Eastern,Plantain,2.17,7,10,1,1,1,2,1,0,0.801,1067,1014,0.8889,1
GH01289,Volta,Cassava,2.07,19,5,0,0,0,2,0,0,0.786,1072,630,0.6114,0
GH01290,Brong-Ahafo,Rice,0.63,20,8,1,1,0,1,0,0,0.61,404,314,0.5443,1
GH01291,Greater Accra,Maize,1.43,3,7,1,1,0,0,1,1,0.734,411,337,0.9065,1
GH01292,Upper West,Rice,5.65,4,8,0,0,0,2,0,1,0.605,3317,3913,0.6185,0
GH01293,Brong-Ahafo,Yam,1.15,26,10,1,1,0,2,1,0,0.734,1171,1203,0.8579,1
GH01294,Ashanti,Maize,1.46,37,7,1,1,0,2,0,1,0.753,391,501,0.8675,0
GH01295,Volta,Maize,1.25,29,9,0,0,0,2,0,0,0.753,375,291,0.5162,0
GH01296,Central,Plantain,1.71,39,4,0,0,0,1,0,0,0.716,1071,1277,0.5496,1
GH01297,Upper East,Maize,1.21,29,7,1,1,0,1,0,0,0.622,311,389,0.7367,1
GH01298,Ashanti,Cassava,2.56,33,8,1,0,0,3,0,0,0.79,1344,505,0.692,0
GH01299,Upper East,Maize,2.09,37,4,1,0,0,2,0,1,0.517,350,263,0.6722,1
GH01300,Central,Cassava,3.13,40,7,0,1,0,2,0,0,0.691,2291,3123,0.6799,1
GH01301,Ashanti,Maize,0.87,37,8,0,1,0,3,0,0,0.744,152,174,0.6514,1
GH01302,Northern,Yam,1.44,24,8,1,0,0,3,0,0,0.676,1427,1145,0.788,1
GH01303,Brong-Ahafo,Maize,1.56,3,5,0,1,0,0,1,1,0.741,212,110,0.6666,1
GH01304,Eastern,Maize,2.51,11,7,0,0,0,1,0,1,0.779,582,242,0.4264,1
GH01305,Ashanti,Cassava,1.05,7,5,1,1,0,0,1,1,0.788,743,427,0.7995,1
GH01306,Brong-Ahafo,Maize,3.46,9,7,1,0,1,1,0,0,0.725,1180,700,0.4323,0
GH01307,Central,Plantain,4.18,16,6,1,1,0,2,0,1,0.761,2522,1878,0.8701,1
GH01308,Ashanti,Cassava,0.91,30,6,1,1,0,0,0,0,0.815,459,235,0.7318,1
GH01309,Volta,Cassava,1.29,29,5,0,1,0,3,1,1,0.741,901,428,0.7687,1
GH01310,Ashanti,Cassava,1.26,23,4,0,1,0,2,1,0,0.725,696,914,0.6623,0
GH01311,Greater Accra,Maize,11.5,35,4,1,1,0,2,0,1,0.875,3632,2177,0.7762,1
GH01312,Brong-Ahafo,Cassava,1.35,21,3,1,1,0,0,0,0,0.654,1084,1056,0.8584,1
GH01313,Central,Plantain,5.9,34,6,1,0,0,0,0,0,0.892,3622,1953,0.7124,1
GH01314,Western,Cassava,0.75,16,8,0,1,0,2,0,1,0.887,389,346,0.8679,1
GH01315,Brong-Ahafo,Maize,0.91,8,2,1,0,0,2,0,0,0.688,278,176,0.4932,0
GH01316,Western,Plantain,1.13,25,3,1,1,0,3,1,0,0.932,729,295,0.8949,1
GH01317,Brong-Ahafo,Yam,1.01,27,5,1,1,0,2,0,0,0.706,1145,1693,0.8107,0
GH01318,Upper West,Rice,1.51,11,7,1,1,1,1,1,0,0.561,1415,1202,0.7977,1
GH01319,Northern,Maize,1.11,16,4,1,0,0,1,0,0,0.519,387,299,0.3862,0
GH01320,Volta,Cassava,1.03,38,4,0,1,0,3,1,1,0.779,814,439,0.6373,1
GH01321,Northern,Rice,4.1,25,4,1,0,1,0,0,1,0.558,2700,2415,0.89,1
GH01322,Northern,Maize,4.29,12,5,1,0,0,2,0,0,0.552,1358,1443,0.3865,0
GH01323,Brong-Ahafo,Cassava,3.54,41,4,1,0,0,2,0,0,0.775,2029,1350,0.9167,1
GH01324,Brong-Ahafo,Cassava,2.63,22,5,1,1,0,1,0,1,0.778,1274,1117,0.7136,1
GH01325,Volta,Cassava,1.94,41,7,1,1,0,1,0,1,0.88,887,518,0.9229,1
GH01326,Central,Plantain,1.29,39,6,1,1,0,3,1,0,0.924,865,807,0.9157,0
GH01327,Eastern,Plantain,0.93,16,3,0,0,0,3,1,0,0.869,373,464,0.7059,0
GH01328,Upper West,Yam,2.35,16,7,1,0,1,3,0,1,0.598,1701,633,0.5911,1
GH01329,Central,Plantain,0.8,38,6,1,1,0,1,0,0,0.818,358,330,0.7359,1
GH01330,Western,Cocoa,0.91,15,10,1,1,0,0,1,1,0.858,413,322,0.762,1
GH01331,Upper East,Maize,4.08,22,4,0,0,0,3,0,1,0.52,941,366,0.5178,1
GH01332,Northern,Yam,6.89,21,7,1,1,1,0,1,1,0.579,5483,7833,0.8306,1
GH01333,Volta,Yam,2.4,34,7,0,1,0,2,0,0,0.744,2461,1506,0.5894,1
GH01334,Ashanti,Cocoa,3.95,4,4,1,0,1,1,1,0,0.765,3593,3512,0.5945,1
GH01335,Brong-Ahafo,Rice,1.53,41,9,1,0,0,2,0,1,0.685,1093,817,0.5843,1
GH01336,Greater Accra,Maize,0.71,24,6,1,1,0,1,0,1,0.891,231,144,0.8411,0
GH01337,Brong-Ahafo,Cassava,2.8,24,7,0,0,0,3,0,0,0.67,1691,1577,0.3618,0
GH01338,Upper West,Rice,2.71,28,3,1,1,0,3,1,0,0.527,1220,1375,0.6364,1
GH01339,Volta,Yam,1.92,36,4,1,0,0,1,0,0,0.852,1722,2140,0.6722,1
GH01340,Eastern,Maize,1.54,26,6,1,0,0,0,0,0,0.734,395,419,0.2439,0
GH01341,Central,Plantain,3.57,33,5,1,0,0,2,0,1,0.96,1937,1804,0.7694,1
GH01342,Western,Cassava,0.91,23,6,1,0,0,1,1,0,0.747,532,656,0.6651,1
GH01343,Eastern,Plantain,1.06,9,5,1,0,0,3,0,1,0.831,570,525,0.718,1
GH01344,Greater Accra,Cassava,0.9,39,7,1,1,0,0,0,0,0.927,388,570,0.8091,1
GH01345,Central,Cassava,1.93,19,6,1,1,0,0,1,1,0.768,885,825,0.6608,0
GH01346,Volta,Maize,0.85,29,2,1,1,0,2,1,1,0.864,165,112,0.8608,1
GH01347,Northern,Rice,1.13,29,7,1,0,0,2,0,1,0.604,927,775,0.6842,0
GH01348,Upper West,Maize,1.11,12,5,1,1,0,1,1,1,0.631,285,253,0.7839,0
GH01349,Upper West,Yam,1.52,13,5,1,0,0,1,0,1,0.556,1695,1085,0.3806,1
GH01350,Central,Maize,0.64,3,3,1,1,0,1,0,1,0.909,202,100,0.785,0
GH01351,Eastern,Cassava,1.94,38,4,1,1,0,1,0,1,0.839,951,778,0.8946,0
GH01352,Volta,Cassava,4.36,5,4,1,0,0,1,0,1,0.948,2418,3328,0.5013,0
GH01353,Eastern,Cocoa,2.0,35,10,1,0,0,2,0,0,0.929,1350,819,0.3791,0
GH01354,Upper West,Maize,5.36,24,5,1,0,1,0,0,1,0.657,1156,849,0.8606,1
GH01355,Western,Cassava,4.64,14,2,0,0,0,1,0,0,0.764,2046,2474,0.5117,1
GH01356,Northern,Rice,3.14,8,3,1,0,0,2,0,1,0.642,1389,554,0.4916,1
GH01357,Upper West,Maize,1.92,33,3,1,1,0,0,0,1,0.565,491,633,0.652,0
GH01358,Upper West,Yam,1.85,24,6,1,1,0,3,0,0,0.612,1643,1913,0.6944,0
GH01359,Volta,Cassava,3.11,9,4,1,0,0,2,0,1,0.792,1275,1224,0.7595,0
GH01360,Eastern,Plantain,1.39,38,6,1,1,0,0,0,1,0.753,815,449,0.5996,0
GH01361,Ashanti,Cocoa,0.49,35,5,1,0,1,3,1,0,0.822,382,157,0.784,1
GH01362,Eastern,Cocoa,2.57,30,8,0,1,0,2,0,1,0.827,2014,1164,0.8744,1
GH01363,Upper East,Maize,0.83,38,5,1,0,0,2,1,1,0.484,262,318,0.7835,1
GH01364,Eastern,Maize,0.93,24,5,0,1,0,3,0,0,0.829,258,366,0.7506,1
GH01365,Upper West,Maize,1.82,39,7,1,1,0,3,0,1,0.608,504,597,0.8196,1
GH01366,Central,Cassava,1.7,30,5,0,1,0,1,0,0,0.905,1041,971,0.7109,1
GH01367,Northern,Maize,0.68,6,8,1,0,0,1,0,1,0.654,214,308,0.4019,1
GH01368,Brong-Ahafo,Cassava,2.05,41,7,0,0,0,1,1,1,0.643,1297,1679,0.5649,0
GH01369,Upper West,Yam,3.58,12,5,1,1,0,2,0,1,0.543,3577,3888,0.7713,1
GH01370,Northern,Rice,0.83,15,6,1,1,0,3,0,0,0.767,540,187,0.6028,0
GH01371,Brong-Ahafo,Yam,4.44,3,11,1,1,0,0,0,1,0.813,4688,3025,0.7059,1
GH01372,Central,Maize,0.61,36,7,0,1,0,0,0,1,0.66,150,100,0.6725,1
GH01373,Upper West,Maize,8.02,36,9,0,0,0,2,1,1,0.628,2516,1803,0.8755,0
GH01374,Greater Accra,Cassava,1.37,29,4,1,0,0,1,0,1,0.798,761,584,0.6703,0
GH01375,Brong-Ahafo,Maize,2.02,9,6,0,0,1,1,0,1,0.562,566,808,0.6574,0
GH01376,Western,Cassava,0.48,33,9,1,0,0,1,1,1,0.973,232,276,0.8475,1
GH01377,Upper East,Maize,1.74,5,5,1,0,0,1,0,0,0.571,579,654,0.3705,1
GH01378,Western,Cassava,2.14,8,11,1,1,0,3,0,0,0.857,1331,1081,0.5171,0
GH01379,Eastern,Plantain,1.72,40,3,0,1,1,3,0,1,0.724,770,543,0.8284,0
GH01380,Greater Accra,Cassava,1.23,28,9,1,1,0,1,0,1,0.773,487,216,0.8526,1
GH01381,Volta,Cassava,0.94,38,5,1,0,0,3,0,0,0.653,511,431,0.4573,1
GH01382,Northern,Rice,4.02,18,3,1,1,0,1,0,0,0.748,4029,2201,0.7832,0
GH01383,Upper East,Rice,1.86,11,9,1,0,1,2,1,1,0.454,1126,866,0.8036,1
GH01384,Brong-Ahafo,Maize,5.36,5,4,1,0,0,1,1,1,0.859,1627,793,0.7276,0
GH01385,Eastern,Plantain,1.26,24,2,1,1,0,2,0,1,0.746,531,378,0.8701,1
GH01386,Brong-Ahafo,Cassava,1.34,15,3,1,0,1,1,0,1,0.682,560,197,0.6986,0
GH01387,Brong-Ahafo,Maize,3.22,6,7,1,0,1,1,0,1,0.726,1060,326,0.7226,1
GH01388,Ashanti,Maize,0.59,3,11,1,1,0,3,0,0,0.71,185,249,0.7953,0
GH01389,Ashanti,Maize,0.78,25,3,1,0,0,1,0,1,0.773,210,225,0.4317,0
GH01390,Western,Plantain,3.93,19,6,0,1,0,3,0,1,0.78,2293,2305,0.6153,1
GH01391,Brong-Ahafo,Rice,0.8,28,4,1,0,0,0,0,0,0.725,737,675,0.7197,1
GH01392,Upper East,Maize,0.51,25,7,0,0,0,0,1,1,0.504,99,116,0.6628,1
GH01393,Volta,Cassava,6.74,30,3,1,1,0,3,0,1,0.849,3598,4258,0.731,1
GH01394,Northern,Rice,0.69,12,4,1,0,0,2,0,0,0.676,717,1020,0.7036,1
GH01395,Brong-Ahafo,Rice,2.07,19,4,1,0,1,1,1,1,0.77,1836,1089,0.4484,1
GH01396,Upper East,Yam,1.91,5,6,0,1,0,0,0,0,0.669,918,1140,0.5032,0
GH01397,Northern,Yam,0.3,34,9,0,1,0,2,1,1,0.656,238,354,0.7459,1
GH01398,Upper East,Rice,1.51,15,6,1,0,1,1,0,1,0.599,1467,491,0.4943,0
GH01399,Upper West,Maize,2.49,33,3,1,1,1,2,0,0,0.58,614,460,0.7028,1
GH01400,Western,Cassava,2.34,5,6,0,0,0,2,1,1,0.783,1504,1238,0.484,0
GH01401,Northern,Rice,3.43,21,8,1,0,1,2,0,0,0.578,3915,5035,0.5622,0
GH01402,Central,Cassava,1.39,22,3,0,0,0,3,0,1,0.852,695,220,0.8375,1
GH01403,Upper East,Rice,3.0,4,3,1,0,0,2,0,1,0.666,2130,2169,0.6538,1
GH01404,Ashanti,Plantain,1.12,26,4,0,0,0,1,0,0,0.871,451,618,0.6985,1
GH01405,Volta,Cassava,0.68,5,7,1,0,0,1,0,0,0.825,411,196,0.4304,0
GH01406,Ashanti,Maize,0.73,12,6,1,0,0,1,1,0,0.677,178,100,0.6138,0
GH01407,Central,Maize,0.65,17,6,0,1,0,1,1,1,0.832,166,249,0.5938,1
GH01408,Upper West,Yam,3.69,37,4,1,0,0,1,0,0,0.578,2895,3738,0.5218,1
GH01409,Northern,Rice,0.63,7,5,1,0,1,2,0,1,0.649,466,530,0.5358,0
GH01410,Eastern,Cassava,2.21,32,11,1,0,0,2,0,0,0.859,996,776,0.6941,1
GH01411,Greater Accra,Maize,1.51,41,4,1,1,0,2,1,1,0.723,253,335,0.8338,1
GH01412,Volta,Maize,1.7,14,9,1,1,0,2,0,1,0.743,393,553,0.6131,1
GH01413,Central,Maize,4.73,24,6,0,0,0,1,0,1,0.809,1508,1778,0.628,1
GH01414,Volta,Maize,1.34,5,3,0,0,0,2,0,1,0.81,472,367,0.4746,1
GH01415,Ashanti,Plantain,2.8,38,6,1,1,0,2,1,0,0.784,1381,1381,0.7831,0
GH01416,Upper West,Maize,1.87,38,10,0,1,0,2,0,1,0.585,522,218,0.5089,1
GH01417,Volta,Maize,1.64,34,5,1,1,1,0,0,0,0.744,481,236,0.7128,1
GH01418,Brong-Ahafo,Rice,9.12,30,9,1,0,0,2,0,1,0.709,10287,10000,0.8018,0
GH01419,Eastern,Cocoa,0.66,38,4,1,0,0,2,0,1,0.792,372,125,0.7742,1
GH01420,Brong-Ahafo,Rice,4.49,20,6,0,0,0,0,0,1,0.704,2719,976,0.3694,1
GH01421,Upper East,Maize,2.88,21,8,0,0,0,0,0,0,0.555,791,720,0.2216,0
GH01422,Northern,Rice,1.3,33,10,1,0,0,2,0,0,0.775,1136,573,0.4002,1
GH01423,Northern,Maize,5.7,17,6,1,0,0,2,0,1,0.608,1571,1025,0.5367,0
GH01424,Brong-Ahafo,Yam,0.5,6,7,1,1,0,2,0,1,0.789,366,285,0.7219,0
GH01425,Brong-Ahafo,Rice,1.26,13,2,1,1,0,1,0,1,0.753,1201,1113,0.623,1
GH01426,Ashanti,Cocoa,0.78,22,4,1,0,0,0,0,0,0.81,535,343,0.8225,1
GH01427,Central,Maize,2.43,15,4,1,1,0,0,0,0,0.788,749,659,0.7567,1
GH01428,Northern,Rice,0.84,38,3,0,1,0,1,0,1,0.697,892,664,0.6754,0
GH01429,Volta,Maize,2.47,23,4,0,1,0,2,0,1,0.726,485,193,0.6947,1
GH01430,Upper East,Rice,1.6,31,5,1,0,0,2,0,0,0.572,851,1141,0.3247,0
GH01431,Eastern,Plantain,1.3,24,11,1,0,0,2,0,1,0.806,729,465,0.4657,0
GH01432,Western,Plantain,2.39,6,7,0,1,0,3,0,0,0.771,714,736,0.7482,1
GH01433,Upper East,Rice,1.51,30,5,0,0,0,0,0,1,0.668,1125,1107,0.6851,1
GH01434,Western,Cassava,0.85,31,12,1,0,0,0,0,0,0.804,395,213,0.2415,1
GH01435,Northern,Maize,12.95,19,4,1,0,0,0,0,1,0.733,3852,1294,0.7308,1
GH01436,Brong-Ahafo,Cassava,1.3,2,6,0,0,0,2,0,1,0.8,592,786,0.648,1
GH01437,Ashanti,Cocoa,0.39,40,7,0,1,0,1,0,0,0.947,302,271,0.647,1
GH01438,Upper East,Rice,1.01,18,3,1,0,0,2,1,1,0.569,644,514,0.8188,1
GH01439,Brong-Ahafo,Cassava,0.75,4,7,1,1,0,0,0,1,0.721,296,360,0.7376,1
GH01440,Central,Maize,3.25,8,3,1,0,0,0,0,1,0.873,905,308,0.683,0
GH01441,Northern,Rice,2.28,28,3,1,0,0,1,0,0,0.59,1886,2298,0.4889,1
GH01442,Northern,Rice,2.41,29,4,0,1,0,1,0,0,0.738,2067,1634,0.6062,1
GH01443,Northern,Maize,1.41,32,10,1,0,0,2,0,1,0.661,507,488,0.5411,1
GH01444,Brong-Ahafo,Rice,1.5,16,7,0,1,0,2,1,1,0.867,1526,1836,0.781,1
GH01445,Eastern,Cocoa,1.41,9,7,1,1,0,0,0,1,0.757,1085,1037,0.7149,1
GH01446,Northern,Rice,1.72,7,6,1,0,0,2,0,0,0.712,1619,606,0.403,0
GH01447,Western,Cocoa,3.27,29,5,1,0,0,2,1,0,0.801,2428,2851,0.4665,1
GH01448,Upper East,Rice,2.31,5,7,0,0,0,2,0,1,0.393,2312,2875,0.2846,0
GH01449,Western,Plantain,2.59,31,5,0,1,0,0,0,0,0.922,1400,1196,0.5192,1
GH01450,Upper West,Rice,2.58,18,3,1,1,0,2,0,0,0.609,1859,1537,0.4901,1
GH01451,Northern,Maize,3.38,35,7,1,1,0,0,0,1,0.692,797,480,0.6619,0
GH01452,Brong-Ahafo,Rice,2.23,7,3,0,1,0,1,1,1,0.757,2222,2384,0.7917,1
GH01453,Upper East,Rice,2.34,37,4,0,0,0,0,0,0,0.587,1826,2480,0.2533,0
GH01454,Northern,Maize,4.19,36,8,0,0,0,2,1,1,0.735,1608,1748,0.5321,1
GH01455,Northern,Maize,1.14,40,7,1,1,0,2,1,1,0.624,246,301,0.8837,1
GH01456,Greater Accra,Cassava,1.0,40,7,1,1,0,3,0,1,0.827,656,856,0.7828,1
GH01457,Northern,Rice,0.79,17,5,1,0,1,2,0,0,0.628,585,334,0.4157,0
GH01458,Central,Cassava,2.07,3,5,0,0,1,3,0,0,0.853,1175,919,0.6607,0
GH01459,Northern,Rice,0.5,9,7,0,0,0,2,1,1,0.407,300,247,0.3973,0
GH01460,Brong-Ahafo,Maize,2.52,16,7,1,0,1,1,0,0,0.769,442,429,0.6357,0
GH01461,Upper West,Rice,1.69,28,6,1,1,0,2,0,0,0.719,1774,637,0.6665,1
GH01462,Brong-Ahafo,Rice,4.03,17,11,1,0,0,1,1,1,0.746,2978,2996,0.7338,1
GH01463,Ashanti,Plantain,1.14,2,10,1,1,0,2,0,1,0.791,688,279,0.7687,1
GH01464,Eastern,Maize,1.58,11,5,1,1,1,2,0,1,0.796,381,483,0.8081,1
GH01465,Upper East,Rice,4.0,8,8,0,0,0,2,0,0,0.724,3879,5646,0.1807,0
GH01466,Eastern,Plantain,4.8,11,6,1,1,0,0,0,1,0.863,2212,1433,0.7813,1
GH01467,Brong-Ahafo,Cassava,1.13,13,6,1,1,0,2,0,0,0.797,450,409,0.6374,1
GH01468,Northern,Yam,2.07,18,3,1,1,0,0,1,1,0.604,2356,3034,0.8383,1
GH01469,Central,Cassava,2.24,13,6,1,1,1,0,0,1,0.754,1398,947,0.6866,0
GH01470,Western,Cocoa,2.37,16,9,1,1,0,2,0,1,0.862,1886,923,0.7388,0
GH01471,Western,Plantain,1.52,33,8,0,1,0,2,0,1,0.853,744,883,0.5316,1
GH01472,Northern,Maize,4.47,33,8,0,1,0,0,1,1,0.46,807,918,0.761,1
GH01473,Central,Maize,0.49,27,4,1,0,1,2,1,1,0.732,107,105,0.906,1
GH01474,Upper East,Yam,1.36,15,5,1,1,0,2,0,0,0.678,1178,1688,0.5598,0
GH01475,Ashanti,Cassava,2.49,27,4,0,1,0,0,0,0,0.794,1240,1793,0.5852,0
GH01476,Greater Accra,Maize,2.51,6,5,1,1,0,2,1,1,0.619,854,1139,0.6924,1
GH01477,Central,Maize,4.7,39,6,1,1,0,1,0,0,0.918,1274,830,0.742,1
GH01478,Western,Cocoa,4.22,5,5,0,1,0,2,0,0,0.789,1723,983,0.6777,0
GH01479,Ashanti,Cocoa,1.49,29,6,0,1,0,1,0,1,0.797,507,661,0.6231,1
GH01480,Northern,Yam,4.53,2,5,1,0,0,1,0,0,0.72,3932,4253,0.5283,0
GH01481,Upper West,Yam,1.11,14,4,1,1,0,3,0,0,0.551,1004,778,0.6214,1
GH01482,Greater Accra,Cassava,3.5,4,3,0,1,0,2,1,1,0.707,1968,1558,0.804,0
GH01483,Ashanti,Cassava,6.47,26,9,1,0,0,2,0,1,0.832,2410,3191,0.6631,1
GH01484,Western,Cocoa,4.27,17,2,1,1,1,0,0,1,0.924,2180,1081,0.9198,1
GH01485,Northern,Rice,1.96,22,2,1,0,0,0,0,0,0.597,1732,2482,0.7394,1
GH01486,Northern,Yam,1.44,14,8,1,0,0,2,0,1,0.625,1839,1949,0.2896,0
GH01487,Brong-Ahafo,Rice,0.62,37,13,0,1,0,1,0,1,0.656,305,381,0.6137,1
GH01488,Greater Accra,Maize,2.26,9,7,1,1,0,3,0,0,0.735,531,396,0.6835,1
GH01489,Eastern,Cocoa,0.83,20,2,0,0,0,1,0,1,0.809,716,719,0.4282,1
GH01490,Ashanti,Maize,1.05,17,4,0,1,0,1,0,1,0.817,346,415,0.7099,1
GH01491,Ashanti,Maize,0.79,13,11,1,0,0,2,0,1,0.773,179,147,0.7304,1
GH01492,Volta,Maize,1.32,21,8,1,0,0,2,1,0,0.812,451,399,0.3772,1
GH01493,Brong-Ahafo,Rice,1.79,19,6,1,1,0,1,0,1,0.882,1463,1461,0.4937,0
GH01494,Brong-Ahafo,Rice,2.21,13,4,1,1,1,3,1,1,0.821,2026,762,0.9565,1
GH01495,Northern,Yam,1.2,26,2,1,0,0,2,0,1,0.508,1039,1388,0.5518,1
GH01496,Upper West,Maize,3.85,12,2,1,0,0,2,0,1,0.567,1131,1516,0.5762,1
GH01497,Ashanti,Cocoa,1.58,23,6,1,1,0,2,0,0,0.905,855,545,0.62,1
GH01498,Northern,Rice,1.05,35,2,1,0,0,2,0,0,0.625,757,1026,0.5925,1
GH01499,Ashanti,Maize,2.13,14,13,1,0,0,0,0,0,0.635,556,664,0.6219,1
GH01500,Ashanti,Cassava,7.2,39,4,1,0,0,2,0,1,0.771,3886,3419,0.823,1
GH01501,Ashanti,Plantain,2.3,13,7,1,1,0,2,0,1,0.643,1717,1232,0.7416,0
GH01502,Volta,Cassava,1.41,40,4,1,1,0,1,0,1,0.758,1119,872,0.6011,1
GH01503,Ashanti,Cocoa,0.63,37,6,1,0,0,0,0,1,0.78,410,386,0.7575,0
GH01504,Ashanti,Cassava,1.56,29,3,0,0,0,2,0,0,0.786,1061,844,0.5205,1
GH01505,Eastern,Cassava,2.15,28,8,0,1,0,0,0,1,0.91,878,706,0.6059,0
GH01506,Volta,Yam,1.39,40,6,1,0,0,1,1,1,0.643,1513,823,0.8122,1
GH01507,Brong-Ahafo,Cassava,0.57,14,3,0,1,0,0,0,1,0.723,258,297,0.4621,1
GH01508,Eastern,Maize,1.0,41,8,0,1,0,0,0,1,0.674,252,260,0.7379,0
GH01509,Ashanti,Plantain,5.04,28,6,1,1,0,2,1,0,0.911,3892,5800,0.924,1
GH01510,Eastern,Cocoa,4.97,32,10,1,1,0,1,0,1,0.925,3235,1519,0.8371,1
GH01511,Northern,Maize,0.98,3,9,0,0,0,0,0,0,0.644,237,103,0.2055,0
GH01512,Northern,Yam,2.92,19,10,1,0,0,1,1,0,0.66,2354,2164,0.4792,1
GH01513,Central,Maize,0.8,27,3,1,1,0,2,0,1,0.694,188,100,0.8255,1
GH01514,Central,Maize,4.87,32,3,0,0,0,2,0,0,0.806,967,999,0.5135,0
GH01515,Ashanti,Maize,2.16,39,12,1,0,1,1,0,1,0.675,626,335,0.9184,1
GH01516,Eastern,Cassava,3.54,23,6,1,1,0,2,0,1,0.818,1935,1702,0.6356,0
GH01517,Ashanti,Maize,0.55,37,4,1,1,0,1,1,0,0.738,163,168,0.8048,1
GH01518,Upper West,Maize,2.93,20,8,1,0,0,2,0,1,0.542,811,689,0.5817,1
GH01519,Western,Cocoa,1.81,15,4,1,0,0,0,0,1,0.862,1132,774,0.6494,0
GH01520,Western,Plantain,3.31,15,7,0,0,0,3,0,0,0.904,1449,1795,0.4297,0
GH01521,Volta,Yam,3.46,30,8,1,1,0,1,0,0,0.892,3599,4771,0.866,1
GH01522,Northern,Yam,1.91,18,8,1,1,0,2,0,1,0.679,1905,1207,0.7822,1
GH01523,Upper East,Yam,1.2,38,4,1,0,0,1,1,0,0.767,1056,1348,0.7716,1
GH01524,Central,Maize,3.14,10,5,1,0,0,1,1,0,0.806,821,632,0.5481,0
GH01525,Northern,Rice,1.75,2,5,0,1,0,2,0,1,0.778,1854,1641,0.5109,1
GH01526,Eastern,Cocoa,0.99,5,6,1,1,0,2,0,0,0.87,974,563,0.7378,1
GH01527,Greater Accra,Maize,0.96,8,4,1,1,0,1,0,0,0.834,255,268,0.5238,0
GH01528,Upper West,Rice,0.65,12,5,1,0,0,1,0,0,0.597,449,189,0.5194,1
GH01529,Central,Cassava,1.27,15,6,1,1,0,0,0,1,0.864,661,668,0.729,0
GH01530,Central,Plantain,3.94,20,6,1,1,0,3,0,1,0.885,2437,3625,0.9013,1
GH01531,Western,Cassava,2.06,41,8,1,1,0,2,0,0,0.727,1072,1291,0.7258,1
GH01532,Ashanti,Cocoa,1.26,4,6,1,1,0,1,1,1,0.891,952,1308,0.9204,1
GH01533,Greater Accra,Maize,3.2,9,4,1,1,0,2,0,0,0.696,771,661,0.7398,1
GH01534,Volta,Maize,1.02,30,7,0,1,0,1,1,1,0.786,217,102,0.8086,1
GH01535,Northern,Rice,1.95,38,8,1,0,0,2,0,0,0.683,1820,1176,0.4821,0
GH01536,Northern,Yam,1.61,10,5,1,0,0,2,1,1,0.749,1686,605,0.6986,1
GH01537,Brong-Ahafo,Maize,3.14,20,7,0,0,0,1,0,0,0.661,986,890,0.322,0
GH01538,Central,Cassava,0.6,13,3,0,0,0,0,1,1,0.761,207,223,0.3365,0
GH01539,Volta,Cassava,1.0,28,5,1,0,0,3,1,1,0.869,717,580,0.7736,1
GH01540,Northern,Yam,0.58,38,9,0,1,0,2,1,0,0.549,614,599,0.7855,1
GH01541,Northern,Rice,1.52,26,9,0,1,0,2,0,1,0.541,786,538,0.5683,0
GH01542,Ashanti,Cocoa,4.25,39,6,1,1,0,1,0,1,0.852,3591,1447,0.8154,1
GH01543,Ashanti,Maize,1.28,18,7,1,1,0,1,0,0,0.761,329,269,0.6328,1
GH01544,Western,Plantain,1.27,34,9,1,1,0,2,0,0,0.862,644,617,0.9277,1
GH01545,Eastern,Cocoa,3.35,40,10,1,0,0,2,0,0,0.878,2138,3162,0.756,1
GH01546,Northern,Rice,3.85,15,6,1,0,0,3,0,1,0.678,3057,2191,0.3781,1
GH01547,Ashanti,Plantain,1.71,29,6,1,1,1,1,0,0,0.819,854,951,0.753,1
GH01548,Upper East,Maize,2.94,19,5,0,0,0,2,0,1,0.569,543,699,0.3769,0
GH01549,Western,Cocoa,0.86,34,3,1,1,0,2,0,1,0.855,712,500,0.7708,1
GH01550,Northern,Yam,4.78,16,5,1,0,0,1,0,0,0.638,4927,6976,0.5074,1
GH01551,Brong-Ahafo,Cassava,8.2,12,8,1,1,0,1,0,1,0.669,4689,3313,0.6646,1
GH01552,Northern,Yam,2.62,37,8,0,1,0,1,0,0,0.696,3072,4497,0.5152,1
GH01553,Upper West,Yam,0.42,16,9,0,0,0,2,0,0,0.694,434,131,0.3636,0
GH01554,Eastern,Cocoa,1.23,31,3,1,0,1,3,0,0,0.886,925,981,0.5731,1
GH01555,Volta,Yam,2.8,16,6,1,0,1,3,1,0,0.795,1992,2486,0.4742,1
GH01556,Upper East,Rice,1.36,24,3,1,0,0,2,1,1,0.506,919,585,0.8003,0
GH01557,Volta,Yam,4.44,16,4,0,0,0,1,0,1,0.637,4552,2005,0.6037,1
GH01558,Northern,Maize,2.75,30,9,1,1,0,2,0,1,0.681,791,260,0.7899,1
GH01559,Brong-Ahafo,Maize,1.11,12,6,1,0,0,3,0,1,0.732,333,130,0.658,0
GH01560,Central,Cassava,1.86,19,8,1,0,0,2,1,0,0.854,1251,1191,0.6606,1
GH01561,Brong-Ahafo,Yam,0.97,41,3,0,0,0,1,0,1,0.767,959,1253,0.902,1
GH01562,Volta,Maize,1.6,32,5,1,0,0,3,0,0,0.751,476,179,0.6718,0
GH01563,Upper West,Yam,1.24,10,7,0,0,0,2,1,0,0.662,1265,551,0.7781,1
GH01564,Upper East,Maize,4.15,23,3,1,0,0,3,1,0,0.557,1094,335,0.8625,1
GH01565,Central,Cassava,8.01,12,5,1,0,0,3,1,0,0.688,4028,2573,0.7617,0
GH01566,Brong-Ahafo,Maize,0.67,18,3,1,0,0,1,1,1,0.785,157,221,0.6859,0
GH01567,Upper West,Rice,0.47,34,7,1,0,0,2,1,0,0.656,372,235,0.6437,1
GH01568,Greater Accra,Cassava,1.53,12,11,0,1,0,2,1,0,0.761,768,637,0.5821,1
GH01569,Brong-Ahafo,Rice,0.63,40,8,0,1,0,0,0,0,0.657,495,255,0.6426,1
GH01570,Northern,Maize,1.88,9,11,0,1,0,2,1,0,0.686,340,149,0.6562,1
GH01571,Ashanti,Cassava,3.08,5,8,0,0,0,1,0,1,0.905,1585,822,0.3056,0
GH01572,Central,Plantain,5.19,37,9,0,1,0,1,0,1,0.637,2157,1192,0.9182,1
GH01573,Greater Accra,Cassava,2.1,20,6,1,1,1,3,0,0,0.9,1089,497,0.7637,1
GH01574,Brong-Ahafo,Yam,1.59,25,6,0,1,0,0,0,0,0.732,1252,1565,0.1998,0
GH01575,Western,Cassava,0.46,19,5,0,1,1,3,0,1,0.846,244,213,0.7766,1
GH01576,Brong-Ahafo,Maize,1.86,34,8,1,0,0,0,1,1,0.741,485,460,0.5656,1
GH01577,Brong-Ahafo,Cassava,1.92,37,4,0,0,0,1,0,1,0.719,882,661,0.5646,1
GH01578,Brong-Ahafo,Rice,2.85,11,3,1,0,0,1,1,0,0.802,2442,1350,0.653,1
GH01579,Upper West,Rice,1.11,15,10,1,0,0,2,0,0,0.555,967,399,0.4828,1
GH01580,Eastern,Cocoa,1.34,8,2,1,1,0,1,0,1,0.895,936,366,0.8522,0
GH01581,Northern,Yam,0.65,13,11,1,0,0,3,1,0,0.713,730,381,0.4237,0
GH01582,Ashanti,Maize,0.37,23,7,1,1,0,2,0,1,0.695,94,124,0.7077,0
GH01583,Ashanti,Maize,0.84,28,5,0,1,0,2,1,1,0.697,252,141,0.8285,1
GH01584,Eastern,Maize,0.61,38,7,1,1,0,0,0,1,0.774,168,122,0.7072,1
GH01585,Upper West,Rice,2.31,12,8,1,0,0,1,1,1,0.73,1497,1478,0.3536,1
GH01586,Volta,Yam,1.27,37,4,1,1,0,3,0,1,0.703,1075,982,0.8719,1
GH01587,Ashanti,Plantain,1.25,14,8,1,1,0,1,0,1,0.793,777,854,0.6519,0
GH01588,Northern,Yam,0.91,33,8,1,1,0,0,1,0,0.661,1206,643,0.6472,1
GH01589,Volta,Cassava,0.3,9,4,1,0,0,2,0,1,0.833,180,167,0.6301,1
GH01590,Eastern,Maize,5.24,8,2,1,0,0,3,1,1,0.807,1284,1568,0.7691,0
GH01591,Volta,Maize,0.9,18,4,1,1,1,2,1,0,0.733,321,246,0.9025,1
GH01592,Brong-Ahafo,Yam,1.37,23,4,0,1,0,1,0,0,0.726,1550,2273,0.3959,0
GH01593,Western,Plantain,0.66,35,3,1,1,0,2,0,0,0.877,355,353,0.9393,1
GH01594,Upper West,Yam,3.6,21,7,1,1,0,3,0,1,0.354,4966,5511,0.4661,0
GH01595,Western,Cassava,2.01,9,5,0,1,0,0,0,0,0.99,874,744,0.5295,0
GH01596,Upper East,Yam,1.02,23,9,0,0,1,0,0,1,0.57,1187,1578,0.3325,0
GH01597,Eastern,Cocoa,1.38,28,4,1,1,0,0,0,1,0.85,815,686,0.7915,0
GH01598,Western,Cassava,5.9,35,5,1,1,0,0,1,1,1.0,2722,3894,0.9001,1
GH01599,Brong-Ahafo,Cassava,1.73,22,7,0,0,0,1,0,1,0.721,1381,924,0.5089,0
GH01600,Central,Maize,1.6,16,9,0,0,0,1,0,1,0.977,489,655,0.5725,0
GH01601,Upper East,Maize,0.94,6,6,0,1,0,2,0,0,0.624,357,381,0.6333,1
GH01602,Upper West,Yam,0.48,39,5,1,1,1,1,0,1,0.646,536,675,0.8332,1
GH01603,Western,Plantain,1.63,18,9,1,0,0,1,0,0,0.902,888,307,0.7531,1
GH01604,Brong-Ahafo,Yam,2.29,9,5,1,1,0,3,0,0,0.683,2019,1277,0.4216,0
GH01605,Upper West,Maize,3.93,20,3,0,0,0,0,1,1,0.458,1304,1717,0.2029,0
GH01606,Upper East,Rice,0.38,6,5,1,0,0,1,0,0,0.491,309,211,0.3737,1
GH01607,Ashanti,Cocoa,0.83,24,8,1,0,0,1,0,1,0.922,595,687,0.7069,1
GH01608,Eastern,Cassava,1.21,20,2,1,0,0,2,0,1,0.74,602,897,0.5872,1
GH01609,Central,Maize,1.82,15,6,0,1,0,2,1,0,0.658,495,254,0.65,1
GH01610,Central,Maize,1.65,11,6,1,1,0,2,1,1,0.784,460,368,0.895,1
GH01611,Western,Cocoa,1.67,32,10,1,1,0,2,0,1,0.906,1207,601,0.8716,1
GH01612,Upper East,Maize,2.42,14,4,0,0,0,2,0,1,0.568,665,323,0.3671,1
GH01613,Upper East,Rice,0.97,23,4,1,0,1,2,0,0,0.634,541,573,0.6351,1
GH01614,Western,Plantain,3.5,38,5,1,0,0,0,0,1,0.942,1955,1035,0.8219,1
GH01615,Eastern,Maize,2.47,40,5,1,1,0,1,0,0,0.811,669,588,0.6338,1
GH01616,Upper West,Maize,1.46,11,7,1,0,0,2,1,1,0.578,136,200,0.4832,0
GH01617,Eastern,Maize,5.59,32,7,1,1,1,3,0,0,0.721,1059,741,0.9055,1
GH01618,Volta,Cassava,5.42,36,8,0,1,0,1,0,0,0.842,2576,3473,0.4295,1
GH01619,Brong-Ahafo,Yam,3.5,14,8,1,0,0,1,0,0,0.772,4430,3436,0.3643,0
GH01620,Western,Plantain,0.3,31,10,0,1,0,3,0,0,0.781,170,105,0.4654,1
GH01621,Brong-Ahafo,Cassava,5.5,35,5,1,1,1,1,0,1,0.884,2491,1752,0.9323,1
GH01622,Central,Maize,3.18,37,12,1,1,0,2,1,0,0.811,849,385,0.7199,0
GH01623,Upper West,Maize,7.42,36,4,0,0,0,0,1,0,0.642,2514,2803,0.6768,1
GH01624,Eastern,Cassava,4.33,5,7,1,0,0,0,0,1,0.784,1993,1815,0.5085,0
GH01625,Northern,Rice,5.5,5,6,1,1,0,1,0,1,0.725,3487,3615,0.8661,1
GH01626,Eastern,Plantain,3.37,7,8,1,1,0,2,1,1,0.698,1998,1326,0.8006,0
GH01627,Upper West,Maize,4.68,29,6,1,1,0,0,0,0,0.724,1589,1723,0.804,1
GH01628,Brong-Ahafo,Cassava,7.36,31,8,1,0,0,2,0,1,0.625,3397,1690,0.7424,1
GH01629,Ashanti,Cassava,2.12,28,10,0,1,0,0,0,0,0.705,1222,1323,0.4806,0
GH01630,Central,Maize,0.61,6,7,1,0,0,2,0,0,0.81,168,100,0.5156,1
GH01631,Greater Accra,Cassava,1.47,40,8,0,1,0,1,1,1,0.823,681,531,0.8074,1
GH01632,Brong-Ahafo,Cassava,2.39,36,3,1,0,1,2,1,0,0.754,1548,1597,0.7659,1
GH01633,Central,Plantain,1.92,40,4,1,1,0,2,0,0,0.808,839,1113,0.8749,1
GH01634,Eastern,Cassava,0.76,16,11,1,1,0,0,0,1,0.752,459,585,0.9054,1
GH01635,Ashanti,Cocoa,0.58,20,7,1,1,1,1,0,0,0.86,415,387,0.7899,0
GH01636,Northern,Yam,1.08,31,6,1,0,0,3,0,0,0.631,1051,1429,0.6693,1
GH01637,Volta,Yam,3.21,39,5,0,1,0,1,1,0,0.821,2876,2609,0.8164,1
GH01638,Brong-Ahafo,Yam,5.51,33,2,1,1,0,1,0,1,0.756,4458,4104,0.4995,1
GH01639,Northern,Rice,3.46,41,5,1,1,0,0,0,1,0.602,2663,3102,0.8082,1
GH01640,Upper East,Maize,3.82,30,6,0,0,0,3,0,0,0.627,951,1287,0.5195,1
GH01641,Eastern,Maize,1.72,7,4,1,0,0,3,0,0,0.618,486,497,0.334,1
GH01642,Upper East,Rice,0.54,27,4,1,1,0,0,0,1,0.378,333,477,0.3565,0
GH01643,Eastern,Cassava,1.32,28,6,1,0,0,2,0,0,0.688,672,389,0.647,1
GH01644,Northern,Rice,1.52,36,6,1,0,0,3,1,1,0.608,1331,1876,0.8852,1
GH01645,Ashanti,Cassava,1.29,29,4,1,1,0,1,0,1,0.846,586,332,0.7665,0
GH01646,Upper East,Maize,1.89,6,6,1,1,0,1,0,0,0.351,602,561,0.4193,0
GH01647,Upper East,Maize,2.48,17,9,1,0,0,1,1,1,0.564,805,1010,0.8524,1
GH01648,Ashanti,Cocoa,3.31,19,6,0,1,0,0,1,1,0.807,1772,2236,0.8247,1
GH01649,Eastern,Plantain,1.5,14,9,0,1,0,2,0,0,0.836,641,406,0.3948,0
GH01650,Western,Plantain,0.48,26,10,0,1,0,1,0,0,0.697,177,263,0.4448,0
GH01651,Eastern,Maize,1.3,11,3,1,0,0,2,0,0,0.974,391,155,0.8552,0
GH01652,Northern,Maize,1.88,30,3,1,0,0,1,0,0,0.618,535,183,0.4398,1
GH01653,Volta,Maize,4.29,11,6,1,0,0,2,1,1,0.633,809,1060,0.6091,1
GH01654,Upper East,Rice,1.22,7,6,1,0,0,2,0,1,0.595,859,1102,0.5889,1
GH01655,Northern,Maize,2.61,17,5,1,0,0,2,1,0,0.735,769,888,0.5938,1
GH01656,Upper West,Yam,2.23,26,5,1,0,0,3,0,1,0.507,2299,3037,0.6573,1
GH01657,Volta,Yam,1.88,5,7,1,0,0,0,1,0,0.63,2354,1095,0.5499,0
GH01658,Eastern,Cassava,3.5,38,2,0,0,0,2,0,1,0.806,1414,587,0.6412,1
GH01659,Greater Accra,Maize,1.15,35,11,1,1,0,2,0,1,0.812,319,467,0.8962,1
GH01660,Eastern,Plantain,1.22,20,4,0,0,0,1,0,1,0.882,492,516,0.3598,0
GH01661,Western,Cassava,1.81,34,9,0,1,0,0,0,1,0.958,971,1363,0.7339,1
GH01662,Upper East,Maize,1.16,5,3,1,0,1,1,1,0,0.627,310,430,0.5226,1
GH01663,Ashanti,Maize,2.6,35,4,1,0,1,2,0,1,0.654,761,825,0.9025,1
GH01664,Volta,Yam,1.11,13,4,1,1,0,2,0,1,0.664,1027,1083,0.7022,1
GH01665,Greater Accra,Maize,2.13,32,13,0,1,0,2,0,1,0.751,681,498,0.8746,1
GH01666,Ashanti,Maize,1.7,17,2,1,1,0,0,0,1,0.827,404,193,0.7089,1
GH01667,Northern,Maize,2.12,3,7,1,0,0,3,0,1,0.664,469,527,0.548,0
GH01668,Eastern,Cassava,1.32,3,9,1,0,0,1,0,1,0.916,724,928,0.7202,1
GH01669,Volta,Yam,1.44,37,7,1,1,0,2,0,0,0.795,1990,1898,0.6476,0
GH01670,Brong-Ahafo,Rice,1.95,7,5,0,1,0,2,1,0,0.7,1099,397,0.8038,1
GH01671,Volta,Yam,2.1,24,10,1,1,0,0,1,0,0.734,1632,773,0.7381,0
GH01672,Northern,Rice,1.82,40,9,1,0,0,2,1,0,0.518,1542,651,0.6891,1
GH01673,Ashanti,Cocoa,6.01,38,5,1,1,0,0,0,1,0.885,5197,5662,0.8818,1
GH01674,Western,Plantain,0.91,17,6,0,0,0,0,1,0,0.8,487,476,0.4873,0
GH01675,Northern,Maize,1.74,20,11,1,0,0,2,0,0,0.713,424,365,0.373,0
GH01676,Central,Plantain,0.61,25,12,0,1,1,0,0,1,0.898,333,317,0.7382,1
GH01677,Greater Accra,Maize,2.36,28,5,0,1,0,1,0,1,0.97,723,456,0.4751,0
GH01678,Volta,Yam,0.83,8,8,0,1,0,1,0,1,0.784,723,915,0.3799,0
GH01679,Central,Maize,1.5,31,5,1,1,0,1,1,1,0.822,485,337,0.8506,0
GH01680,Brong-Ahafo,Maize,1.4,15,5,1,0,0,0,0,1,0.715,386,414,0.7636,1
GH01681,Brong-Ahafo,Yam,2.22,16,4,1,1,0,2,1,0,0.719,1455,1119,0.8945,1
GH01682,Central,Maize,1.24,13,4,1,1,0,0,0,0,0.769,335,130,0.7758,0
GH01683,Upper West,Rice,1.2,30,7,1,0,0,2,0,1,0.69,861,524,0.3911,1
GH01684,Greater Accra,Cassava,4.98,24,6,1,1,0,2,0,1,0.757,3297,4807,0.8374,1
GH01685,Brong-Ahafo,Rice,2.22,14,4,1,1,0,1,0,1,0.755,1320,698,0.6267,1
GH01686,Brong-Ahafo,Maize,1.23,10,5,1,0,0,3,1,1,0.597,308,131,0.6605,0
GH01687,Central,Plantain,1.53,25,5,1,1,0,1,0,0,0.88,811,527,0.8402,1
GH01688,Western,Cocoa,5.76,40,12,1,0,0,1,0,0,0.823,6031,8163,0.7431,1
GH01689,Central,Maize,1.55,31,9,0,0,0,0,0,1,0.83,598,399,0.7101,1
GH01690,Western,Plantain,1.12,2,5,1,0,1,1,0,1,0.791,559,448,0.4514,1
GH01691,Greater Accra,Cassava,1.13,11,9,0,1,0,3,0,0,0.844,635,427,0.4448,1
GH01692,Brong-Ahafo,Maize,1.24,39,5,1,0,0,0,1,1,0.781,386,574,0.8861,1
GH01693,Volta,Cassava,1.2,16,7,0,0,0,2,0,1,0.79,502,753,0.7114,1
GH01694,Greater Accra,Cassava,0.74,10,11,0,1,0,2,0,1,0.988,389,342,0.6608,1
GH01695,Upper East,Yam,0.83,14,5,1,1,0,0,0,1,0.546,1064,1321,0.6038,1
GH01696,Western,Plantain,1.02,24,7,1,0,0,3,0,0,0.805,529,298,0.7698,1
GH01697,Ashanti,Maize,2.76,34,5,1,1,0,3,0,0,0.864,1065,798,0.8548,0
GH01698,Ashanti,Cassava,1.4,10,4,1,0,0,3,1,1,0.786,669,746,0.7967,1
GH01699,Upper East,Maize,1.58,4,6,0,1,0,2,0,1,0.532,431,277,0.3514,1
GH01700,Central,Plantain,4.43,31,11,0,0,0,1,0,0,0.881,2197,1251,0.6767,1
GH01701,Brong-Ahafo,Yam,4.51,10,5,1,1,0,1,1,1,0.737,3363,4731,0.7836,1
GH01702,Ashanti,Maize,1.5,26,10,1,1,1,2,0,1,0.74,508,301,0.6767,1
GH01703,Ashanti,Cocoa,1.17,25,9,0,1,0,1,0,0,0.78,770,286,0.4624,0
GH01704,Upper West,Maize,0.99,33,4,1,0,0,2,0,0,0.699,289,347,0.4901,1
GH01705,Brong-Ahafo,Rice,2.96,8,5,0,0,0,2,1,0,0.738,2111,1250,0.7101,1
GH01706,Greater Accra,Cassava,1.58,37,7,1,1,0,1,0,0,0.82,1116,938,0.6867,0
GH01707,Northern,Yam,1.39,26,6,1,0,0,1,0,1,0.611,1747,758,0.6236,0
GH01708,Eastern,Maize,1.03,21,3,1,1,0,3,0,0,0.793,289,110,0.4635,0
GH01709,Ashanti,Cassava,1.06,18,13,1,1,0,1,0,1,0.932,420,358,0.8353,1
GH01710,Upper West,Maize,2.28,37,8,0,0,0,1,0,1,0.576,727,512,0.3568,0
GH01711,Ashanti,Plantain,0.73,27,5,0,1,0,0,0,1,0.756,448,406,0.7008,0
GH01712,Upper West,Maize,3.66,20,6,1,0,0,1,0,1,0.744,827,1207,0.6518,0
GH01713,Volta,Cassava,1.25,38,3,1,0,1,1,1,1,0.791,637,503,0.8886,0
GH01714,Eastern,Cassava,1.64,4,6,0,1,0,0,1,1,0.807,874,894,0.7055,1
GH01715,Northern,Rice,0.71,29,10,1,0,0,0,0,1,0.641,700,292,0.7818,1
GH01716,Greater Accra,Maize,1.81,23,9,0,1,0,2,1,1,0.715,487,664,0.7695,1
GH01717,Eastern,Cassava,1.45,20,5,1,1,0,1,0,1,0.811,908,1150,0.9266,1
GH01718,Volta,Cassava,1.76,17,6,0,1,0,0,0,1,0.841,781,724,0.7112,1
GH01719,Volta,Maize,5.1,7,7,0,0,0,2,0,1,0.828,1117,581,0.5488,0
GH01720,Central,Cassava,2.06,38,5,1,1,0,2,0,1,0.811,1478,1199,0.8997,1
GH01721,Northern,Rice,1.04,32,3,0,1,0,0,0,1,0.65,621,408,0.6489,1
GH01722,Western,Cassava,1.11,35,6,1,1,0,3,0,1,0.939,495,739,0.8872,1
GH01723,Western,Cassava,2.76,32,6,1,1,0,1,1,0,0.843,1676,1490,0.858,0
GH01724,Northern,Maize,4.52,12,2,1,0,0,1,0,1,0.673,1121,904,0.618,1
GH01725,Eastern,Cocoa,2.22,37,3,0,1,0,3,0,1,0.869,1392,700,0.932,1
GH01726,Brong-Ahafo,Maize,2.95,7,4,0,0,1,0,1,0,0.677,786,461,0.8188,0
GH01727,Western,Cassava,2.79,28,5,0,0,0,3,0,1,0.767,833,961,0.6575,1
GH01728,Brong-Ahafo,Rice,4.92,8,6,0,0,0,2,0,0,0.835,4878,4595,0.6302,1
GH01729,Northern,Yam,0.47,33,5,1,0,0,1,0,0,0.421,490,358,0.6416,0
GH01730,Central,Plantain,2.91,9,4,1,0,0,0,1,1,0.797,1229,807,0.8082,1
GH01731,Brong-Ahafo,Yam,3.63,34,9,1,1,1,0,0,0,0.638,2403,1300,0.8177,1
GH01732,Eastern,Plantain,0.71,16,3,0,1,0,0,0,0,0.91,260,100,0.6804,1
GH01733,Western,Plantain,0.98,28,6,0,1,0,3,0,1,0.959,336,495,0.8218,1
GH01734,Ashanti,Cocoa,1.0,31,10,1,1,0,1,0,0,0.777,738,888,0.6123,1
GH01735,Northern,Yam,1.09,23,7,0,0,0,0,1,0,0.856,1151,1627,0.4839,1
GH01736,Ashanti,Maize,1.3,30,7,1,1,0,2,0,1,0.875,405,322,0.6821,1
GH01737,Brong-Ahafo,Maize,2.16,31,5,1,1,0,1,1,1,0.746,687,923,0.8854,1
GH01738,Eastern,Plantain,3.34,3,2,1,0,0,1,0,1,0.945,1895,1151,0.7024,0
GH01739,Northern,Yam,3.88,16,7,0,0,0,0,0,1,0.584,5114,4663,0.4888,0
GH01740,Brong-Ahafo,Rice,1.01,28,7,1,1,0,2,1,1,0.728,1014,551,0.7609,1
GH01741,Central,Cassava,1.01,8,3,0,1,0,0,0,1,0.877,632,774,0.7484,1
GH01742,Ashanti,Plantain,4.58,28,6,1,0,1,1,1,1,0.77,2418,2169,0.8656,1
GH01743,Central,Plantain,2.87,22,9,1,1,0,0,0,0,0.747,1655,1562,0.8868,0
GH01744,Western,Plantain,1.93,14,4,1,1,0,2,1,0,0.775,893,1189,0.857,1
GH01745,Western,Cassava,2.54,18,6,0,1,0,1,1,1,0.824,1275,1514,0.6789,1
GH01746,Central,Cassava,1.78,12,6,1,1,0,0,1,1,0.878,1256,1833,0.6511,1
GH01747,Northern,Yam,2.63,11,8,0,1,0,1,1,1,0.608,2356,1853,0.6519,1
GH01748,Volta,Yam,1.44,34,8,1,1,0,2,0,0,0.619,1268,1083,0.5676,1
GH01749,Ashanti,Cassava,2.2,15,8,1,1,0,1,0,1,0.853,1071,1112,0.658,1
GH01750,Upper West,Maize,0.63,38,5,0,1,0,2,1,1,0.692,156,132,0.6407,0
GH01751,Western,Cassava,1.13,9,3,1,1,0,1,0,0,0.787,538,432,0.5933,1
GH01752,Ashanti,Plantain,1.13,34,5,0,1,0,2,0,1,0.958,597,423,0.8884,1
GH01753,Brong-Ahafo,Maize,1.4,8,7,1,0,0,2,0,1,0.8,410,532,0.4466,1
GH01754,Western,Plantain,0.95,35,7,0,1,0,3,0,0,0.766,566,532,0.6217,0
GH01755,Northern,Yam,1.25,8,11,0,1,0,2,0,1,0.583,1811,1863,0.2925,0
GH01756,Ashanti,Maize,0.63,8,5,0,0,0,1,1,0,0.74,162,100,0.2366,0
GH01757,Brong-Ahafo,Yam,2.68,37,7,1,1,0,2,0,0,0.735,2666,1605,0.7296,1
GH01758,Eastern,Maize,1.72,8,6,1,1,0,2,0,1,0.57,302,214,0.7088,1
GH01759,Upper East,Rice,0.55,21,4,1,1,1,3,0,0,0.525,330,283,0.565,0
GH01760,Upper East,Maize,1.02,19,6,1,0,0,0,1,1,0.521,275,100,0.3461,1
GH01761,Western,Plantain,2.31,15,6,1,0,0,2,0,0,1.0,1272,1738,0.3619,0
GH01762,Central,Plantain,1.25,41,10,1,1,0,2,1,1,0.868,692,958,0.8908,1
GH01763,Northern,Rice,1.12,15,5,0,0,0,2,0,0,0.571,1019,1115,0.4765,1
GH01764,Northern,Rice,1.73,22,12,0,0,0,3,1,0,0.6,1754,1191,0.2654,0
GH01765,Eastern,Cocoa,2.32,28,6,1,0,0,2,1,0,0.869,2195,1673,0.6498,1
GH01766,Brong-Ahafo,Cassava,0.67,27,4,0,1,0,2,1,0,0.75,335,396,0.8247,0
GH01767,Western,Cassava,2.68,28,4,1,0,0,1,1,1,0.793,1181,760,0.7468,1
GH01768,Volta,Cassava,1.04,25,3,0,1,0,1,0,1,0.736,618,637,0.6521,1
GH01769,Greater Accra,Cassava,1.8,6,5,0,1,0,1,1,1,0.903,1121,1555,0.7751,1
GH01770,Northern,Yam,1.78,39,2,0,1,0,0,0,1,0.524,1843,1461,0.5651,1
GH01771,Brong-Ahafo,Maize,1.26,29,5,1,0,0,1,0,0,0.643,337,339,0.4345,1
GH01772,Northern,Maize,0.89,33,12,0,0,0,0,0,0,0.541,222,314,0.358,0
GH01773,Upper East,Rice,1.49,25,7,1,0,0,1,0,1,0.497,1197,848,0.3137,1
GH01774,Northern,Yam,5.68,7,8,0,0,0,1,1,1,0.569,6516,7895,0.2562,0
GH01775,Western,Cocoa,0.7,11,3,1,0,0,2,0,0,0.932,428,516,0.5009,0
GH01776,Northern,Rice,5.96,4,6,0,0,0,2,0,1,0.718,4054,5733,0.5546,0
GH01777,Eastern,Plantain,1.52,8,4,1,1,0,1,0,0,0.847,858,1141,0.8087,0
GH01778,Upper West,Yam,1.87,30,9,1,0,0,1,0,1,0.627,1565,1876,0.4981,0
GH01779,Brong-Ahafo,Cassava,0.85,35,4,1,1,1,2,0,1,0.726,460,489,0.9105,1
GH01780,Eastern,Cocoa,1.06,8,5,1,1,0,0,0,0,0.669,763,450,0.7709,0
GH01781,Central,Maize,1.28,18,6,0,0,1,3,1,1,0.802,355,392,0.7413,1
GH01782,Eastern,Maize,0.88,14,6,0,0,0,1,1,1,0.789,213,135,0.6645,1
GH01783,Upper West,Yam,1.57,22,8,0,0,0,1,0,0,0.556,2131,1765,0.5948,1
GH01784,Greater Accra,Cassava,1.37,32,4,1,1,0,1,0,1,0.779,777,895,0.7338,0
GH01785,Upper West,Rice,6.66,10,5,0,0,0,0,0,0,0.508,4840,5372,0.2756,0
GH01786,Northern,Rice,0.81,14,8,1,0,0,0,0,0,0.648,700,547,0.6423,0
GH01787,Central,Plantain,1.96,18,6,0,0,0,1,1,0,0.857,1350,701,0.4157,1
GH01788,Upper West,Yam,2.17,9,5,0,0,0,2,0,0,0.706,2227,1962,0.3799,0
GH01789,Brong-Ahafo,Yam,0.86,10,2,1,0,0,0,0,1,0.686,1133,707,0.4508,0
GH01790,Brong-Ahafo,Maize,2.95,10,8,0,0,0,2,0,0,0.707,631,383,0.5851,0
GH01791,Northern,Maize,1.38,41,11,0,0,0,2,0,1,0.616,318,220,0.3322,0
GH01792,Brong-Ahafo,Yam,0.32,31,7,1,1,0,2,0,0,0.706,184,211,0.7072,1
GH01793,Ashanti,Maize,2.89,8,9,1,1,0,1,0,1,0.832,1119,1003,0.5785,1
GH01794,Upper East,Yam,0.83,18,6,1,0,0,0,0,1,0.684,552,413,0.3027,0
GH01795,Northern,Yam,0.88,40,4,0,1,0,0,0,0,0.547,918,1267,0.2776,0
GH01796,Eastern,Cocoa,2.95,39,2,1,0,0,2,1,0,0.798,2805,3221,0.7604,1
GH01797,Western,Plantain,1.43,6,7,1,0,0,2,0,1,0.956,861,769,0.7044,1
GH01798,Northern,Maize,3.46,18,6,1,1,0,1,1,1,0.641,1032,831,0.7792,1
GH01799,Volta,Yam,4.25,41,8,1,0,0,0,1,1,0.759,5383,6905,0.7921,0
GH01800,Brong-Ahafo,Yam,1.16,2,7,0,0,0,1,0,0,0.777,1013,514,0.2809,0
GH01801,Northern,Maize,3.17,17,12,1,1,0,2,0,1,0.667,971,1065,0.7988,1
GH01802,Volta,Maize,1.07,18,6,0,0,0,1,0,1,0.761,290,100,0.5864,0
GH01803,Northern,Maize,8.7,31,5,1,0,0,3,0,1,0.632,2350,725,0.7285,1
GH01804,Upper East,Maize,1.12,32,4,1,0,0,3,0,1,0.566,323,458,0.6558,1
GH01805,Eastern,Cocoa,3.74,36,6,1,1,0,2,0,1,0.943,3259,2988,0.8201,0
GH01806,Ashanti,Cassava,3.29,9,9,0,1,0,1,0,1,0.794,2268,1538,0.8321,1
GH01807,Eastern,Maize,2.27,31,2,1,1,0,1,0,1,0.765,596,747,0.873,1
GH01808,Eastern,Cassava,1.14,40,11,1,1,1,1,0,0,0.939,468,693,0.8264,1
GH01809,Volta,Cassava,1.64,22,13,1,1,1,3,0,0,0.806,720,246,0.7626,0
GH01810,Brong-Ahafo,Cassava,0.4,16,6,1,1,0,1,0,0,0.775,292,101,0.6064,0
GH01811,Western,Cocoa,2.13,35,5,0,0,0,2,1,0,0.91,1948,2583,0.6335,0
GH01812,Western,Cassava,2.33,28,4,0,0,0,3,1,0,0.858,956,925,0.6946,1
GH01813,Brong-Ahafo,Yam,2.0,3,4,1,0,0,2,1,1,0.691,2686,3651,0.4079,1
GH01814,Central,Maize,0.3,11,3,1,1,0,2,0,1,0.81,71,100,0.7324,1
GH01815,Volta,Cassava,0.75,6,6,0,1,0,0,0,0,0.715,446,386,0.4379,0
GH01816,Western,Plantain,1.08,28,3,1,0,0,0,1,0,0.996,467,231,0.7332,1
GH01817,Eastern,Maize,2.23,5,7,1,0,0,2,0,1,0.784,887,681,0.6145,1
GH01818,Central,Maize,2.23,14,5,1,0,0,3,0,1,0.715,548,682,0.6545,1
GH01819,Northern,Yam,1.62,18,4,1,0,0,3,0,0,0.604,1290,749,0.5815,1
GH01820,Upper East,Yam,2.84,22,6,1,0,0,0,1,1,0.646,2601,3004,0.6158,0
GH01821,Brong-Ahafo,Rice,0.89,24,11,1,1,0,1,0,1,0.663,1100,656,0.8103,1
GH01822,Upper East,Maize,2.79,34,7,1,0,0,2,1,1,0.783,815,698,0.8173,1
GH01823,Ashanti,Cassava,2.54,16,6,1,1,1,1,0,1,0.699,1059,426,0.9396,1
GH01824,Ashanti,Cassava,2.37,15,8,1,1,0,0,0,0,0.889,1048,887,0.7625,1
GH01825,Eastern,Cocoa,1.6,10,7,0,1,0,1,0,1,0.796,734,760,0.4982,1
GH01826,Central,Cassava,6.56,38,9,0,0,0,3,1,1,0.775,3816,3724,0.7299,1
GH01827,Central,Cassava,2.57,31,4,0,1,0,3,0,1,0.883,1012,797,0.7237,1
GH01828,Greater Accra,Maize,0.93,30,9,1,1,0,2,1,0,0.779,315,234,0.8103,1
GH01829,Central,Cassava,2.17,24,5,1,1,0,2,0,1,0.967,1319,832,0.9053,1
GH01830,Brong-Ahafo,Cassava,3.09,35,10,0,1,0,1,0,1,0.668,1590,1941,0.6187,0
GH01831,Central,Maize,1.21,8,4,1,0,0,2,0,0,0.835,419,519,0.4752,1
GH01832,Western,Plantain,3.91,10,10,1,1,0,0,0,1,0.828,2335,2054,0.7729,0
GH01833,Eastern,Cassava,2.38,5,11,1,1,0,1,0,0,0.839,1289,978,0.5088,1
GH01834,Eastern,Plantain,0.35,3,3,1,1,0,0,0,0,0.866,149,159,0.5081,0
GH01835,Northern,Rice,2.25,28,11,0,0,1,1,1,1,0.496,1973,1912,0.6455,1
GH01836,Western,Cassava,1.37,34,3,0,0,1,2,1,1,0.859,778,856,0.5735,1
GH01837,Brong-Ahafo,Cassava,2.65,33,4,0,0,0,3,0,1,0.867,1528,1020,0.5836,1
GH01838,Upper East,Rice,3.53,38,5,0,0,0,2,0,1,0.622,2904,3618,0.6637,1
GH01839,Upper East,Maize,2.09,28,13,1,0,0,2,0,0,0.535,618,420,0.2152,0
GH01840,Northern,Maize,5.85,29,6,0,1,1,1,0,1,0.502,1721,1381,0.4553,0
GH01841,Ashanti,Cassava,1.61,4,6,1,1,0,2,0,0,0.856,1076,494,0.4679,0
GH01842,Upper East,Maize,2.82,37,7,0,0,0,2,0,0,0.715,583,773,0.1465,1
GH01843,Ashanti,Cassava,3.2,9,11,1,1,0,2,1,0,0.868,1343,1441,0.909,1
GH01844,Northern,Maize,1.7,38,8,0,0,0,0,1,1,0.708,479,279,0.6073,1
GH01845,Upper East,Yam,3.14,39,4,0,1,0,2,0,1,0.66,2684,3548,0.608,1
GH01846,Brong-Ahafo,Yam,1.2,23,5,1,1,0,1,0,1,0.719,1261,1445,0.5769,0
GH01847,Volta,Yam,1.36,15,3,1,0,0,0,0,0,0.757,1066,885,0.7971,0
GH01848,Ashanti,Cocoa,0.73,16,7,1,1,0,1,0,1,0.904,417,620,0.8228,1
GH01849,Volta,Yam,2.16,5,4,1,0,0,0,1,0,0.624,3075,2167,0.5091,0
GH01850,Greater Accra,Cassava,2.29,19,4,1,1,0,2,0,1,0.917,1147,481,0.9036,1
GH01851,Brong-Ahafo,Cassava,4.16,2,9,0,0,0,2,0,0,0.881,1672,1973,0.4615,1
GH01852,Brong-Ahafo,Rice,3.17,13,5,1,1,0,1,0,1,0.746,2509,3032,0.6716,1
GH01853,Western,Cassava,1.49,18,6,1,0,0,3,1,1,0.905,944,350,0.7106,1
GH01854,Ashanti,Cassava,0.8,20,5,0,1,0,2,1,1,0.771,521,669,0.6808,1
GH01855,Brong-Ahafo,Maize,2.47,37,3,1,1,0,0,0,1,0.733,485,597,0.6789,0
GH01856,Central,Plantain,3.97,8,5,1,0,0,2,1,1,0.828,1694,2398,0.8435,1
GH01857,Northern,Maize,3.09,10,5,0,1,0,1,1,0,0.652,896,396,0.5053,1
GH01858,Northern,Yam,3.89,9,9,0,1,0,2,0,1,0.627,3894,3976,0.7348,1
GH01859,Brong-Ahafo,Maize,1.57,26,5,1,1,0,2,0,0,0.596,296,167,0.5765,0
GH01860,Central,Plantain,1.31,8,5,1,1,1,0,0,0,0.793,470,366,0.6477,1
GH01861,Brong-Ahafo,Cassava,1.09,9,8,1,0,0,2,0,1,0.935,450,278,0.5584,0
GH01862,Brong-Ahafo,Maize,1.75,25,8,1,0,0,3,0,0,0.775,314,263,0.4721,0
GH01863,Eastern,Cassava,1.72,18,8,1,0,0,1,1,1,0.647,820,357,0.5819,0
GH01864,Upper East,Maize,2.11,13,10,0,0,0,0,1,1,0.662,725,482,0.5255,0
GH01865,Brong-Ahafo,Rice,1.66,32,8,0,1,0,0,0,0,0.658,1166,449,0.7172,0
GH01866,Eastern,Cassava,1.66,13,5,1,1,0,0,1,0,0.886,1060,944,0.7922,1
GH01867,Eastern,Plantain,1.06,3,8,1,0,0,0,1,0,0.928,537,352,0.4035,1
GH01868,Western,Cocoa,3.52,13,6,1,1,1,1,0,0,0.868,2393,2413,0.7212,1
GH01869,Western,Plantain,1.92,28,4,1,0,0,1,0,0,0.77,645,547,0.5261,1
GH01870,Upper West,Yam,1.61,8,5,0,1,0,0,0,0,0.553,2003,1187,0.6486,1
GH01871,Brong-Ahafo,Rice,1.08,14,4,0,0,1,2,0,1,0.8,895,379,0.7376,0
GH01872,Ashanti,Cocoa,0.72,37,3,1,0,0,3,0,1,0.744,345,415,0.8537,0
GH01873,Central,Maize,4.55,2,4,1,1,0,3,0,1,0.743,1359,1440,0.6756,1
GH01874,Brong-Ahafo,Yam,2.69,36,3,0,0,0,1,1,1,0.791,2393,812,0.5137,0
GH01875,Northern,Rice,0.58,31,9,1,0,1,2,0,0,0.583,476,708,0.6813,1
GH01876,Upper West,Maize,3.11,32,10,1,0,0,3,0,1,0.704,904,968,0.5872,1
GH01877,Volta,Cassava,3.48,18,6,1,1,0,3,1,0,0.697,2271,1246,0.8188,1
GH01878,Volta,Yam,1.99,9,8,1,0,0,3,1,1,0.487,1554,2034,0.6797,1
GH01879,Central,Maize,5.58,4,4,1,1,1,2,1,1,0.728,1726,2345,0.8431,1
GH01880,Upper East,Rice,2.12,11,9,0,0,0,1,0,1,0.61,2173,2148,0.5009,0
GH01881,Central,Maize,0.68,35,6,1,0,0,0,0,1,0.859,284,387,0.4758,0
GH01882,Ashanti,Cocoa,2.35,23,3,1,1,0,2,0,0,0.802,2006,672,0.7659,1
GH01883,Upper East,Maize,2.16,5,3,0,0,0,0,0,0,0.543,643,922,0.351,0
GH01884,Ashanti,Cocoa,1.19,33,5,1,0,0,3,0,1,0.833,886,327,0.8866,1
GH01885,Eastern,Maize,2.72,30,2,1,1,0,1,0,0,0.904,989,1059,0.8008,1
GH01886,Central,Plantain,0.57,12,5,1,1,0,3,1,1,0.88,271,194,0.9219,1
GH01887,Upper East,Rice,3.65,14,3,1,0,0,2,0,1,0.546,3427,1190,0.7148,1
GH01888,Upper West,Rice,0.99,5,4,0,0,0,1,0,0,0.774,1154,1633,0.67,1
GH01889,Central,Maize,0.91,3,4,1,1,0,0,0,0,0.791,247,114,0.6641,0
GH01890,Upper West,Maize,1.68,35,13,0,0,0,1,0,0,0.424,278,368,0.6078,0
GH01891,Central,Cassava,2.47,23,4,0,0,0,2,0,0,0.729,1073,747,0.6037,1
GH01892,Eastern,Cassava,2.04,6,4,1,1,0,2,1,1,0.86,1134,1349,0.6512,0
GH01893,Upper East,Maize,1.08,10,7,1,0,0,3,0,1,0.423,250,151,0.4722,1
GH01894,Upper East,Rice,1.28,21,9,1,0,0,0,0,1,0.625,965,965,0.3577,0
GH01895,Western,Plantain,0.82,22,5,1,1,0,0,0,0,0.788,389,490,0.8471,1
GH01896,Brong-Ahafo,Maize,1.56,18,9,1,0,0,0,1,0,0.824,481,471,0.6288,1
GH01897,Upper East,Maize,3.87,13,5,1,0,1,1,1,0,0.578,871,582,0.4469,0
GH01898,Northern,Maize,1.82,29,4,0,0,0,2,0,1,0.484,446,259,0.5931,0
GH01899,Volta,Yam,3.33,19,5,1,0,0,1,0,0,0.823,4301,2193,0.7533,1
GH01900,Brong-Ahafo,Yam,5.05,4,6,1,1,0,2,0,0,0.859,4600,6010,0.6451,0
GH01901,Upper West,Rice,1.21,6,5,1,1,0,1,1,1,0.508,1122,1159,0.6267,0
GH01902,Northern,Yam,1.6,15,7,1,1,0,1,0,1,0.571,1617,1472,0.675,1
GH01903,Brong-Ahafo,Cassava,8.33,27,4,0,1,0,2,1,0,0.82,4353,2610,0.5514,0
GH01904,Greater Accra,Maize,5.01,20,7,1,1,0,2,1,0,0.87,1596,1310,0.8831,1
GH01905,Central,Maize,0.57,18,5,1,0,0,1,0,0,0.978,99,103,0.8107,1
GH01906,Northern,Maize,2.39,40,5,0,1,0,2,0,1,0.686,722,279,0.6207,0
GH01907,Volta,Yam,1.82,5,6,0,0,0,1,0,1,0.942,2037,1493,0.7374,1
GH01908,Northern,Yam,3.25,36,7,0,0,0,2,0,0,0.637,3832,2251,0.6057,0
GH01909,Northern,Rice,1.08,25,4,0,1,1,3,1,0,0.666,809,870,0.7536,1
GH01910,Northern,Yam,1.01,14,8,1,0,0,2,0,0,0.59,1018,1046,0.536,1
GH01911,Ashanti,Cassava,1.14,34,7,1,1,0,1,0,1,0.773,305,201,0.9075,0
GH01912,Brong-Ahafo,Maize,1.22,16,4,1,1,0,2,0,0,0.742,293,103,0.7108,1
GH01913,Greater Accra,Cassava,3.22,16,11,1,1,0,2,0,1,0.818,1750,909,0.8047,1
GH01914,Central,Plantain,0.8,32,7,1,0,0,1,0,0,0.645,522,257,0.4813,0
GH01915,Brong-Ahafo,Cassava,1.18,29,5,0,1,1,2,0,1,0.727,848,833,0.7556,1
GH01916,Northern,Rice,0.52,11,4,1,0,0,1,0,0,0.721,392,197,0.5687,1
GH01917,Central,Plantain,3.69,8,6,0,1,0,2,0,1,0.856,2185,1920,0.6467,1
GH01918,Brong-Ahafo,Rice,4.44,34,4,1,1,0,1,0,0,0.756,3491,3622,0.7073,0
GH01919,Greater Accra,Maize,1.45,8,5,0,1,0,3,1,0,0.754,272,369,0.8089,1
GH01920,Brong-Ahafo,Rice,1.48,6,5,0,1,0,2,1,1,0.777,1344,798,0.7594,1
GH01921,Western,Cassava,2.5,27,7,0,1,0,1,0,1,0.973,1793,938,0.675,0
GH01922,Volta,Cassava,5.11,17,4,0,1,0,1,1,1,0.892,2478,1259,0.9106,1
GH01923,Upper East,Rice,2.43,9,8,1,0,0,1,0,1,0.614,1611,1180,0.7646,1
GH01924,Ashanti,Maize,1.12,23,5,1,1,0,0,0,1,0.697,315,340,0.8318,1
GH01925,Upper West,Rice,0.59,35,5,0,0,0,0,0,1,0.751,466,516,0.3223,0
GH01926,Upper West,Yam,0.83,41,8,1,1,0,1,0,0,0.695,1273,704,0.7476,1
GH01927,Upper West,Yam,1.92,29,7,1,0,0,1,1,0,0.492,2325,1064,0.6473,1
GH01928,Ashanti,Plantain,1.15,37,5,1,1,1,1,0,1,0.684,595,499,0.6847,1
GH01929,Upper East,Yam,2.09,8,5,1,0,0,0,0,1,0.471,887,416,0.5996,0
GH01930,Volta,Maize,1.24,41,5,0,1,0,2,0,1,0.691,334,426,0.7504,0
GH01931,Northern,Maize,0.87,29,6,0,0,0,0,1,1,0.687,331,133,0.7051,0
GH01932,Upper East,Rice,0.8,3,5,0,0,0,1,0,0,0.655,658,791,0.2468,0
GH01933,Eastern,Maize,5.44,10,7,1,0,0,0,0,1,0.792,1758,617,0.6639,1
GH01934,Northern,Maize,3.39,7,6,1,0,0,2,1,0,0.604,1014,1286,0.6282,1
GH01935,Ashanti,Plantain,6.12,2,3,0,1,0,0,0,1,1.0,2784,2930,0.6998,1
GH01936,Northern,Rice,2.66,4,5,0,0,0,1,1,0,0.638,2883,1980,0.4713,1
GH01937,Ashanti,Cassava,1.35,11,4,0,1,0,1,1,0,0.808,736,579,0.6369,1
GH01938,Eastern,Cassava,4.6,38,5,0,0,0,0,0,1,0.774,2074,2299,0.4212,0
GH01939,Central,Plantain,1.78,24,6,1,0,0,1,0,0,1.0,901,471,0.3476,0
GH01940,Northern,Rice,2.13,34,6,1,0,0,1,1,1,0.693,2218,3035,0.64,1
GH01941,Brong-Ahafo,Rice,1.77,10,8,0,0,0,3,0,1,0.667,1009,887,0.5755,1
GH01942,Upper East,Yam,0.3,14,4,0,0,0,2,0,0,0.493,319,387,0.1906,0
GH01943,Upper West,Yam,5.6,29,10,0,0,0,3,1,0,0.476,5728,5201,0.6544,1
GH01944,Brong-Ahafo,Yam,2.57,8,5,1,1,0,2,0,1,0.742,1793,1511,0.8621,1
GH01945,Ashanti,Cocoa,2.3,27,5,0,1,0,2,0,1,0.715,1872,1617,0.7529,1
GH01946,Brong-Ahafo,Maize,1.75,17,7,1,1,0,3,1,1,0.637,511,376,0.7935,0
GH01947,Volta,Cassava,2.04,41,8,1,0,0,1,0,0,0.865,1259,1485,0.7772,1
GH01948,Northern,Maize,1.2,27,5,1,0,0,2,1,0,0.686,409,538,0.7851,1
GH01949,Greater Accra,Cassava,2.81,40,7,0,1,0,1,0,1,0.984,1459,1934,0.7628,1
GH01950,Ashanti,Cocoa,0.73,33,9,1,1,0,2,1,0,0.717,458,204,0.8052,0
GH01951,Upper East,Yam,2.08,37,8,1,0,0,0,0,1,0.505,1499,1819,0.4205,0
GH01952,Volta,Maize,2.7,2,2,1,1,0,2,0,0,0.68,653,353,0.6845,1
GH01953,Volta,Cassava,1.59,22,8,0,1,0,3,0,1,0.911,837,263,0.4232,1
GH01954,Northern,Yam,2.36,14,8,1,0,0,0,0,1,0.64,1920,1211,0.4508,1
GH01955,Ashanti,Cocoa,0.91,27,7,0,1,0,2,0,1,0.981,717,467,0.6288,0
GH01956,Ashanti,Cassava,0.93,10,8,1,0,0,1,0,1,0.865,400,509,0.5782,0
GH01957,Ashanti,Plantain,2.15,38,11,1,1,0,1,1,1,0.816,702,836,0.7863,1
GH01958,Brong-Ahafo,Cassava,2.93,24,5,0,1,0,2,0,1,0.826,1360,546,0.4385,0
GH01959,Brong-Ahafo,Cassava,0.49,2,3,1,0,0,0,0,1,0.642,267,185,0.389,1
GH01960,Brong-Ahafo,Rice,2.63,3,6,1,1,0,1,0,1,0.586,1594,959,0.5771,1
GH01961,Eastern,Maize,1.25,29,2,1,1,0,0,1,0,0.786,285,289,0.8839,1
GH01962,Western,Plantain,1.59,37,5,0,1,0,2,0,1,0.851,700,665,0.6868,0
GH01963,Northern,Maize,0.71,32,6,1,1,0,1,0,1,0.77,177,197,0.6539,0
GH01964,Volta,Maize,1.0,6,5,1,1,0,3,0,0,0.62,294,410,0.4594,0
GH01965,Upper East,Yam,3.58,38,7,0,1,0,2,0,1,0.615,4069,3277,0.8007,1
GH01966,Ashanti,Maize,1.86,26,8,1,1,0,0,0,1,0.821,467,508,0.7324,0
GH01967,Upper East,Maize,1.39,9,5,1,0,0,1,0,0,0.592,306,429,0.4469,1
GH01968,Brong-Ahafo,Maize,1.68,35,9,1,1,0,3,0,1,0.818,479,455,0.6462,0
GH01969,Northern,Yam,2.57,40,3,0,1,0,2,1,0,0.584,2859,1915,0.4674,1
GH01970,Central,Maize,2.48,33,8,1,0,0,2,0,1,0.857,910,713,0.603,1
GH01971,Western,Cocoa,1.73,12,8,0,0,0,2,0,1,0.905,1501,1810,0.7472,0
GH01972,Brong-Ahafo,Maize,3.92,26,5,0,1,0,1,0,0,0.823,814,948,0.4795,1
GH01973,Brong-Ahafo,Cassava,3.59,4,5,1,1,0,2,0,1,0.739,1832,2195,0.643,1
GH01974,Western,Cassava,2.43,33,5,0,1,0,2,0,1,0.745,1392,1659,0.7335,1
GH01975,Ashanti,Cassava,1.89,36,8,1,1,0,0,0,1,0.765,824,1157,0.7066,0
GH01976,Upper East,Yam,2.89,33,8,1,0,0,3,0,1,0.5,2709,3296,0.6703,0
GH01977,Upper East,Maize,2.27,35,5,0,0,0,1,0,1,0.52,715,948,0.3408,0
GH01978,Volta,Yam,3.83,38,6,1,0,0,1,0,1,0.723,4054,4007,0.5441,1
GH01979,Western,Cassava,3.42,6,3,1,0,0,0,0,0,0.767,1796,1927,0.8418,0
GH01980,Western,Cocoa,0.89,29,6,1,1,0,2,0,0,0.861,546,798,0.6503,1
GH01981,Ashanti,Maize,0.85,29,13,1,0,0,1,0,1,0.671,168,226,0.693,1
GH01982,Volta,Maize,1.12,9,4,1,1,0,1,0,0,0.724,291,359,0.4994,1
GH01983,Upper East,Rice,3.61,28,10,0,1,0,3,0,0,0.545,2871,3223,0.3179,0
GH01984,Upper East,Rice,0.6,17,8,0,0,0,1,0,0,0.575,343,250,0.2847,1
GH01985,Brong-Ahafo,Rice,2.4,19,11,1,1,0,1,0,1,0.781,1963,1880,0.5417,0
GH01986,Upper East,Rice,2.35,26,4,1,0,0,1,1,0,0.552,2053,752,0.5276,0
GH01987,Western,Plantain,4.11,2,4,1,0,0,0,0,1,0.788,1785,1427,0.4545,1
GH01988,Volta,Cassava,2.07,9,2,1,1,0,1,0,0,0.728,1174,510,0.8041,0
GH01989,Eastern,Cocoa,0.71,22,7,1,1,0,1,0,0,0.917,529,621,0.5099,1
GH01990,Ashanti,Maize,0.93,35,7,1,1,0,1,0,0,0.867,242,332,0.8253,1
GH01991,Eastern,Cassava,0.8,25,4,1,0,0,2,0,1,0.774,385,196,0.7116,1
GH01992,Volta,Cassava,1.25,38,8,1,1,1,1,0,0,0.768,613,365,0.785,1
GH01993,Upper East,Rice,1.6,27,5,0,0,0,2,0,1,0.449,1074,1427,0.3161,1
GH01994,Eastern,Maize,0.81,15,3,1,1,1,0,1,0,0.75,240,241,0.8256,1
GH01995,Ashanti,Maize,5.1,30,5,0,0,0,1,0,0,0.649,1176,1183,0.5134,1
GH01996,Eastern,Plantain,0.72,31,3,0,0,0,1,0,1,0.786,306,298,0.6259,1
GH01997,Greater Accra,Cassava,4.68,4,4,0,1,0,0,0,1,0.951,2701,1518,0.6255,1
GH01998,Western,Cocoa,4.18,8,5,0,1,0,2,0,1,0.74,2807,1662,0.4834,0
GH01999,Upper East,Rice,3.42,37,9,1,0,0,1,1,1,0.513,2804,4037,0.774,1
GH02000,Central,Cassava,1.12,12,8,1,1,0,3,0,0,0.768,387,452,0.6939,0
GH02001,Northern,Maize,2.32,33,5,1,0,0,2,0,1,0.481,576,235,0.5102,1
GH02002,Ashanti,Maize,0.75,13,7,0,1,0,1,1,1,0.834,278,158,0.5754,1
GH02003,Western,Plantain,3.45,16,6,1,0,0,0,0,0,0.872,1120,1179,0.6941,1
GH02004,Eastern,Plantain,1.73,39,5,1,0,1,0,1,0,0.97,1177,753,0.9137,1
GH02005,Greater Accra,Cassava,1.37,25,7,0,1,0,0,0,1,0.785,757,456,0.7275,0
GH02006,Central,Cassava,0.77,2,7,1,1,0,2,0,1,0.698,361,196,0.7606,1
GH02007,Upper East,Maize,0.32,19,6,1,0,1,2,0,0,0.64,85,100,0.7297,1
GH02008,Upper East,Maize,0.88,8,6,1,0,0,0,0,1,0.536,304,315,0.3712,0
GH02009,Upper East,Rice,3.97,3,7,0,1,0,1,0,1,0.548,1751,2429,0.7673,1
GH02010,Brong-Ahafo,Rice,1.37,41,5,0,1,0,1,1,1,0.868,1424,1044,0.7021,1
GH02011,Central,Cassava,1.62,32,9,0,1,0,2,0,0,0.854,896,399,0.6294,1
GH02012,Brong-Ahafo,Maize,2.88,34,4,0,0,0,1,0,1,0.802,961,432,0.4784,1
GH02013,Upper East,Yam,6.45,31,9,1,0,0,3,0,0,0.535,4228,6006,0.5704,0
GH02014,Ashanti,Cassava,4.61,32,5,0,1,1,2,0,0,0.757,2310,2159,0.9005,1
GH02015,Northern,Maize,0.92,35,3,1,1,0,3,0,1,0.586,136,117,0.755,1
GH02016,Volta,Yam,0.47,8,6,0,1,0,1,0,0,0.804,587,804,0.5777,1
GH02017,Volta,Cassava,9.5,26,5,1,0,0,2,0,1,0.784,4007,3641,0.3333,0
GH02018,Eastern,Cassava,8.92,17,8,1,1,0,2,1,0,0.852,3749,3287,0.8651,0
GH02019,Eastern,Plantain,2.08,23,5,0,1,0,2,0,0,0.617,643,908,0.7174,0
GH02020,Ashanti,Maize,0.75,37,7,0,0,0,0,1,1,0.614,227,197,0.6096,1
GH02021,Upper East,Maize,3.58,28,5,1,0,0,3,0,0,0.393,1008,775,0.3485,0
GH02022,Volta,Yam,1.69,18,4,0,0,0,3,0,1,0.72,1449,1446,0.3595,1
GH02023,Brong-Ahafo,Maize,1.68,5,5,1,1,0,0,0,1,0.618,491,723,0.5564,1
GH02024,Eastern,Plantain,3.41,36,6,1,0,0,2,1,1,0.96,1451,2114,0.7065,1
GH02025,Volta,Cassava,2.3,23,7,0,0,0,1,0,0,0.778,783,964,0.6661,0
GH02026,Volta,Yam,0.79,36,6,1,0,0,3,0,1,0.767,738,664,0.7706,1
GH02027,Brong-Ahafo,Cassava,1.45,16,12,0,1,0,2,0,1,0.693,1012,1374,0.7709,1
GH02028,Northern,Yam,2.89,41,7,1,1,0,1,0,0,0.545,3479,2795,0.6511,0
GH02029,Brong-Ahafo,Cassava,2.6,22,10,1,0,0,0,1,0,0.904,1489,1591,0.5374,1
GH02030,Ashanti,Plantain,2.19,14,3,1,0,0,1,0,0,0.968,1158,597,0.5073,1
GH02031,Volta,Cassava,3.5,12,3,1,0,0,0,0,1,0.813,1704,1863,0.5424,1
GH02032,Volta,Yam,1.41,28,5,1,0,0,0,0,0,0.587,1630,1029,0.4323,0
GH02033,Upper West,Rice,2.06,32,3,0,0,0,2,0,0,0.576,1857,2277,0.6122,0
GH02034,Ashanti,Cocoa,0.3,33,6,0,1,0,2,1,1,0.86,208,166,0.8757,1
GH02035,Volta,Yam,1.33,31,6,0,0,0,1,1,0,0.732,1394,1085,0.5948,0
GH02036,Eastern,Cassava,3.11,19,6,0,0,0,2,0,1,0.645,1108,1325,0.2715,0
GH02037,Central,Plantain,1.39,17,7,1,0,0,0,0,0,0.998,633,513,0.6228,1
GH02038,Northern,Rice,1.31,36,11,1,0,0,1,0,0,0.568,808,935,0.4442,1
GH02039,Ashanti,Cocoa,0.88,10,9,1,1,0,2,0,0,0.728,470,623,0.8051,1
GH02040,Upper West,Rice,3.68,40,3,1,1,0,1,0,1,0.608,3261,1514,0.8592,1
GH02041,Northern,Yam,2.67,38,5,0,0,0,1,0,0,0.73,2011,1759,0.4991,0
GH02042,Brong-Ahafo,Rice,3.25,11,4,1,1,0,1,0,1,0.791,3037,4355,0.4519,0
GH02043,Brong-Ahafo,Maize,0.54,13,4,1,0,0,2,1,1,0.625,181,231,0.6482,1
GH02044,Brong-Ahafo,Cassava,1.63,9,6,1,0,0,2,0,1,0.662,845,1241,0.4657,1
GH02045,Ashanti,Plantain,1.5,4,6,1,1,0,1,0,1,0.65,664,885,0.7158,1
GH02046,Northern,Rice,1.5,20,4,1,0,0,0,1,1,0.612,1466,986,0.4604,1
GH02047,Volta,Maize,1.18,12,7,1,1,0,2,0,0,0.692,364,187,0.6806,0
GH02048,Ashanti,Maize,1.43,9,7,1,0,0,0,1,1,0.806,492,272,0.331,0
GH02049,Ashanti,Cocoa,3.3,27,2,1,1,0,1,0,1,0.78,1825,1022,0.6456,1
GH02050,Northern,Rice,0.48,24,5,1,0,0,1,0,0,0.713,369,144,0.383,0
GH02051,Upper West,Maize,6.32,11,9,0,0,0,3,1,1,0.642,1677,2328,0.4767,0
GH02052,Central,Maize,2.56,19,6,0,1,0,2,0,0,0.732,740,668,0.6568,0
GH02053,Central,Maize,1.77,13,5,0,0,0,2,0,1,0.821,553,233,0.2926,0
GH02054,Northern,Yam,3.44,40,4,1,0,0,2,0,1,0.741,3563,4330,0.6304,1
GH02055,Brong-Ahafo,Cassava,0.66,27,4,1,0,0,2,0,1,0.703,439,303,0.5678,1
GH02056,Ashanti,Cocoa,1.14,12,3,0,0,0,0,0,1,0.818,744,287,0.5758,1
GH02057,Upper East,Yam,1.67,11,8,1,0,0,2,0,0,0.566,1330,702,0.3876,1
GH02058,Northern,Rice,4.74,4,3,1,0,1,2,0,0,0.606,3328,3624,0.428,0
GH02059,Northern,Rice,1.76,8,5,1,1,0,2,0,0,0.699,1200,1503,0.4629,0
GH02060,Upper West,Maize,2.5,5,2,1,0,0,0,0,1,0.66,630,381,0.4141,1
GH02061,Upper East,Rice,1.21,41,8,1,1,0,0,0,1,0.618,927,920,0.4877,0
GH02062,Brong-Ahafo,Rice,2.56,9,2,0,1,1,2,0,0,0.779,1980,596,0.8478,1
GH02063,Central,Maize,5.89,39,5,1,1,0,1,1,1,0.745,1710,1084,0.8859,0
GH02064,Brong-Ahafo,Rice,3.66,14,6,1,1,0,1,0,0,0.776,2691,1394,0.5536,1
GH02065,Brong-Ahafo,Cassava,1.72,13,5,1,0,0,1,0,1,0.677,1092,428,0.4116,0
GH02066,Upper East,Yam,2.92,36,4,1,0,0,2,1,0,0.783,1802,1587,0.5503,0
GH02067,Volta,Cassava,2.73,39,4,1,0,0,0,0,1,0.888,795,840,0.766,0
GH02068,Western,Cocoa,2.6,37,8,1,1,0,1,1,1,0.937,2202,783,0.7388,1
GH02069,Northern,Rice,3.97,3,11,1,0,0,2,0,1,0.668,3809,1773,0.4727,1
GH02070,Brong-Ahafo,Yam,3.95,16,5,0,1,0,1,0,1,0.783,4968,7048,0.7292,1
GH02071,Ashanti,Cocoa,1.67,35,2,1,1,1,2,0,0,0.7,1328,754,0.7792,0
GH02072,Upper West,Yam,2.86,40,2,1,0,0,0,1,0,0.509,2884,3495,0.4848,1
GH02073,Northern,Maize,1.39,27,8,1,0,0,3,1,1,0.524,366,438,0.7748,0
GH02074,Northern,Maize,0.95,6,6,1,1,0,2,0,1,0.62,179,123,0.4822,0
GH02075,Upper West,Rice,1.51,26,8,1,0,0,1,0,1,0.587,1259,686,0.501,0
GH02076,Upper East,Rice,1.73,35,7,1,1,0,3,0,1,0.65,999,592,0.7838,0
GH02077,Volta,Yam,0.57,5,9,0,1,0,2,0,1,0.673,858,840,0.4524,0
GH02078,Ashanti,Maize,3.33,35,9,1,1,0,3,0,0,0.847,733,555,0.6562,0
GH02079,Upper West,Rice,0.3,28,8,0,0,1,1,1,0,0.544,239,214,0.4429,0
GH02080,Volta,Maize,12.19,30,6,1,0,0,1,0,0,0.697,4402,5608,0.7119,1
GH02081,Central,Maize,5.21,6,5,0,0,0,2,0,0,0.862,1340,1210,0.3626,0
GH02082,Upper East,Maize,1.52,19,6,1,0,0,0,0,0,0.605,391,584,0.4923,1
GH02083,Central,Maize,1.83,5,6,1,1,0,3,0,1,0.69,245,269,0.6967,0
GH02084,Western,Cocoa,2.25,2,6,0,1,0,2,0,1,0.945,1172,643,0.5722,0
GH02085,Ashanti,Cassava,1.21,21,4,1,1,0,2,0,1,0.822,707,636,0.7108,0
GH02086,Northern,Maize,2.09,7,7,1,0,0,3,0,1,0.444,774,988,0.5182,1
GH02087,Brong-Ahafo,Maize,1.65,21,5,1,1,0,3,1,1,0.663,376,211,0.9068,1
GH02088,Upper East,Rice,1.71,21,7,0,1,0,0,0,1,0.552,1440,1692,0.5305,1
GH02089,Brong-Ahafo,Maize,2.07,28,4,0,1,0,2,0,1,0.636,886,301,0.5394,0
GH02090,Brong-Ahafo,Rice,0.73,27,5,0,0,0,2,0,0,0.857,658,942,0.6589,1
GH02091,Greater Accra,Cassava,1.87,33,4,0,1,0,1,0,0,0.835,1173,1286,0.5526,0
GH02092,Volta,Maize,2.04,11,9,1,0,0,3,0,1,0.767,479,237,0.8159,0
GH02093,Brong-Ahafo,Maize,1.99,19,6,1,0,1,2,0,0,0.747,724,977,0.6351,1
GH02094,Brong-Ahafo,Yam,1.57,13,4,1,1,0,2,1,0,0.806,1363,543,0.6736,1
GH02095,Upper West,Rice,4.04,11,2,0,1,0,1,0,1,0.744,2704,2128,0.688,1
GH02096,Northern,Maize,1.42,25,7,1,0,0,2,0,0,0.669,511,605,0.4782,1
GH02097,Volta,Yam,2.14,25,4,0,0,0,2,0,1,0.889,1882,2682,0.6582,1
GH02098,Brong-Ahafo,Yam,4.52,39,12,1,1,0,1,1,0,0.806,4553,3272,0.8284,1
GH02099,Upper East,Rice,1.72,26,6,0,1,0,1,0,0,0.596,1846,2394,0.3083,0
GH02100,Brong-Ahafo,Rice,2.12,9,4,0,1,0,1,1,0,0.776,1403,752,0.628,1
GH02101,Brong-Ahafo,Cassava,1.7,15,7,0,1,1,2,0,0,0.57,850,291,0.6745,1
GH02102,Upper East,Maize,4.33,32,4,1,0,0,2,0,0,0.529,1055,353,0.5681,0
GH02103,Northern,Yam,1.52,25,8,1,0,0,0,0,1,0.624,1431,1560,0.706,0
GH02104,Upper West,Rice,4.47,17,5,1,1,0,2,0,1,0.645,3649,1770,0.7626,0
GH02105,Central,Maize,1.69,21,12,1,1,0,0,0,0,0.788,595,214,0.6166,1
GH02106,Eastern,Cocoa,1.0,39,6,1,1,0,2,0,0,0.862,937,1379,0.8129,1
GH02107,Eastern,Cassava,2.93,16,8,0,0,1,2,0,0,0.709,1586,936,0.4438,1
GH02108,Western,Plantain,1.47,15,3,1,0,0,2,1,0,0.723,633,541,0.7083,1
GH02109,Central,Plantain,2.81,13,5,1,1,0,2,0,1,0.755,1608,1665,0.8004,0
GH02110,Central,Cassava,0.3,35,7,1,1,0,1,0,0,0.966,158,100,0.6276,0
GH02111,Central,Plantain,1.83,9,7,1,1,0,0,0,0,0.749,929,677,0.7238,1
GH02112,Northern,Rice,1.32,20,4,0,0,0,2,0,1,0.572,849,915,0.7524,0
GH02113,Brong-Ahafo,Maize,0.87,6,5,0,0,1,2,1,0,0.738,163,174,0.6494,1
GH02114,Volta,Cassava,1.24,28,4,0,0,0,1,1,1,0.653,649,850,0.3112,0
GH02115,Brong-Ahafo,Maize,1.22,14,6,1,0,0,1,0,0,0.66,266,219,0.4181,0
GH02116,Volta,Cassava,1.76,33,5,1,1,1,0,1,0,0.834,826,1130,0.7421,1
GH02117,Ashanti,Maize,0.7,32,5,1,0,0,1,0,1,0.73,252,282,0.6222,1
GH02118,Upper East,Rice,2.27,38,4,1,0,0,1,0,1,0.72,1813,1767,0.7449,1
GH02119,Volta,Yam,4.74,3,5,0,1,0,1,0,1,0.614,5836,2571,0.453,0
GH02120,Brong-Ahafo,Rice,2.22,8,4,1,0,0,2,0,1,0.722,1905,1885,0.8202,1
GH02121,Western,Plantain,3.21,12,11,1,0,0,1,1,1,0.815,1807,1832,0.2791,0
GH02122,Eastern,Cassava,3.92,12,4,0,0,1,3,0,1,0.814,1832,2218,0.6281,1
GH02123,Western,Cassava,4.33,24,9,0,0,0,2,0,1,0.742,2797,3253,0.607,0
GH02124,Upper East,Rice,6.75,32,5,1,0,1,1,1,1,0.539,5807,5435,0.6359,1
GH02125,Central,Cassava,1.28,9,5,0,1,0,0,0,0,0.903,636,643,0.3928,0
GH02126,Brong-Ahafo,Yam,1.1,33,4,1,0,0,2,0,1,0.728,1178,1445,0.7776,1
GH02127,Central,Cassava,3.15,22,7,0,0,0,2,0,0,0.754,1417,1023,0.7407,1
GH02128,Ashanti,Maize,2.99,32,7,1,1,0,2,1,1,0.931,781,361,0.9638,1
GH02129,Brong-Ahafo,Cassava,3.14,2,6,1,1,0,3,1,0,0.784,1630,2199,0.7168,1
GH02130,Ashanti,Cocoa,6.84,14,3,1,0,1,2,0,0,0.884,4319,6297,0.864,1
GH02131,Eastern,Cocoa,1.84,12,9,1,0,0,3,1,1,0.896,1703,1388,0.733,1
GH02132,Upper West,Rice,2.46,30,12,1,0,0,0,1,1,0.604,1827,2719,0.7392,1
GH02133,Brong-Ahafo,Rice,0.92,5,5,0,0,0,1,0,0,0.687,1056,726,0.3068,0
GH02134,Brong-Ahafo,Yam,8.12,37,6,1,0,0,1,0,1,0.766,8295,3151,0.5899,1
GH02135,Upper East,Maize,1.44,16,5,0,1,0,2,0,1,0.509,381,376,0.7526,0
GH02136,Brong-Ahafo,Maize,1.47,4,5,1,0,1,1,0,1,0.76,367,492,0.8482,1
GH02137,Ashanti,Cassava,1.43,30,3,1,1,0,2,1,1,0.802,814,847,0.8397,1
GH02138,Brong-Ahafo,Yam,1.16,22,5,0,1,0,1,1,0,0.832,1378,429,0.7961,1
GH02139,Western,Plantain,1.09,3,8,0,1,0,1,0,0,0.759,271,100,0.4651,1
GH02140,Volta,Yam,1.26,7,2,1,0,0,1,1,0,0.807,1271,1486,0.8576,1
GH02141,Central,Cassava,0.7,32,6,1,1,0,1,0,1,0.889,221,290,0.638,1
GH02142,Upper East,Yam,1.05,25,9,0,0,0,1,0,1,0.566,1266,764,0.3657,1
GH02143,Northern,Maize,7.13,41,4,1,0,0,1,0,0,0.673,2374,2052,0.4343,1
GH02144,Upper East,Maize,3.05,18,4,1,0,0,0,1,0,0.599,853,1240,0.3177,1
GH02145,Upper East,Yam,3.48,6,8,1,0,1,2,1,1,0.638,3654,3116,0.6809,1
GH02146,Northern,Maize,4.15,3,4,1,0,0,1,0,0,0.663,822,381,0.3821,0
GH02147,Brong-Ahafo,Rice,6.58,13,4,1,0,0,0,1,0,0.754,4746,6616,0.4962,0
GH02148,Ashanti,Plantain,0.53,6,5,0,0,0,1,1,1,0.777,234,209,0.659,0
GH02149,Eastern,Cassava,0.77,21,5,1,1,0,3,0,0,0.766,368,262,0.8584,1
GH02150,Volta,Cassava,1.04,9,9,1,1,1,2,0,0,0.763,641,267,0.7821,1
GH02151,Northern,Rice,1.31,2,6,0,1,1,3,1,1,0.702,1333,1133,0.4808,0
GH02152,Volta,Yam,1.48,7,5,0,0,0,2,0,1,0.801,1674,2048,0.5276,1
GH02153,Western,Cassava,1.33,12,6,1,1,0,3,0,1,0.92,653,758,0.8269,1
GH02154,Brong-Ahafo,Yam,2.12,4,10,0,1,0,1,0,0,0.839,1818,1629,0.3735,1
GH02155,Upper East,Rice,1.87,32,3,0,0,0,1,1,0,0.568,1542,1794,0.5471,0
GH02156,Upper East,Yam,1.1,29,4,1,0,1,2,1,1,0.742,1175,847,0.7453,1
GH02157,Western,Cocoa,0.4,6,11,1,0,0,3,0,1,0.852,270,319,0.4777,0
GH02158,Western,Plantain,0.91,27,10,0,1,0,2,1,1,0.81,398,160,0.6148,0
GH02159,Upper East,Yam,1.24,17,4,1,0,0,2,0,1,0.612,1404,757,0.671,1
GH02160,Brong-Ahafo,Rice,1.53,32,3,1,1,0,0,0,0,0.789,1416,1916,0.8549,1
GH02161,Upper West,Rice,0.83,29,5,0,1,1,1,1,1,0.551,496,324,0.7409,1
GH02162,Ashanti,Cassava,1.29,8,2,1,1,0,0,0,1,0.802,625,342,0.8214,1
GH02163,Upper West,Rice,0.83,39,7,1,0,0,1,0,1,0.574,777,316,0.7865,1
GH02164,Volta,Cassava,1.67,10,3,1,1,0,1,0,0,0.791,1050,810,0.6878,1
GH02165,Eastern,Plantain,0.86,40,3,1,1,0,1,0,0,0.889,439,167,0.7896,1
GH02166,Northern,Rice,1.01,36,6,1,0,0,2,0,1,0.614,878,787,0.695,0
GH02167,Eastern,Plantain,0.73,28,10,1,1,0,0,0,0,0.871,387,543,0.5826,0
GH02168,Eastern,Cassava,1.64,13,5,0,0,0,1,1,0,0.704,1025,1276,0.5665,0
GH02169,Central,Plantain,0.99,26,5,0,0,1,1,0,1,0.921,388,135,0.6948,0
GH02170,Upper West,Yam,3.44,30,13,1,0,0,1,0,0,0.574,3653,2410,0.2858,0
GH02171,Western,Cocoa,2.42,32,6,0,1,0,1,0,1,0.822,1404,737,0.5435,1
GH02172,Western,Plantain,1.74,35,5,1,0,1,1,1,0,0.882,1068,406,0.708,1
GH02173,Brong-Ahafo,Maize,1.04,34,5,1,0,0,3,0,1,0.766,228,100,0.7754,1
GH02174,Volta,Cassava,2.38,28,4,1,0,0,1,0,1,0.771,1352,1879,0.6246,1
GH02175,Upper East,Maize,2.95,3,6,1,0,0,0,1,1,0.494,674,453,0.5047,1
GH02176,Brong-Ahafo,Rice,2.01,15,5,0,1,0,1,0,1,0.712,1873,1443,0.7833,1
GH02177,Ashanti,Cocoa,5.6,14,4,1,1,1,1,0,0,0.843,4299,3795,0.8426,1
GH02178,Brong-Ahafo,Maize,2.51,25,4,1,0,0,1,0,1,0.769,730,872,0.5683,0
GH02179,Volta,Cassava,3.45,6,5,1,0,0,1,0,0,0.714,2522,3173,0.3479,1
GH02180,Northern,Maize,2.0,35,6,0,0,0,0,0,0,0.564,477,695,0.4223,0
GH02181,Upper East,Yam,2.92,24,3,0,0,0,2,0,1,0.606,3489,1929,0.3414,0
GH02182,Brong-Ahafo,Yam,1.04,20,4,0,0,0,2,0,0,0.743,1294,856,0.6299,1
GH02183,Upper East,Yam,1.32,31,10,1,0,0,1,0,1,0.597,1577,1065,0.5824,0
GH02184,Ashanti,Maize,2.33,17,6,1,1,0,2,0,0,0.556,559,466,0.6708,1
GH02185,Eastern,Cocoa,2.32,41,3,1,1,0,1,1,0,0.811,1560,1979,0.7649,1
GH02186,Northern,Rice,2.6,35,7,1,0,0,0,0,0,0.703,1851,1087,0.6316,0
GH02187,Brong-Ahafo,Maize,3.94,12,3,0,0,0,1,0,1,0.681,1028,1274,0.6419,1
GH02188,Volta,Yam,0.67,15,7,1,1,0,2,0,0,0.789,562,306,0.6608,1
GH02189,Brong-Ahafo,Cassava,0.92,16,7,1,0,0,0,0,1,0.683,448,516,0.6696,1
GH02190,Upper East,Maize,2.14,36,7,1,0,0,2,1,0,0.44,768,967,0.5395,1
GH02191,Eastern,Cocoa,1.1,8,7,1,1,0,2,0,1,0.868,727,963,0.7375,0
GH02192,Northern,Rice,19.38,30,3,1,0,0,2,0,1,0.631,16030,10000,0.9262,0
GH02193,Ashanti,Maize,2.61,23,7,1,0,0,0,0,1,0.738,619,430,0.5552,1
GH02194,Ashanti,Maize,1.72,24,3,1,1,0,0,1,0,0.833,476,584,0.842,1
GH02195,Volta,Yam,1.27,25,5,0,0,1,0,0,0,0.725,1492,1022,0.4494,1
GH02196,Brong-Ahafo,Rice,1.3,36,10,1,1,0,3,0,0,0.699,1156,552,0.7737,0
GH02197,Upper West,Rice,1.86,11,6,0,0,0,2,0,0,0.551,1934,2517,0.412,1
GH02198,Western,Cocoa,1.97,9,11,0,0,0,2,0,0,0.784,1054,836,0.2685,1
GH02199,Brong-Ahafo,Rice,1.32,13,3,0,1,0,2,0,1,0.787,907,893,0.5554,0
GH02200,Brong-Ahafo,Yam,1.51,30,6,1,1,0,2,0,0,0.725,1396,1957,0.793,1
GH02201,Upper East,Yam,4.67,30,3,1,0,0,1,0,0,0.676,6143,2844,0.5951,1
GH02202,Western,Plantain,4.8,24,7,1,0,0,2,0,1,0.614,2564,2484,0.791,1
GH02203,Volta,Cassava,2.17,27,3,1,1,0,2,0,0,0.854,816,792,0.798,0
GH02204,Northern,Rice,0.71,38,4,1,0,0,1,0,0,0.664,701,935,0.8016,1
GH02205,Upper West,Yam,2.66,33,4,1,1,0,1,1,1,0.603,2740,1944,0.8686,1
GH02206,Brong-Ahafo,Yam,5.41,39,7,0,1,0,2,1,0,0.647,6424,5020,0.9027,1
GH02207,Western,Plantain,4.75,7,4,0,1,0,0,0,1,0.717,3152,2910,0.8083,1
GH02208,Western,Cocoa,3.05,9,8,1,0,0,2,0,1,0.92,1731,867,0.5602,0
GH02209,Brong-Ahafo,Rice,4.93,18,3,1,1,0,1,0,0,0.769,5258,4547,0.8639,1
GH02210,Central,Plantain,1.89,13,2,0,1,0,1,0,0,0.868,938,772,0.7345,1
GH02211,Ashanti,Cassava,2.83,23,5,1,0,0,2,0,1,0.807,1363,732,0.788,1
GH02212,Brong-Ahafo,Yam,1.13,15,11,1,1,0,2,0,1,0.818,1174,1526,0.8461,0
GH02213,Upper West,Maize,2.24,35,3,1,0,0,1,1,0,0.543,473,387,0.5889,0
GH02214,Eastern,Cocoa,4.62,20,3,0,0,0,3,1,1,0.808,3247,2167,0.7431,0
GH02215,Ashanti,Cocoa,1.21,7,8,1,1,0,3,0,1,0.821,812,371,0.6944,0
GH02216,Central,Cassava,1.0,19,5,1,1,0,2,1,1,0.823,426,174,0.9559,1
GH02217,Western,Cocoa,1.95,37,7,1,1,1,2,0,0,0.967,1198,1740,0.8049,1
GH02218,Northern,Maize,1.55,38,4,0,0,0,2,0,0,0.515,528,789,0.2627,0
GH02219,Eastern,Cassava,2.87,39,6,0,1,0,2,1,0,0.659,1453,2002,0.642,1
GH02220,Brong-Ahafo,Cassava,1.33,16,4,1,0,0,3,0,0,0.664,561,477,0.5479,1
GH02221,Western,Cassava,6.07,39,5,0,1,0,1,0,0,0.895,3472,4408,0.7315,0
GH02222,Volta,Yam,0.74,41,8,1,0,0,0,0,0,0.742,860,1119,0.7045,1
GH02223,Central,Plantain,4.38,10,8,1,1,0,3,0,0,0.722,2207,1456,0.7068,1
GH02224,Ashanti,Cocoa,1.07,7,6,0,0,1,1,0,0,0.843,569,571,0.4137,0
GH02225,Ashanti,Cocoa,0.52,3,10,1,0,0,2,0,1,0.809,180,261,0.6211,0
GH02226,Brong-Ahafo,Rice,2.15,17,4,1,0,0,1,0,1,0.795,1428,908,0.7742,1
GH02227,Northern,Yam,1.52,2,4,1,0,0,3,0,0,0.699,1855,2032,0.5082,1
GH02228,Western,Cocoa,0.84,31,6,0,1,0,2,1,0,1.0,707,774,0.8587,1
GH02229,Greater Accra,Cassava,0.56,34,7,0,1,0,3,1,0,0.77,247,208,0.7681,0
GH02230,Volta,Maize,1.81,2,2,0,0,0,3,1,1,0.581,479,426,0.4981,0
GH02231,Eastern,Plantain,3.61,40,6,1,0,0,0,0,0,0.872,2073,1757,0.7497,1
GH02232,Upper East,Maize,2.74,17,5,0,1,0,1,0,0,0.644,739,684,0.5302,1
GH02233,Upper East,Yam,1.9,18,7,1,0,0,2,0,0,0.483,2274,1088,0.58,0
GH02234,Brong-Ahafo,Rice,2.55,39,8,1,0,0,2,0,1,0.648,2025,2539,0.8435,0
GH02235,Eastern,Maize,1.79,19,6,0,1,0,1,1,0,0.793,545,596,0.6604,1
GH02236,Northern,Yam,0.67,23,2,1,1,0,3,1,1,0.772,632,928,0.8891,1
GH02237,Ashanti,Cassava,0.67,23,7,1,0,1,1,1,0,0.745,297,177,0.8341,1
GH02238,Eastern,Cassava,1.58,36,7,1,1,0,3,0,0,0.822,1023,486,0.8297,1
GH02239,Northern,Rice,1.63,32,4,0,0,0,2,0,1,0.483,924,657,0.5494,0
GH02240,Western,Cocoa,3.31,41,6,1,0,0,2,1,0,0.844,2055,1874,0.796,1
GH02241,Greater Accra,Cassava,3.1,28,11,1,1,0,1,1,0,0.856,1597,872,0.8306,1
GH02242,Upper West,Rice,2.78,37,5,1,0,0,0,1,1,0.727,2639,2250,0.7828,1
GH02243,Eastern,Plantain,1.5,5,4,1,1,0,1,0,0,0.768,623,667,0.5572,1
GH02244,Upper West,Maize,0.69,6,4,0,0,0,1,1,1,0.645,196,100,0.2383,0
GH02245,Northern,Rice,2.43,26,6,1,1,0,1,0,0,0.573,1422,1720,0.6266,1
GH02246,Volta,Cassava,2.63,32,10,1,1,0,2,0,1,0.787,1502,2144,0.7768,1
GH02247,Eastern,Plantain,0.34,15,6,0,0,0,1,0,1,0.991,234,146,0.7525,1
GH02248,Northern,Maize,1.02,31,5,0,1,0,1,1,0,0.758,172,212,0.7171,0
GH02249,Northern,Maize,1.12,13,7,1,0,0,3,0,1,0.772,266,213,0.6754,0
GH02250,Eastern,Plantain,1.98,28,7,1,1,0,2,0,1,0.857,1165,1278,0.7694,1
GH02251,Brong-Ahafo,Rice,1.04,25,6,0,0,0,0,0,0,0.733,1338,1594,0.3199,1
GH02252,Ashanti,Cassava,1.77,31,4,1,1,0,2,0,0,0.838,1039,679,0.6803,1
GH02253,Ashanti,Maize,1.57,19,7,0,1,0,3,0,0,0.802,372,463,0.4382,0
GH02254,Volta,Cassava,1.63,15,5,1,0,0,3,0,0,0.811,830,354,0.6909,0
GH02255,Brong-Ahafo,Rice,1.1,20,2,1,1,0,2,0,0,0.693,672,997,0.7429,1
GH02256,Brong-Ahafo,Yam,1.16,23,6,1,1,0,2,0,1,0.69,1358,957,0.8815,1
GH02257,Upper East,Maize,0.86,27,12,1,0,0,1,0,1,0.517,289,164,0.568,0
GH02258,Central,Maize,2.38,8,5,0,1,0,2,0,1,0.876,846,395,0.702,1
GH02259,Northern,Rice,2.72,29,11,0,0,0,2,0,0,0.729,2058,2623,0.1821,0
GH02260,Brong-Ahafo,Maize,1.06,39,3,0,1,0,1,0,1,0.985,247,248,0.9156,1
GH02261,Western,Cassava,5.28,6,7,0,0,0,1,0,0,0.874,3601,5193,0.4401,1
GH02262,Volta,Yam,1.46,37,3,0,1,0,1,0,1,0.687,1878,2023,0.4042,0
GH02263,Volta,Yam,5.32,19,4,0,1,0,2,1,0,0.712,4303,3050,0.7376,0
GH02264,Eastern,Maize,1.16,15,6,0,1,0,1,0,0,0.752,298,389,0.4255,1
GH02265,Upper West,Rice,0.44,24,6,1,1,0,2,1,1,0.73,413,263,0.7129,1
GH02266,Brong-Ahafo,Yam,2.41,15,8,1,1,0,3,0,1,0.809,2307,1497,0.7983,1
GH02267,Ashanti,Maize,2.17,33,6,0,1,0,1,0,0,0.657,606,202,0.5209,1
GH02268,Ashanti,Plantain,1.87,6,6,0,1,0,3,0,0,0.82,666,401,0.7214,0
GH02269,Northern,Yam,1.16,23,9,0,1,0,1,0,0,0.517,907,557,0.4371,0
GH02270,Eastern,Cassava,1.78,29,5,0,1,0,0,0,1,0.862,917,602,0.7431,0
GH02271,Northern,Rice,1.27,13,4,1,0,0,0,1,0,0.578,885,657,0.5964,0
GH02272,Ashanti,Cocoa,1.47,19,4,0,1,0,1,1,0,0.786,799,793,0.7145,1
GH02273,Eastern,Maize,3.28,37,5,0,1,1,1,1,1,0.615,853,477,0.853,1
GH02274,Upper East,Rice,2.07,32,7,1,0,0,2,1,1,0.646,1382,1471,0.7229,1
GH02275,Eastern,Cocoa,2.79,14,2,0,0,0,2,0,0,0.932,1980,911,0.7222,1
GH02276,Upper East,Yam,1.55,21,3,1,0,0,3,0,1,0.53,1873,2654,0.6967,1
GH02277,Brong-Ahafo,Maize,1.43,37,3,0,1,0,2,1,0,0.717,373,124,0.6643,1
GH02278,Upper West,Yam,0.81,8,6,0,0,0,1,1,0,0.572,747,1038,0.2295,1
GH02279,Northern,Maize,1.41,24,4,1,1,0,1,0,1,0.598,475,454,0.599,1
GH02280,Brong-Ahafo,Cassava,0.3,35,4,1,0,0,2,0,0,0.714,181,209,0.6773,1
GH02281,Brong-Ahafo,Yam,1.21,33,6,1,1,0,2,0,1,0.662,1414,930,0.647,1
GH02282,Northern,Rice,1.72,22,8,1,1,0,1,0,1,0.744,691,351,0.6292,1
GH02283,Volta,Yam,2.7,7,5,1,0,0,3,1,0,0.539,2478,3560,0.386,0
GH02284,Eastern,Plantain,1.51,17,6,1,1,0,2,0,0,0.865,674,559,0.8222,1
GH02285,Brong-Ahafo,Yam,2.32,36,3,0,0,0,2,1,1,0.773,1952,1711,0.7824,1
GH02286,Volta,Cassava,0.4,21,10,1,1,0,2,1,1,0.912,254,377,0.8946,1
GH02287,Upper East,Rice,1.75,12,5,1,0,0,1,0,1,0.566,1263,888,0.4196,0
GH02288,Eastern,Cassava,0.56,33,13,0,0,0,2,0,0,0.785,212,100,0.2277,1
GH02289,Greater Accra,Cassava,0.78,15,11,0,1,0,1,0,0,0.8,430,432,0.4113,0
GH02290,Brong-Ahafo,Yam,1.6,25,8,0,0,1,2,1,0,0.778,1610,1555,0.4544,1
GH02291,Northern,Maize,4.45,40,2,1,0,0,1,0,0,0.558,1007,1236,0.3965,1
GH02292,Central,Maize,2.36,32,6,1,1,0,0,0,1,0.7,788,1140,0.8682,1
GH02293,Western,Cocoa,1.85,18,3,1,1,0,1,0,0,0.801,1444,966,0.6869,1
GH02294,Greater Accra,Maize,1.8,26,9,1,1,0,1,1,1,0.739,552,644,0.8502,1
GH02295,Greater Accra,Cassava,1.11,10,8,0,1,0,0,0,1,0.785,639,525,0.7294,1
GH02296,Northern,Rice,1.25,23,11,1,0,0,2,0,0,0.642,1233,1530,0.3326,0
GH02297,Volta,Maize,2.46,36,6,0,1,0,2,0,1,0.714,661,329,0.7865,1
GH02298,Upper West,Rice,0.69,38,6,1,1,0,1,0,1,0.654,420,378,0.5538,1
GH02299,Eastern,Cassava,2.76,18,6,1,1,0,2,0,1,0.827,1389,545,0.8094,1
GH02300,Upper East,Yam,1.39,29,5,1,1,0,2,1,1,0.489,937,912,0.8698,1
GH02301,Northern,Yam,3.25,2,6,0,0,1,0,0,1,0.465,2580,1297,0.2422,0
GH02302,Greater Accra,Cassava,3.57,10,7,1,1,0,2,0,1,0.781,2481,3603,0.8387,1
GH02303,Brong-Ahafo,Maize,0.56,14,10,1,1,0,1,1,1,0.791,121,117,0.7993,1
GH02304,Greater Accra,Cassava,1.21,33,6,1,1,0,3,0,1,0.924,486,455,0.8169,1
GH02305,Brong-Ahafo,Rice,1.0,29,9,1,1,0,2,0,1,0.829,918,1347,0.6426,1
GH02306,Volta,Yam,0.51,32,9,1,1,0,0,1,1,0.817,603,542,0.8418,1
GH02307,Central,Plantain,0.88,9,6,1,1,1,1,0,0,0.937,296,329,0.8192,1
GH02308,Western,Plantain,10.06,9,5,1,1,0,2,0,1,0.883,5323,1895,0.7954,1
GH02309,Northern,Maize,2.79,35,7,0,0,0,0,0,0,0.759,689,792,0.3002,1
GH02310,Northern,Rice,6.97,24,5,1,0,0,3,0,1,0.658,6019,2559,0.7694,1
GH02311,Northern,Yam,3.26,11,3,1,1,0,0,0,1,0.795,3087,3816,0.8311,0
GH02312,Brong-Ahafo,Cassava,1.08,38,5,1,1,0,0,0,1,0.73,412,557,0.8622,1
GH02313,Eastern,Maize,1.39,26,13,1,0,0,0,0,1,0.713,349,237,0.7701,1
GH02314,Ashanti,Cassava,2.75,34,2,1,1,0,2,0,1,0.8,1624,2198,0.7803,1
GH02315,Northern,Yam,2.48,5,7,0,0,1,1,0,1,0.632,3472,3052,0.267,0
GH02316,Eastern,Plantain,1.22,8,8,0,1,1,0,0,1,0.799,663,654,0.7133,1
GH02317,Upper West,Yam,0.63,34,7,1,0,0,2,0,0,0.653,585,464,0.4858,0
GH02318,Brong-Ahafo,Cassava,18.2,3,6,0,0,0,1,0,1,0.772,7301,6365,0.7194,1
GH02319,Brong-Ahafo,Maize,1.65,33,7,1,0,0,1,0,1,0.681,443,616,0.4899,1
GH02320,Eastern,Maize,1.45,6,5,1,1,0,0,0,0,0.733,372,534,0.4657,0
GH02321,Western,Plantain,1.97,18,3,0,1,0,3,0,1,0.947,1054,880,0.7604,1
GH02322,Upper East,Yam,1.54,13,11,1,1,0,2,1,1,0.61,1534,1407,0.7435,1
GH02323,Eastern,Plantain,1.99,13,5,1,0,0,2,0,1,0.691,1099,483,0.6991,1
GH02324,Northern,Yam,4.49,36,7,0,0,0,0,0,1,0.756,4200,2901,0.5166,1
GH02325,Ashanti,Plantain,1.67,22,6,1,0,0,2,0,1,0.86,1129,1034,0.4042,1
GH02326,Western,Cassava,0.81,22,3,1,1,0,2,0,0,0.891,475,258,0.9624,1
GH02327,Upper East,Maize,1.63,3,10,0,1,1,1,0,0,0.639,388,385,0.4914,0
GH02328,Central,Plantain,1.32,22,8,0,1,1,1,0,1,0.928,798,896,0.9495,1
GH02329,Northern,Maize,4.94,16,3,0,0,0,2,0,1,0.541,1054,1138,0.4403,0
GH02330,Ashanti,Cassava,4.14,12,12,1,0,0,0,0,1,0.729,1802,1497,0.3846,0
GH02331,Western,Plantain,1.96,11,7,1,1,0,2,1,1,1.0,830,1015,0.8252,1
GH02332,Brong-Ahafo,Maize,0.74,19,6,1,0,0,1,1,0,0.674,260,178,0.7452,0
GH02333,Upper East,Maize,0.77,24,6,1,1,0,2,0,1,0.595,206,178,0.7712,1
GH02334,Brong-Ahafo,Cassava,1.84,32,3,1,0,0,1,0,1,0.911,845,527,0.7579,0
GH02335,Upper East,Rice,2.31,27,6,0,0,0,1,0,1,0.55,1933,1980,0.418,1
GH02336,Upper West,Yam,1.4,3,3,1,1,0,2,0,0,0.581,1564,1296,0.589,1
GH02337,Upper East,Rice,1.3,40,6,1,1,0,3,0,1,0.659,1388,778,0.7755,1
GH02338,Northern,Maize,1.2,8,6,1,0,0,3,0,0,0.632,233,156,0.6426,1
GH02339,Volta,Yam,1.79,25,9,0,1,0,1,1,0,0.79,2260,1436,0.7807,0
GH02340,Ashanti,Maize,0.34,40,7,0,0,0,0,0,1,0.759,55,100,0.4056,1
GH02341,Central,Cassava,0.84,33,4,0,0,0,2,1,1,0.798,521,483,0.4862,0
GH02342,Brong-Ahafo,Yam,1.17,27,9,1,0,0,1,1,1,0.723,1454,1575,0.5287,1
GH02343,Western,Cocoa,4.24,24,6,1,0,0,2,0,1,0.956,3719,5287,0.696,1
GH02344,Eastern,Cocoa,1.03,15,6,1,1,0,2,0,0,0.811,809,420,0.728,1
GH02345,Upper East,Rice,2.07,30,4,0,1,0,2,1,0,0.619,1320,1880,0.658,0
GH02346,Upper East,Yam,2.14,26,9,1,0,0,2,0,1,0.507,2479,2349,0.6285,0
GH02347,Brong-Ahafo,Cassava,4.52,32,10,1,0,0,0,0,1,0.943,1866,2477,0.6908,1
GH02348,Brong-Ahafo,Rice,4.41,3,8,1,0,0,2,1,0,0.776,2901,1455,0.802,0
GH02349,Central,Maize,1.75,3,10,1,0,0,2,0,0,0.817,441,277,0.573,1
GH02350,Eastern,Cocoa,1.31,24,5,1,1,0,2,0,0,0.909,857,457,0.765,0
GH02351,Brong-Ahafo,Rice,1.14,12,9,1,1,0,0,0,0,0.712,968,1049,0.3683,1
GH02352,Ashanti,Plantain,1.54,30,6,1,0,0,1,1,1,0.92,668,313,0.815,0
GH02353,Volta,Maize,1.34,36,4,1,1,0,3,1,1,0.609,396,495,0.8926,1
GH02354,Western,Cassava,2.68,10,7,1,0,0,2,0,1,0.791,1021,613,0.5186,0
GH02355,Central,Plantain,2.45,33,7,0,1,0,3,0,0,0.786,1244,755,0.5266,0
GH02356,Central,Plantain,2.76,31,4,1,1,0,2,1,1,0.7,1315,838,0.925,1
GH02357,Ashanti,Plantain,4.4,16,2,0,1,0,3,0,0,0.783,2667,3189,0.5251,1
GH02358,Upper East,Rice,6.71,15,4,1,0,0,1,1,0,0.581,6647,9366,0.6129,1
GH02359,Volta,Yam,1.99,18,5,1,0,0,0,0,1,0.663,1938,2692,0.5689,0
GH02360,Brong-Ahafo,Maize,3.93,23,4,1,1,0,2,1,0,0.631,663,279,0.8298,1
GH02361,Brong-Ahafo,Cassava,1.42,31,4,0,1,0,2,0,1,0.783,526,323,0.59,1
GH02362,Upper West,Maize,4.18,18,5,1,0,0,2,0,1,0.584,1421,1573,0.5599,0
GH02363,Northern,Yam,3.83,17,11,1,1,0,2,0,0,0.614,3750,3908,0.4745,1
GH02364,Ashanti,Plantain,3.69,9,8,1,1,0,3,0,0,0.724,2510,1807,0.6979,1
GH02365,Northern,Maize,1.95,40,5,1,1,0,0,1,0,0.583,638,852,0.8091,1
GH02366,Central,Maize,1.14,32,10,1,1,0,2,0,0,0.737,332,152,0.8214,1
GH02367,Eastern,Maize,0.69,13,7,1,1,0,0,0,0,0.772,196,209,0.8061,1
GH02368,Upper West,Yam,1.77,34,5,1,1,0,0,0,1,0.565,1374,862,0.673,1
GH02369,Upper West,Rice,5.33,13,6,1,0,0,1,0,0,0.607,3772,3518,0.4259,1
GH02370,Eastern,Maize,1.47,26,5,0,1,0,2,0,1,0.66,442,338,0.8141,1
GH02371,Western,Cassava,3.16,39,4,1,1,0,2,0,1,0.728,1545,2280,0.8801,0
GH02372,Eastern,Plantain,3.29,19,5,1,0,0,3,1,0,0.87,1813,1603,0.8526,1
GH02373,Upper West,Yam,1.49,20,6,0,1,0,0,0,0,0.671,1811,2665,0.7482,0
GH02374,Greater Accra,Maize,4.58,4,6,1,1,0,1,1,1,0.784,1225,742,0.7129,1
GH02375,Volta,Yam,0.3,36,8,1,1,0,0,0,1,0.752,276,337,0.8354,1
GH02376,Volta,Cassava,0.77,6,5,1,0,0,0,0,0,0.744,332,385,0.3618,0
GH02377,Ashanti,Cocoa,0.96,36,7,0,0,0,1,1,1,0.923,790,1041,0.8546,1
GH02378,Western,Plantain,1.03,28,6,1,1,0,1,0,0,0.834,597,676,0.5806,0
GH02379,Volta,Yam,2.31,38,11,0,0,0,1,0,0,0.71,3347,3745,0.5926,0
GH02380,Upper West,Yam,2.23,22,5,1,1,0,0,0,0,0.687,2327,2543,0.5492,0
GH02381,Brong-Ahafo,Yam,2.4,17,9,1,1,0,2,0,1,0.688,2372,3515,0.7878,1
GH02382,Upper West,Rice,2.77,29,8,0,0,0,3,0,1,0.623,2453,1407,0.6855,1
GH02383,Volta,Maize,0.94,26,7,0,1,0,2,1,1,0.646,246,100,0.6454,1
GH02384,Central,Plantain,0.78,34,7,1,1,0,2,1,0,0.903,324,361,0.6921,1
GH02385,Western,Plantain,2.4,18,3,0,1,0,2,0,1,0.915,1231,624,0.6979,1
GH02386,Ashanti,Cassava,1.17,31,10,1,1,0,1,0,0,0.712,670,747,0.6421,0
GH02387,Brong-Ahafo,Cassava,0.61,5,3,0,0,0,2,0,0,0.664,354,242,0.2067,1
GH02388,Northern,Maize,3.6,3,6,0,1,1,2,1,1,0.638,1088,383,0.4445,0
GH02389,Northern,Maize,4.84,10,5,1,1,0,1,0,0,0.77,1629,1993,0.7981,1
GH02390,Upper East,Yam,5.42,32,5,1,0,0,3,0,1,0.656,6032,2183,0.8417,1
GH02391,Ashanti,Maize,2.08,26,6,1,1,0,1,0,1,0.748,608,346,0.7016,1
GH02392,Western,Cassava,2.82,38,9,1,1,0,0,0,1,0.772,1106,778,0.761,1
GH02393,Ashanti,Cassava,4.75,37,5,1,1,0,2,1,1,0.718,2616,1202,0.924,1
GH02394,Brong-Ahafo,Yam,1.16,6,12,0,1,0,2,0,0,0.807,1129,1576,0.6192,0
GH02395,Ashanti,Maize,3.96,25,6,1,1,0,2,0,0,0.839,852,891,0.9047,0
GH02396,Northern,Maize,2.21,25,4,1,0,0,1,1,0,0.565,675,912,0.6817,0
GH02397,Western,Cocoa,3.45,30,4,0,1,0,2,0,0,0.84,2687,3005,0.5543,1
GH02398,Upper East,Rice,2.08,32,7,1,1,0,1,0,0,0.589,1828,2724,0.7466,1
GH02399,Volta,Maize,4.51,38,3,1,1,0,3,0,0,0.875,1391,1294,0.7704,1
GH02400,Ashanti,Maize,2.13,20,6,1,0,0,2,0,0,0.77,606,221,0.5739,0
GH02401,Northern,Rice,0.64,24,3,1,0,1,2,0,1,0.557,493,243,0.801,1
GH02402,Eastern,Cocoa,5.03,36,5,1,1,0,1,1,0,0.742,4806,4835,0.7487,1
GH02403,Greater Accra,Maize,0.94,7,7,0,1,0,1,1,0,0.742,269,193,0.5989,1
GH02404,Ashanti,Cocoa,4.38,7,5,1,1,0,1,0,1,0.936,1519,661,0.6191,1
GH02405,Upper East,Maize,1.71,38,4,0,1,0,2,0,1,0.606,244,143,0.5269,0
GH02406,Northern,Yam,4.15,31,4,0,0,1,0,1,0,0.607,5191,4513,0.5242,1
GH02407,Upper West,Rice,4.03,2,5,1,0,0,2,0,0,0.376,2067,1905,0.6102,1
GH02408,Greater Accra,Cassava,2.46,9,3,1,1,0,1,0,1,0.797,1151,1636,0.7571,1
GH02409,Brong-Ahafo,Maize,2.6,29,6,1,1,0,2,0,1,0.758,546,223,0.9505,1
GH02410,Upper East,Maize,2.45,26,6,0,0,1,0,0,1,0.593,639,466,0.6498,0
GH02411,Brong-Ahafo,Maize,0.45,34,3,1,0,1,1,0,1,0.757,135,122,0.8508,1
GH02412,Volta,Yam,1.98,39,5,1,0,0,2,0,1,0.642,1731,755,0.5385,1
GH02413,Northern,Maize,0.83,15,5,1,1,0,2,0,1,0.629,193,217,0.6705,0
GH02414,Brong-Ahafo,Maize,2.05,12,5,0,0,0,2,1,1,0.652,652,599,0.3906,0
GH02415,Western,Cocoa,0.82,3,6,1,1,0,2,0,1,0.86,883,752,0.6955,0
GH02416,Northern,Yam,0.79,31,5,0,1,1,2,0,0,0.574,882,959,0.5862,1
GH02417,Ashanti,Plantain,5.6,31,5,1,1,0,0,0,1,0.911,2306,1488,0.8243,1
GH02418,Northern,Rice,3.85,5,8,1,0,0,1,0,0,0.662,3662,2590,0.5494,0
GH02419,Brong-Ahafo,Cassava,1.82,14,4,0,1,0,2,0,0,0.769,1289,638,0.5444,1
GH02420,Upper West,Rice,2.07,8,6,0,0,0,3,0,0,0.72,2033,1888,0.4976,1
GH02421,Upper West,Rice,1.53,39,6,0,0,0,2,0,1,0.58,857,640,0.3039,0
GH02422,Western,Plantain,2.72,4,5,1,1,0,1,1,1,0.737,1516,928,0.8257,1
GH02423,Northern,Maize,1.14,10,7,0,0,0,0,1,0,0.699,287,129,0.3304,0
GH02424,Eastern,Maize,3.65,15,6,1,1,0,2,0,0,0.785,1024,336,0.7463,0
GH02425,Upper West,Rice,1.53,12,6,1,0,0,1,0,0,0.585,1147,610,0.5473,0
GH02426,Brong-Ahafo,Rice,1.36,38,7,1,1,0,2,0,1,0.699,1265,755,0.6263,1
GH02427,Northern,Yam,1.85,15,8,1,0,0,1,0,1,0.676,1733,1529,0.7311,0
GH02428,Northern,Maize,1.2,20,11,1,0,0,1,0,1,0.68,427,252,0.4972,1
GH02429,Ashanti,Maize,2.29,9,7,1,1,0,0,1,1,0.704,635,814,0.9052,1
GH02430,Eastern,Cocoa,1.25,8,9,1,1,0,0,0,1,0.88,843,733,0.7066,1
GH02431,Volta,Maize,2.53,8,2,1,0,0,1,1,1,0.75,782,820,0.8293,1
GH02432,Volta,Cassava,4.27,4,6,1,0,0,1,0,1,0.714,2402,1320,0.5671,1
GH02433,Ashanti,Cassava,1.1,4,4,1,1,1,2,0,0,0.815,647,517,0.7819,1
GH02434,Ashanti,Cocoa,1.66,19,3,1,1,0,2,0,0,0.791,1140,1167,0.7459,1
GH02435,Brong-Ahafo,Rice,2.52,34,6,0,0,0,0,0,1,0.849,2586,1741,0.533,1
GH02436,Volta,Yam,1.34,38,7,0,1,0,2,0,0,0.698,1618,1138,0.6047,1
GH02437,Brong-Ahafo,Yam,2.52,29,5,1,1,0,3,0,0,0.871,2534,3215,0.812,1
GH02438,Upper East,Rice,2.69,37,7,1,1,0,1,0,1,0.596,2537,3310,0.7954,1
GH02439,Ashanti,Plantain,3.89,17,6,0,1,0,2,0,1,0.685,1857,1745,0.6883,0
GH02440,Northern,Rice,1.19,16,5,1,1,0,2,0,1,0.461,1074,1477,0.7201,1
GH02441,Central,Maize,0.94,30,5,1,1,1,1,0,0,0.773,304,360,0.6256,1
GH02442,Upper West,Rice,1.47,19,5,0,0,0,0,1,1,0.717,1250,458,0.651,1
GH02443,Brong-Ahafo,Maize,0.93,20,5,1,1,0,0,0,1,0.828,216,210,0.6467,1
GH02444,Northern,Maize,2.71,30,7,1,1,0,0,0,1,0.628,573,652,0.476,1
GH02445,Brong-Ahafo,Maize,0.81,7,3,1,1,0,2,0,0,0.671,238,226,0.8438,1
GH02446,Upper East,Maize,9.33,28,3,1,0,0,1,0,1,0.532,2214,2875,0.8044,0
GH02447,Volta,Maize,4.51,8,7,1,1,0,3,1,1,0.747,1515,1001,0.8208,1
GH02448,Brong-Ahafo,Maize,1.84,28,6,0,0,0,2,0,1,0.817,357,135,0.7175,1
GH02449,Volta,Yam,3.34,20,5,0,1,0,2,1,1,0.796,4254,4511,0.7331,1
GH02450,Northern,Yam,0.58,18,4,1,0,0,2,0,1,0.712,591,696,0.5229,1
GH02451,Brong-Ahafo,Cassava,10.66,12,5,0,0,0,0,1,1,0.831,4640,5653,0.5615,1
GH02452,Eastern,Cocoa,1.21,6,8,1,1,0,2,0,1,0.91,777,243,0.6633,1
GH02453,Brong-Ahafo,Maize,1.67,3,9,1,1,0,3,0,1,0.549,445,493,0.6167,1
GH02454,Upper East,Maize,0.5,13,7,1,0,0,0,1,1,0.494,152,100,0.4155,0
GH02455,Upper West,Maize,2.56,12,3,1,0,0,1,1,1,0.502,536,659,0.212,1
GH02456,Ashanti,Maize,0.84,11,7,0,0,1,0,0,1,0.669,188,215,0.4662,0
GH02457,Northern,Rice,1.96,29,4,1,0,1,2,0,1,0.635,1485,1457,0.5873,0
GH02458,Upper West,Rice,1.24,8,5,0,0,0,0,0,1,0.494,998,906,0.3509,0
GH02459,Western,Cassava,0.86,15,4,1,1,0,1,1,1,0.764,516,598,0.7899,0
GH02460,Northern,Yam,1.04,14,8,1,0,0,2,0,1,0.627,1105,407,0.6201,0
GH02461,Western,Cassava,2.13,6,7,1,1,0,0,0,0,0.712,1031,1339,0.6039,1
GH02462,Northern,Maize,0.74,9,6,0,0,0,2,0,0,0.576,215,116,0.1737,0
GH02463,Eastern,Cocoa,1.08,2,7,1,0,0,0,0,1,0.886,787,687,0.3598,1
GH02464,Volta,Yam,2.9,6,4,1,1,0,0,0,1,0.652,2776,2454,0.4875,1
GH02465,Greater Accra,Maize,11.27,12,5,1,1,0,1,0,0,0.879,3200,3944,0.6798,1
GH02466,Greater Accra,Maize,2.55,11,7,0,1,0,2,0,1,0.751,403,214,0.5426,0
GH02467,Greater Accra,Maize,0.96,16,7,0,0,0,2,1,0,0.837,316,208,0.6841,1
GH02468,Volta,Yam,1.41,40,8,1,1,0,1,0,0,0.662,1577,1728,0.7426,1
GH02469,Volta,Maize,1.86,30,4,0,0,0,0,0,0,0.766,671,534,0.2148,1
GH02470,Eastern,Maize,1.43,26,8,1,1,0,2,0,1,0.741,332,219,0.6686,0
GH02471,Central,Plantain,3.43,7,5,1,1,0,2,0,1,0.887,1926,2014,0.7733,1
GH02472,Greater Accra,Maize,2.12,12,7,1,1,0,0,1,1,0.771,364,147,0.6714,1
GH02473,Northern,Rice,3.44,18,5,1,1,0,2,0,0,0.679,1802,2248,0.6837,1
GH02474,Brong-Ahafo,Cassava,1.46,16,10,1,1,0,3,1,1,0.848,730,679,0.7473,1
GH02475,Upper West,Rice,4.61,17,4,0,0,0,0,1,1,0.62,3302,1807,0.5006,1
GH02476,Greater Accra,Cassava,1.62,3,7,1,1,0,0,0,1,0.827,1029,813,0.6132,0
GH02477,Central,Plantain,0.92,37,6,0,1,0,1,1,0,0.831,573,262,0.7611,1
GH02478,Ashanti,Cocoa,8.37,20,4,0,1,0,2,0,1,0.734,7422,7718,0.8659,1
GH02479,Brong-Ahafo,Yam,0.51,39,3,0,1,0,0,0,0,0.766,576,635,0.7484,1
GH02480,Western,Plantain,1.09,22,8,1,0,0,2,0,0,0.9,620,488,0.4523,0
GH02481,Central,Cassava,1.17,12,4,0,1,0,2,0,1,0.965,457,323,0.9149,1
GH02482,Brong-Ahafo,Rice,10.55,4,4,1,0,0,2,0,1,0.855,10938,10000,0.8206,1
GH02483,Greater Accra,Cassava,6.45,35,11,0,1,0,0,0,0,0.787,4234,4197,0.5507,1
GH02484,Central,Plantain,5.18,19,7,1,0,0,3,0,1,0.867,1890,2080,0.6075,0
GH02485,Ashanti,Cassava,1.45,16,4,1,0,0,2,0,0,0.804,833,377,0.6312,1
GH02486,Central,Maize,9.96,26,6,0,1,0,1,0,0,0.887,2462,2846,0.794,1
GH02487,Northern,Rice,2.36,16,6,0,1,0,3,0,0,0.578,2619,2183,0.7603,1
GH02488,Northern,Rice,3.61,31,8,1,1,0,3,0,0,0.705,2354,1742,0.7886,1
GH02489,Central,Maize,2.07,18,7,1,1,1,1,0,1,0.711,585,828,0.7364,0
GH02490,Eastern,Cassava,1.76,19,8,1,1,0,1,0,0,0.807,958,349,0.62,1
GH02491,Western,Cocoa,1.53,32,4,0,0,0,0,0,1,0.789,1068,571,0.6471,1
GH02492,Eastern,Cassava,1.57,19,7,1,0,0,3,0,0,0.658,1178,884,0.3613,0
GH02493,Brong-Ahafo,Rice,2.79,36,2,1,1,0,2,0,1,0.678,3024,2083,0.9177,1
GH02494,Brong-Ahafo,Cassava,2.36,14,3,1,1,1,1,0,0,0.759,833,760,0.6996,0
GH02495,Eastern,Cassava,1.78,15,7,1,1,0,2,0,0,0.929,1026,801,0.8281,1
GH02496,Upper West,Maize,5.24,37,2,1,0,0,2,0,0,0.503,1451,1808,0.7505,1
GH02497,Brong-Ahafo,Rice,0.3,19,6,0,0,0,1,0,1,0.702,284,347,0.8404,1
GH02498,Upper East,Yam,2.6,6,8,0,0,1,2,0,1,0.47,2732,3352,0.3792,0
GH02499,Ashanti,Maize,3.01,15,5,1,1,0,1,0,1,0.857,700,520,0.7403,1
GH02500,Eastern,Plantain,4.07,26,2,0,1,0,2,0,0,0.788,1626,1283,0.6355,1
GH02501,Upper West,Maize,1.74,40,7,1,1,0,0,1,0,0.563,444,517,0.7565,1
GH02502,Central,Plantain,2.11,13,10,1,1,0,2,0,1,0.822,1038,466,0.6686,1
GH02503,Northern,Rice,3.63,41,7,1,0,0,1,1,0,0.479,3054,4038,0.7816,1
GH02504,Brong-Ahafo,Rice,5.17,29,6,1,1,0,0,1,1,0.633,3710,3523,0.8935,1
GH02505,Upper West,Maize,1.48,36,4,0,1,0,0,1,0,0.514,551,726,0.5784,1
GH02506,Ashanti,Cassava,2.2,2,2,1,1,0,2,0,1,0.864,1279,1602,0.6709,0
GH02507,Volta,Yam,5.9,4,7,0,1,0,1,0,1,0.55,6987,5235,0.4786,0
GH02508,Brong-Ahafo,Cassava,0.41,8,4,0,0,0,2,0,0,0.823,209,100,0.3438,0
GH02509,Volta,Cassava,1.12,10,9,0,1,0,1,0,0,0.807,466,655,0.5843,0
GH02510,Central,Cassava,5.08,37,6,0,0,0,2,0,1,0.695,3138,2239,0.6484,0
GH02511,Upper East,Rice,3.91,24,6,0,0,1,2,0,1,0.56,2538,1900,0.673,1
GH02512,Central,Cassava,2.63,25,8,1,1,0,1,0,0,0.933,822,1143,0.8814,1
GH02513,Volta,Yam,1.33,11,8,1,1,0,0,1,0,0.664,1492,2090,0.7121,1
GH02514,Brong-Ahafo,Rice,0.98,13,7,1,1,0,1,0,0,0.706,674,415,0.7072,1
GH02515,Brong-Ahafo,Cassava,1.2,20,10,0,1,0,2,0,1,1.0,588,239,0.9093,1
GH02516,Greater Accra,Maize,5.38,33,12,1,1,0,2,1,0,0.841,1700,512,0.8824,0
GH02517,Ashanti,Maize,1.17,25,10,0,0,0,0,0,0,0.744,264,218,0.3217,1
GH02518,Brong-Ahafo,Maize,1.96,23,8,1,0,0,2,1,1,0.692,370,363,0.7026,0
GH02519,Western,Cassava,1.08,4,7,1,0,0,0,1,1,0.87,705,440,0.4075,1
GH02520,Western,Cocoa,3.29,41,7,1,1,0,1,0,0,0.915,2294,1403,0.8532,0
GH02521,Eastern,Cassava,1.25,28,3,0,1,1,2,0,1,0.643,821,598,0.6995,1
GH02522,Western,Plantain,1.7,20,4,1,1,0,1,0,1,0.671,964,594,0.6332,1
GH02523,Northern,Rice,0.56,10,2,1,0,0,2,0,1,0.555,513,682,0.3956,1
GH02524,Brong-Ahafo,Cassava,0.59,14,3,1,0,0,3,0,0,0.768,320,343,0.7306,1
GH02525,Upper East,Yam,1.83,3,5,1,0,0,0,0,1,0.591,1905,2466,0.3958,0
GH02526,Upper East,Rice,0.72,37,3,1,1,0,2,0,0,0.449,716,954,0.7577,1
GH02527,Western,Cassava,7.95,30,9,1,1,0,3,0,1,0.824,4854,3990,0.8799,0
GH02528,Brong-Ahafo,Cassava,0.43,12,8,1,1,0,0,0,1,0.774,199,174,0.7027,1
GH02529,Upper East,Maize,1.04,35,3,1,1,0,1,0,0,0.497,317,467,0.5954,1
GH02530,Ashanti,Cocoa,1.84,5,4,0,1,0,0,1,0,0.792,1137,1456,0.6758,0
GH02531,Ashanti,Plantain,1.41,5,8,0,1,1,2,0,1,0.767,666,837,0.6283,0
GH02532,Ashanti,Cocoa,0.84,2,8,1,1,0,2,0,0,0.872,660,660,0.6734,0
GH02533,Western,Cocoa,0.93,26,10,1,1,0,2,0,0,0.861,573,489,0.8436,1
GH02534,Upper West,Rice,0.91,27,13,1,0,0,2,0,0,0.519,759,1043,0.631,1
GH02535,Upper West,Yam,1.49,12,11,0,0,0,2,0,0,0.686,1616,2045,0.2677,0
GH02536,Northern,Yam,7.14,24,5,1,1,0,0,0,1,0.526,6709,6173,0.7538,1
GH02537,Central,Plantain,1.92,3,4,1,1,0,3,0,1,0.713,1107,691,0.7998,1
GH02538,Brong-Ahafo,Cassava,4.17,20,8,1,0,0,1,0,0,0.76,1997,952,0.5891,1
GH02539,Central,Cassava,2.6,30,5,1,1,0,0,0,1,0.82,1622,1562,0.8589,1
GH02540,Eastern,Cassava,3.97,41,8,1,1,0,3,0,0,0.821,2139,1402,0.8765,1
GH02541,Upper West,Yam,0.3,5,6,0,0,0,2,0,1,0.515,313,193,0.6024,0
GH02542,Northern,Yam,1.47,17,8,1,1,0,2,0,1,0.706,1215,519,0.8974,1
GH02543,Ashanti,Cocoa,4.55,38,4,1,1,0,0,1,1,0.972,3060,1045,0.8865,1
GH02544,Ashanti,Plantain,1.22,28,6,1,1,0,2,0,0,0.823,639,792,0.8912,1
GH02545,Ashanti,Maize,6.26,6,6,0,1,0,2,0,1,0.79,2093,899,0.7191,1
GH02546,Eastern,Cassava,5.15,16,10,1,1,0,2,1,1,0.646,2530,3457,0.7897,1
GH02547,Western,Cassava,1.31,24,4,1,1,0,3,0,0,0.805,828,461,0.8266,1
GH02548,Northern,Maize,1.28,4,10,0,1,0,1,0,0,0.559,302,366,0.346,0
GH02549,Upper West,Rice,0.9,19,8,0,0,0,2,0,1,0.541,778,1002,0.3868,0
GH02550,Greater Accra,Maize,1.17,27,7,1,1,0,2,0,1,0.762,292,365,0.6635,1
GH02551,Eastern,Cocoa,0.77,7,8,1,0,0,1,0,1,0.79,711,958,0.5662,1
GH02552,Ashanti,Maize,2.46,18,6,1,1,0,0,1,0,0.649,869,615,0.8218,1
GH02553,Volta,Maize,0.66,39,4,0,1,0,0,0,0,0.691,194,288,0.7059,1
GH02554,Upper West,Yam,2.78,28,4,1,1,0,2,0,0,0.527,2502,1590,0.7136,1
GH02555,Brong-Ahafo,Rice,2.83,21,9,1,0,0,1,1,0,0.813,1597,2270,0.8402,1
GH02556,Northern,Yam,0.57,7,7,1,0,0,0,1,0,0.661,618,510,0.7708,1
GH02557,Greater Accra,Cassava,5.39,36,4,1,1,0,1,0,1,0.892,2947,1085,0.8915,1
GH02558,Northern,Yam,2.61,13,6,1,1,0,1,0,1,0.713,3082,3828,0.8546,1
GH02559,Western,Cocoa,3.08,4,5,0,0,0,0,0,0,0.794,1536,1912,0.4204,1
GH02560,Northern,Rice,1.07,5,4,1,0,0,0,0,0,0.657,891,478,0.4126,1
GH02561,Northern,Rice,2.82,5,6,0,0,0,3,0,0,0.721,2480,3195,0.5158,0
GH02562,Ashanti,Plantain,4.01,5,4,1,1,0,0,0,0,0.753,1656,810,0.6308,1
GH02563,Ashanti,Maize,1.7,40,3,0,0,0,2,0,1,0.603,483,233,0.2581,1
GH02564,Brong-Ahafo,Yam,7.4,22,6,0,1,1,2,0,1,0.695,6375,8101,0.7513,1
GH02565,Ashanti,Cocoa,1.88,3,6,1,1,0,2,1,0,0.912,1108,718,0.5717,1
GH02566,Upper West,Rice,4.05,17,2,1,0,0,1,1,1,0.534,2932,1150,0.5936,1
GH02567,Upper East,Maize,2.24,8,5,1,0,0,3,0,1,0.528,589,853,0.4343,1
GH02568,Brong-Ahafo,Rice,2.75,20,4,1,1,0,1,0,1,0.688,2779,2691,0.6813,1
GH02569,Volta,Cassava,0.57,34,2,1,0,0,0,0,0,0.765,280,235,0.4409,0
GH02570,Brong-Ahafo,Cassava,2.36,10,3,1,0,0,1,0,0,0.696,1029,931,0.333,1
GH02571,Central,Cassava,1.09,38,3,0,0,0,1,0,1,0.721,665,735,0.4945,0
GH02572,Brong-Ahafo,Rice,1.01,18,4,0,0,0,1,0,0,0.715,986,1315,0.3513,1
GH02573,Eastern,Plantain,6.18,28,8,1,0,0,2,1,0,0.803,3625,4013,0.7007,1
GH02574,Brong-Ahafo,Rice,1.57,34,5,0,0,0,1,0,0,0.839,1620,1924,0.5489,1
GH02575,Greater Accra,Cassava,0.9,13,3,0,1,0,2,0,0,0.87,491,253,0.7185,1
GH02576,Eastern,Cassava,1.42,12,3,1,1,0,3,0,1,0.721,769,585,0.6415,1
GH02577,Western,Plantain,0.73,14,5,1,0,0,1,0,1,0.791,316,317,0.4813,1
GH02578,Ashanti,Maize,4.97,32,8,1,0,0,1,0,1,0.822,1765,1841,0.8669,1
GH02579,Brong-Ahafo,Cassava,1.12,14,5,1,1,1,2,0,0,0.746,577,361,0.8329,1
GH02580,Ashanti,Maize,2.64,39,4,1,1,0,2,1,1,0.678,688,1011,0.8142,1
GH02581,Northern,Yam,4.71,27,5,1,1,0,1,0,0,0.642,4375,1933,0.5096,0
GH02582,Ashanti,Plantain,1.28,32,6,0,1,0,2,0,1,0.762,727,316,0.6478,0
GH02583,Volta,Cassava,2.64,23,2,1,0,0,3,1,0,0.818,1409,810,0.7091,1
GH02584,Northern,Rice,0.89,7,7,1,0,0,2,0,0,0.664,748,901,0.5395,0
GH02585,Northern,Yam,10.09,21,5,0,0,0,1,0,0,0.543,9511,3270,0.1545,0
GH02586,Northern,Maize,3.51,22,2,0,0,0,1,0,1,0.758,935,1389,0.3763,0
GH02587,Brong-Ahafo,Rice,1.59,11,7,1,1,0,2,0,1,0.74,1250,1857,0.8845,1
GH02588,Brong-Ahafo,Maize,1.06,20,7,0,1,0,1,1,1,0.517,378,186,0.6542,0
GH02589,Central,Cassava,1.68,36,7,1,0,0,1,0,0,0.87,564,441,0.6595,1
GH02590,Northern,Rice,1.44,27,5,1,0,0,1,1,0,0.427,1271,692,0.4655,1
GH02591,Brong-Ahafo,Rice,7.15,8,6,1,1,0,1,0,1,0.833,7052,5568,0.8373,1
GH02592,Ashanti,Maize,0.77,38,5,1,1,0,1,0,1,0.77,135,127,0.5866,0
GH02593,Western,Plantain,2.0,9,7,1,0,1,3,0,1,0.838,994,1280,0.6811,1
GH02594,Ashanti,Cassava,1.8,6,6,1,1,0,3,0,1,0.808,1131,388,0.4674,1
GH02595,Upper West,Maize,1.68,37,3,0,0,0,2,1,1,0.63,396,588,0.6343,1
GH02596,Upper West,Maize,1.69,29,7,0,0,0,1,1,0,0.545,494,706,0.3872,1
GH02597,Central,Maize,1.68,4,7,1,1,0,1,0,0,0.782,379,373,0.3931,0
GH02598,Brong-Ahafo,Cassava,3.36,40,5,1,0,0,2,0,1,0.783,1776,1558,0.8402,1
GH02599,Brong-Ahafo,Cassava,2.79,9,9,0,0,0,2,0,1,0.543,1839,1767,0.4978,0
GH02600,Upper East,Rice,2.44,16,8,1,1,0,2,0,1,0.626,2647,853,0.7971,1
GH02601,Upper East,Maize,0.3,28,4,1,0,0,0,0,1,0.619,87,103,0.3265,0
GH02602,Upper West,Maize,2.25,37,9,1,0,0,2,0,0,0.619,465,417,0.4029,1
GH02603,Western,Plantain,0.57,17,5,0,1,0,3,0,1,0.874,269,173,0.8346,1
GH02604,Upper East,Yam,2.86,27,7,0,0,0,0,0,1,0.706,1837,1569,0.5682,0
GH02605,Brong-Ahafo,Maize,5.11,5,8,0,1,0,1,0,1,0.72,1335,869,0.7651,0
GH02606,Brong-Ahafo,Maize,0.95,13,6,1,1,0,2,1,1,0.722,314,358,0.7733,0
GH02607,Volta,Cassava,1.52,18,5,0,0,1,2,0,1,0.721,580,602,0.5852,1
GH02608,Brong-Ahafo,Cassava,1.2,27,9,1,1,0,0,1,0,0.62,604,462,0.7855,1
GH02609,Ashanti,Maize,4.33,32,4,1,1,0,3,0,0,0.795,1005,680,0.6491,1
GH02610,Upper East,Rice,1.95,16,4,1,0,0,0,0,1,0.535,2146,2905,0.512,0
GH02611,Eastern,Maize,6.11,35,5,0,0,0,2,0,0,0.604,1831,2048,0.8343,1
GH02612,Western,Plantain,2.43,30,9,1,1,0,0,1,0,0.837,1433,1661,0.7572,1
GH02613,Upper East,Yam,2.16,10,10,1,1,1,0,0,0,0.57,2305,2403,0.3653,1
GH02614,Ashanti,Maize,1.91,15,4,0,1,0,2,1,0,0.74,611,238,0.7318,1
GH02615,Western,Plantain,3.23,37,9,0,1,0,3,0,0,0.854,1980,735,0.5962,0
GH02616,Brong-Ahafo,Cassava,0.54,5,4,1,1,0,3,0,1,0.648,286,233,0.6926,1
GH02617,Central,Plantain,1.93,39,11,1,1,0,0,1,1,0.923,869,1231,0.9238,1
GH02618,Eastern,Cocoa,1.73,38,6,0,1,1,2,0,0,0.863,992,922,0.8307,1
GH02619,Ashanti,Maize,3.03,25,2,0,1,0,0,1,0,0.858,1137,1536,0.6648,0
GH02620,Greater Accra,Cassava,1.6,18,2,1,1,0,0,1,1,0.814,978,407,0.8904,1
GH02621,Brong-Ahafo,Maize,0.88,14,3,1,1,0,0,0,0,0.758,136,159,0.4038,0
GH02622,Eastern,Cassava,1.83,21,4,1,0,0,0,0,1,0.659,914,543,0.6183,1
GH02623,Central,Maize,0.85,18,8,1,0,0,3,1,0,0.717,256,238,0.6049,1
GH02624,Upper West,Maize,0.47,28,4,1,0,0,0,0,0,0.473,174,113,0.1572,1
GH02625,Upper West,Yam,3.03,34,11,1,0,0,2,0,1,0.624,2381,2750,0.4284,1
GH02626,Brong-Ahafo,Rice,2.73,22,7,1,0,0,2,0,0,0.655,2400,1875,0.5469,1
GH02627,Eastern,Maize,2.53,18,7,1,1,1,1,1,1,0.723,646,552,0.9073,1
GH02628,Eastern,Cocoa,4.54,23,4,0,1,0,3,0,1,0.828,2437,1449,0.755,1
GH02629,Brong-Ahafo,Maize,1.14,26,9,1,1,0,1,0,0,0.691,401,256,0.6261,1
GH02630,Upper West,Maize,0.67,4,7,1,0,0,3,0,1,0.478,150,100,0.5803,0
GH02631,Upper East,Maize,1.73,28,9,0,0,0,3,1,1,0.69,573,553,0.6344,1
GH02632,Brong-Ahafo,Yam,1.43,28,10,1,0,0,3,0,0,0.752,982,465,0.7281,1
GH02633,Eastern,Maize,1.01,13,3,1,0,0,2,1,0,0.891,253,157,0.7573,1
GH02634,Ashanti,Cassava,1.72,16,3,1,0,0,1,0,1,0.726,1006,942,0.5126,1
GH02635,Northern,Maize,1.19,39,8,0,0,0,0,0,0,0.578,378,238,0.4769,1
GH02636,Brong-Ahafo,Cassava,0.5,21,9,0,0,0,2,0,1,0.78,285,287,0.6366,0
GH02637,Western,Plantain,1.34,23,6,0,1,0,1,0,0,0.966,808,256,0.8114,0
GH02638,Upper West,Rice,0.82,3,5,0,1,0,2,0,1,0.735,626,919,0.4683,0
GH02639,Eastern,Cassava,2.14,5,7,1,1,0,2,0,0,0.773,1436,1689,0.6051,1
GH02640,Northern,Yam,1.15,14,5,0,0,0,1,0,0,0.57,1242,1123,0.4391,1
GH02641,Volta,Yam,3.97,33,4,0,1,0,0,1,1,0.743,4590,6449,0.8503,1
GH02642,Northern,Rice,5.6,23,6,1,0,0,1,1,1,0.724,4866,6539,0.6501,0
GH02643,Brong-Ahafo,Cassava,2.93,26,4,0,0,0,2,0,1,0.784,1689,1250,0.4775,0
GH02644,Eastern,Plantain,0.62,28,6,1,1,0,0,1,0,0.844,250,110,0.7405,1
GH02645,Volta,Maize,5.23,18,10,1,1,0,2,1,1,0.818,1178,710,0.8439,1
GH02646,Upper East,Maize,5.49,7,8,0,0,1,2,0,0,0.641,1359,748,0.3095,0
GH02647,Upper East,Rice,1.85,17,10,1,1,1,0,0,1,0.664,1653,1984,0.7663,1
GH02648,Volta,Maize,4.6,9,8,1,1,0,2,0,1,0.78,1126,1078,0.5064,0
GH02649,Volta,Yam,1.24,34,5,0,0,0,2,0,0,0.858,1176,1552,0.4137,0
GH02650,Volta,Maize,0.49,11,8,0,0,1,1,1,0,0.633,134,119,0.5413,1
GH02651,Ashanti,Maize,1.07,35,10,0,1,0,3,0,0,0.945,381,466,0.5775,0
GH02652,Northern,Yam,6.11,20,10,1,0,1,0,0,0,0.72,6901,4749,0.5319,0
GH02653,Upper West,Rice,0.64,15,7,1,0,0,1,0,0,0.597,367,375,0.4015,0
GH02654,Upper West,Rice,1.82,4,4,0,0,1,3,1,1,0.699,1521,1623,0.8587,0
GH02655,Northern,Yam,1.87,24,2,1,0,0,1,0,1,0.607,1771,2145,0.3961,0
GH02656,Brong-Ahafo,Maize,1.27,41,3,0,1,0,1,0,1,0.768,336,423,0.7622,1
GH02657,Upper West,Maize,1.34,12,11,0,0,0,2,0,0,0.637,372,235,0.194,0
GH02658,Upper East,Rice,1.92,7,6,0,0,0,2,1,1,0.654,1905,1452,0.3359,1
GH02659,Ashanti,Plantain,1.23,35,9,1,1,0,0,1,0,0.788,519,285,0.6867,1
GH02660,Greater Accra,Cassava,0.67,2,6,1,1,1,1,0,0,0.936,366,438,0.733,1
GH02661,Brong-Ahafo,Rice,2.12,36,7,0,1,0,1,0,0,0.715,1817,1135,0.7951,1
GH02662,Central,Cassava,3.86,26,2,1,1,0,2,0,1,0.898,1937,1490,0.9174,1
GH02663,Ashanti,Maize,3.35,30,4,0,0,0,2,1,1,0.764,811,1025,0.6314,1
GH02664,Eastern,Cassava,1.03,24,5,0,1,0,2,0,1,0.669,459,325,0.6249,0
GH02665,Northern,Maize,0.76,19,7,1,0,0,2,1,1,0.556,193,125,0.7077,1
GH02666,Northern,Yam,1.49,15,4,0,1,0,1,0,1,0.703,1723,1863,0.5939,1
GH02667,Upper East,Rice,5.46,18,8,1,0,0,1,1,1,0.561,4106,6038,0.537,1
GH02668,Volta,Cassava,2.86,3,5,1,0,0,1,0,0,0.877,1472,552,0.6175,0
GH02669,Brong-Ahafo,Maize,2.98,32,8,1,1,0,1,0,0,0.633,636,828,0.8588,1
GH02670,Brong-Ahafo,Cassava,3.4,20,3,0,0,0,2,0,0,0.836,1616,721,0.6569,1
GH02671,Volta,Maize,2.45,33,7,1,1,0,2,0,1,0.726,711,508,0.8986,1
GH02672,Brong-Ahafo,Cassava,1.98,29,5,1,0,0,1,0,0,0.76,693,554,0.5718,1
GH02673,Western,Cassava,2.9,9,8,1,0,0,3,0,0,0.746,1841,2140,0.3924,0
GH02674,Volta,Yam,1.24,41,5,1,0,0,1,0,0,0.767,1102,1556,0.3467,0
GH02675,Northern,Yam,0.68,40,7,1,0,0,0,0,0,0.554,927,392,0.224,0
GH02676,Western,Cassava,3.02,23,10,1,1,0,1,0,0,0.789,1719,2052,0.6778,0
GH02677,Ashanti,Cassava,4.33,25,2,0,1,0,2,0,1,0.804,1439,988,0.7973,1
GH02678,Central,Plantain,0.83,39,2,1,1,1,1,1,0,0.821,442,611,0.9326,1
GH02679,Northern,Rice,3.24,3,8,1,0,0,2,0,0,0.717,2457,1557,0.4886,0
GH02680,Central,Cassava,5.91,20,7,1,0,0,2,0,1,0.633,3283,3718,0.5474,1
GH02681,Western,Cocoa,1.82,3,5,0,1,0,3,1,1,0.846,1699,846,0.8108,1
GH02682,Ashanti,Maize,1.03,29,6,1,1,1,0,0,1,0.736,326,473,0.6888,0
GH02683,Northern,Yam,1.99,33,2,0,1,0,2,0,0,0.634,1915,584,0.4497,1
GH02684,Northern,Yam,1.24,20,4,0,1,0,3,0,0,0.591,901,522,0.6361,0
GH02685,Upper East,Yam,1.18,17,5,0,0,0,1,0,0,0.667,1397,1552,0.1992,0
GH02686,Brong-Ahafo,Rice,2.47,31,8,0,0,1,0,0,1,0.729,2205,2920,0.4876,0
GH02687,Eastern,Cocoa,0.59,23,6,1,0,0,1,1,1,0.846,513,766,0.6066,1
GH02688,Volta,Cassava,0.66,15,6,0,0,0,3,0,0,0.851,337,171,0.4879,1
GH02689,Brong-Ahafo,Rice,1.85,2,9,1,0,0,2,1,1,0.754,1587,1061,0.7149,1
GH02690,Volta,Maize,1.79,3,5,0,0,0,2,1,1,0.628,472,647,0.6007,0
GH02691,Northern,Maize,2.32,23,7,0,0,0,2,0,0,0.581,655,222,0.2986,1
GH02692,Upper West,Yam,6.77,34,9,0,0,0,0,0,0,0.6,4757,5613,0.3809,0
GH02693,Upper East,Yam,1.96,16,4,1,0,0,1,0,0,0.453,2101,1697,0.5184,1
GH02694,Brong-Ahafo,Rice,2.77,23,5,1,1,0,0,0,1,0.693,2415,2721,0.6678,0
GH02695,Northern,Yam,0.92,41,11,1,0,0,1,0,1,0.63,834,776,0.4658,0
GH02696,Volta,Yam,3.12,40,12,1,0,1,2,1,0,0.911,3527,3712,0.7543,1
GH02697,Eastern,Cassava,1.26,12,4,1,1,0,2,0,1,0.845,777,855,0.6981,1
GH02698,Western,Cocoa,1.92,5,3,1,0,0,3,1,1,0.873,1734,1834,0.7518,1
GH02699,Eastern,Cassava,1.69,8,4,0,1,0,0,0,1,0.95,706,775,0.636,1
GH02700,Brong-Ahafo,Cassava,3.75,22,5,1,0,1,1,1,1,0.827,2232,2192,0.802,1
GH02701,Eastern,Cocoa,0.73,8,5,0,0,0,2,0,1,0.893,653,755,0.3917,1
GH02702,Western,Plantain,0.37,5,6,1,0,0,1,0,1,0.817,173,213,0.4301,1
GH02703,Central,Cassava,1.57,13,9,0,0,0,0,1,1,0.739,1054,1313,0.6187,1
GH02704,Volta,Cassava,2.53,28,5,0,0,0,1,0,1,0.801,1135,1503,0.6064,1
GH02705,Volta,Cassava,2.03,18,8,1,1,1,1,0,1,0.926,1081,735,0.7915,0
GH02706,Central,Cassava,4.32,21,3,1,1,0,3,0,0,0.961,1485,1774,0.8093,1
GH02707,Ashanti,Plantain,2.47,32,2,1,1,0,1,0,1,0.878,780,1120,0.9115,1
GH02708,Upper East,Yam,1.23,27,6,0,0,0,3,0,1,0.53,855,634,0.4489,0
GH02709,Central,Plantain,0.36,32,3,1,1,0,3,0,1,0.726,233,287,0.8222,1
GH02710,Upper West,Yam,1.54,36,5,1,0,0,0,0,1,0.544,1312,852,0.7681,1
GH02711,Eastern,Maize,3.74,10,9,1,0,0,2,1,1,0.782,877,448,0.8172,1
GH02712,Greater Accra,Cassava,1.38,6,4,1,1,1,1,0,1,0.827,784,655,0.7396,1
GH02713,Upper West,Maize,1.86,9,7,0,1,0,0,1,1,0.67,439,557,0.7405,1
GH02714,Eastern,Cocoa,2.45,22,5,1,1,0,3,0,1,0.716,2145,1434,0.7767,0
GH02715,Eastern,Plantain,0.9,17,2,1,1,0,1,0,1,0.815,623,407,0.6379,1
GH02716,Eastern,Cassava,2.82,17,6,1,1,0,1,0,1,0.754,823,521,0.867,1
GH02717,Eastern,Cocoa,5.73,19,8,0,1,0,1,0,1,0.914,4464,2508,0.6123,0
GH02718,Northern,Maize,1.61,29,5,1,1,0,1,0,1,0.658,263,272,0.6714,0
GH02719,Upper West,Yam,0.83,19,6,0,0,0,1,0,0,0.544,609,361,0.2673,0
GH02720,Eastern,Cocoa,1.74,15,9,1,0,0,1,1,1,0.903,1345,1912,0.8939,1
GH02721,Northern,Maize,0.38,38,8,0,0,0,1,1,0,0.485,86,100,0.3255,1
GH02722,Upper East,Yam,2.31,41,4,0,0,1,3,0,0,0.442,2450,2330,0.4553,0
GH02723,Brong-Ahafo,Yam,2.5,17,7,1,0,0,1,1,1,0.679,2536,2006,0.6274,1
GH02724,Brong-Ahafo,Maize,5.89,22,6,1,0,0,0,0,0,0.571,1096,1595,0.5908,1
GH02725,Western,Cocoa,1.59,2,7,1,0,0,0,0,0,0.851,1269,1026,0.4614,1
GH02726,Upper East,Rice,2.43,12,6,0,0,0,2,1,1,0.579,2086,2037,0.3955,0
GH02727,Northern,Maize,1.0,12,3,1,0,0,2,0,1,0.583,280,341,0.6293,0
GH02728,Upper East,Yam,1.42,3,6,1,0,0,3,0,1,0.628,1246,630,0.6999,1
GH02729,Ashanti,Cassava,0.63,33,6,1,1,0,2,0,0,0.757,357,121,0.53,0
GH02730,Northern,Yam,1.59,20,6,1,1,0,1,0,1,0.531,1188,1005,0.5669,1
GH02731,Northern,Yam,1.47,6,9,1,0,0,0,0,0,0.571,1183,1137,0.4245,0
GH02732,Northern,Rice,2.25,4,9,0,1,0,2,0,1,0.537,1939,1250,0.3108,0
GH02733,Central,Cassava,1.18,29,5,0,1,0,2,1,0,0.791,747,639,0.72,0
GH02734,Ashanti,Maize,1.93,27,5,1,1,0,0,0,1,0.813,484,502,0.8804,1
GH02735,Brong-Ahafo,Cassava,1.44,24,6,1,0,1,2,0,0,0.639,825,1211,0.7236,1
GH02736,Western,Cocoa,1.44,31,6,0,0,1,3,1,0,0.833,1058,1081,0.7891,1
GH02737,Eastern,Cassava,1.93,9,10,0,1,0,2,0,1,0.892,1097,920,0.7344,1
GH02738,Greater Accra,Maize,1.87,37,7,1,1,0,2,0,0,0.901,447,146,0.8329,1
GH02739,Ashanti,Cocoa,3.1,30,4,1,1,0,2,1,1,0.78,2122,1427,0.8481,1
GH02740,Ashanti,Cocoa,1.67,14,6,0,1,0,0,1,1,1.0,1169,854,0.841,1
GH02741,Upper East,Yam,1.43,26,7,0,0,0,1,0,0,0.501,1873,1634,0.2652,0
GH02742,Northern,Yam,1.61,23,7,1,0,0,0,1,1,0.617,1264,1566,0.6016,0
GH02743,Northern,Rice,1.1,34,6,1,0,0,0,1,1,0.541,641,789,0.4081,1
GH02744,Brong-Ahafo,Maize,1.42,38,4,1,1,0,3,0,1,0.765,630,828,0.7955,1
GH02745,Upper West,Rice,7.55,8,2,1,0,0,1,0,0,0.834,6493,4207,0.5741,1
GH02746,Brong-Ahafo,Rice,0.96,24,5,1,0,0,2,0,1,0.897,863,618,0.6947,1
GH02747,Brong-Ahafo,Cassava,1.5,7,5,1,0,0,2,0,0,0.848,889,427,0.6722,1
GH02748,Greater Accra,Maize,1.39,16,3,1,1,0,2,0,0,0.766,445,591,0.6681,1
GH02749,Central,Plantain,1.53,16,8,0,1,0,2,1,1,0.837,910,985,0.7012,1
GH02750,Brong-Ahafo,Yam,1.45,41,5,1,0,0,2,0,1,0.839,1689,664,0.6763,1
GH02751,Upper East,Rice,2.22,35,9,1,0,0,1,0,0,0.645,2204,1464,0.5555,1
GH02752,Upper East,Yam,0.55,15,4,1,0,1,3,0,0,0.592,573,277,0.7777,1
GH02753,Volta,Cassava,3.77,30,3,1,1,0,0,0,1,0.791,2404,3517,0.4921,0
GH02754,Eastern,Plantain,2.84,17,6,1,1,1,0,0,1,0.909,1973,1360,0.7835,1
GH02755,Ashanti,Plantain,0.76,30,4,0,1,0,2,0,0,0.929,398,357,0.6447,1
GH02756,Brong-Ahafo,Maize,0.37,24,10,1,1,0,1,0,0,0.61,113,100,0.3149,0
GH02757,Western,Cassava,0.92,11,2,0,1,0,1,1,0,0.858,427,371,0.6664,1
GH02758,Northern,Maize,1.54,5,5,0,1,0,3,0,1,0.661,413,619,0.5196,0
GH02759,Upper East,Rice,11.09,13,10,0,0,0,2,0,0,0.542,9617,6202,0.3159,0
GH02760,Ashanti,Maize,2.67,35,5,0,0,1,3,0,1,0.867,683,437,0.601,1
GH02761,Northern,Rice,0.51,5,3,1,0,0,1,1,0,0.612,421,314,0.498,1
GH02762,Ashanti,Plantain,1.12,21,5,1,1,0,1,0,0,0.93,603,303,0.5826,1
GH02763,Northern,Maize,1.76,29,6,0,0,0,2,0,1,0.586,637,756,0.3561,0
GH02764,Western,Cocoa,2.18,29,4,1,1,0,2,1,1,0.881,1272,961,0.8692,1
GH02765,Western,Cocoa,0.73,7,6,1,0,0,2,0,0,0.879,558,556,0.6933,1
GH02766,Northern,Rice,1.66,15,8,1,1,0,3,0,0,0.768,1182,1293,0.7246,0
GH02767,Eastern,Cassava,1.1,36,9,1,0,0,3,0,0,0.874,666,228,0.7491,0
GH02768,Western,Cocoa,0.84,2,2,1,0,0,1,0,0,0.823,693,743,0.7749,0
GH02769,Upper East,Maize,2.19,20,4,0,0,0,1,0,1,0.543,812,763,0.4715,1
GH02770,Ashanti,Cassava,3.13,2,4,1,1,0,2,0,0,0.793,1503,600,0.5271,0
GH02771,Greater Accra,Maize,3.28,14,6,0,1,0,3,0,0,0.816,937,421,0.5605,0
GH02772,Brong-Ahafo,Yam,2.72,9,5,1,0,0,1,0,1,0.674,3183,2639,0.432,1
GH02773,Greater Accra,Maize,1.29,19,8,1,1,0,2,0,0,0.808,405,290,0.6994,0
GH02774,Eastern,Cassava,3.0,36,7,1,0,0,2,0,0,0.924,791,653,0.6388,1
GH02775,Northern,Yam,2.26,24,3,1,1,0,1,1,0,0.741,1965,2088,0.656,0
GH02776,Central,Plantain,2.0,27,7,1,0,0,2,0,1,0.725,1123,545,0.7782,1
GH02777,Brong-Ahafo,Cassava,1.19,39,3,0,1,0,1,0,1,0.642,599,656,0.807,1
GH02778,Northern,Maize,1.29,21,4,1,1,1,2,0,0,0.568,416,533,0.7485,1
GH02779,Volta,Cassava,1.92,3,4,0,0,1,2,0,1,0.638,1218,370,0.3736,1
GH02780,Upper East,Yam,10.05,27,4,1,1,0,2,1,1,0.484,9698,7197,0.8412,0
GH02781,Central,Cassava,2.25,37,6,1,1,0,1,1,0,0.868,1323,834,0.7896,1
GH02782,Western,Cocoa,1.19,26,6,1,1,0,0,1,1,0.857,1084,887,0.9174,1
GH02783,Volta,Cassava,1.02,31,4,1,0,0,2,0,1,0.642,645,670,0.4845,0
GH02784,Brong-Ahafo,Cassava,1.29,19,13,0,1,0,1,1,1,0.874,573,301,0.7822,0
GH02785,Ashanti,Plantain,8.37,8,5,0,0,0,0,0,0,0.791,4062,1872,0.527,0
GH02786,Upper West,Rice,1.38,28,3,1,0,0,0,0,1,0.569,1124,1320,0.68,0
GH02787,Volta,Maize,3.44,12,3,0,0,0,2,0,0,0.811,776,871,0.49,1
GH02788,Western,Cocoa,1.4,38,6,1,0,1,0,1,0,0.893,1199,1023,0.7694,0
GH02789,Volta,Cassava,2.19,9,11,0,1,0,2,0,1,0.777,1001,902,0.8599,1
GH02790,Northern,Rice,3.17,12,6,0,0,0,2,1,1,0.595,2516,1570,0.3892,1
GH02791,Northern,Rice,1.22,25,10,0,1,1,2,0,1,0.681,1200,834,0.7781,1
GH02792,Ashanti,Maize,1.16,31,5,1,1,0,3,1,0,0.73,293,200,0.83,1
GH02793,Brong-Ahafo,Yam,5.82,31,5,1,1,1,0,0,0,0.732,5472,6411,0.837,1
GH02794,Eastern,Cassava,3.63,16,6,1,1,0,2,0,0,0.721,2035,1967,0.7445,1
GH02795,Northern,Yam,3.17,36,7,0,0,1,0,1,1,0.726,2934,3449,0.5465,0
GH02796,Northern,Rice,3.16,40,5,0,0,1,3,0,1,0.759,3344,3374,0.5241,1
GH02797,Upper West,Rice,2.51,25,9,1,0,0,3,0,1,0.627,1661,1586,0.4127,1
GH02798,Brong-Ahafo,Maize,7.48,9,2,0,1,0,1,1,0,0.691,1123,769,0.6148,1
GH02799,Northern,Rice,1.88,21,5,0,1,0,1,1,0,0.71,1780,1379,0.668,1
GH02800,Ashanti,Cocoa,2.73,27,6,1,1,0,1,0,0,0.882,1789,2442,0.6701,1
GH02801,Eastern,Cocoa,0.66,25,6,0,1,0,2,0,0,0.799,390,387,0.411,0
GH02802,Upper West,Rice,1.02,23,4,1,0,0,2,0,1,0.702,890,827,0.7301,0
GH02803,Upper East,Maize,0.79,6,5,1,0,0,3,0,0,0.531,238,100,0.2225,0
GH02804,Western,Cassava,4.45,16,6,1,1,0,0,0,0,0.737,1980,2188,0.7373,1
GH02805,Brong-Ahafo,Rice,0.31,37,7,1,1,0,1,0,1,0.745,311,349,0.6954,1
GH02806,Greater Accra,Cassava,1.37,38,8,0,1,0,2,0,0,0.952,843,952,0.8421,0
GH02807,Central,Maize,0.3,30,7,1,1,1,3,0,0,0.798,116,100,0.7788,1
GH02808,Eastern,Cocoa,1.02,16,5,1,1,0,1,0,1,0.741,654,432,0.4891,0
GH02809,Volta,Cassava,1.29,28,13,1,1,0,1,0,1,0.748,698,520,0.7252,1
GH02810,Upper East,Maize,4.8,9,8,1,0,0,3,0,1,0.661,1394,1801,0.4398,0
GH02811,Volta,Yam,2.41,30,4,1,1,0,0,0,0,0.772,2270,3352,0.8079,1
GH02812,Brong-Ahafo,Yam,1.02,20,4,1,0,0,1,0,0,0.748,1111,886,0.5946,0
GH02813,Volta,Maize,3.84,32,5,1,1,0,1,1,1,0.72,1168,1127,0.7984,0
GH02814,Ashanti,Cassava,1.85,10,5,0,1,0,0,1,0,0.901,1064,329,0.5073,1
GH02815,Volta,Cassava,1.87,11,9,0,1,0,1,0,1,0.861,918,285,0.4499,1
GH02816,Central,Maize,0.79,38,8,1,1,0,2,0,1,0.678,210,100,0.7339,1
GH02817,Central,Cassava,0.91,11,9,0,1,0,1,1,1,0.915,424,493,0.8534,0
GH02818,Northern,Maize,1.02,34,4,0,1,0,1,1,1,0.656,241,124,0.716,0
GH02819,Western,Cocoa,1.88,26,6,0,1,0,2,0,1,0.987,1310,1584,0.844,1
GH02820,Ashanti,Cocoa,1.92,5,4,0,1,0,3,0,0,0.829,1766,1445,0.3766,0
GH02821,Central,Cassava,5.37,6,3,0,0,0,2,0,0,0.931,3969,5239,0.2431,0
GH02822,Volta,Yam,2.39,24,7,1,0,0,2,0,1,0.788,3042,4090,0.5278,1
GH02823,Eastern,Maize,0.3,40,3,1,1,0,3,1,1,0.676,76,103,0.9157,1
GH02824,Brong-Ahafo,Rice,2.19,6,7,0,1,0,2,1,1,0.832,1919,1827,0.6741,1
GH02825,Eastern,Cassava,0.66,9,7,1,0,0,3,0,1,0.88,205,255,0.7537,1
GH02826,Eastern,Cassava,0.93,18,8,0,0,0,2,0,1,0.763,473,518,0.6787,0
GH02827,Volta,Yam,1.03,2,3,0,0,0,2,0,0,0.773,958,502,0.2584,0
GH02828,Upper West,Rice,1.15,13,8,1,1,0,2,0,1,0.779,1281,971,0.7947,1
GH02829,Northern,Yam,0.7,36,13,0,0,0,3,0,1,0.596,742,1079,0.6791,0
GH02830,Western,Cassava,2.1,15,9,1,0,1,2,0,1,0.898,1114,1367,0.8406,1
GH02831,Greater Accra,Maize,0.68,19,8,0,1,0,2,0,0,0.727,186,115,0.3425,1
GH02832,Ashanti,Cassava,2.34,11,7,1,1,0,1,0,1,0.769,1157,737,0.4607,1
GH02833,Brong-Ahafo,Maize,8.72,16,5,0,0,0,3,1,1,0.795,2677,1620,0.6421,1
GH02834,Eastern,Maize,0.72,34,7,1,1,0,1,0,1,0.786,173,120,0.7459,1
GH02835,Brong-Ahafo,Rice,1.49,20,7,0,1,0,0,0,1,0.734,1340,1895,0.7133,1
GH02836,Western,Plantain,0.31,35,7,0,1,0,2,0,0,0.986,201,165,0.5766,0
GH02837,Upper West,Yam,1.48,26,8,1,1,0,1,0,1,0.536,1525,1124,0.7226,0
GH02838,Brong-Ahafo,Maize,2.86,17,5,0,0,1,1,0,0,0.718,744,437,0.3526,0
GH02839,Northern,Yam,3.02,9,3,1,0,0,1,0,1,0.674,2998,4110,0.5985,1
GH02840,Upper East,Yam,1.92,36,6,0,0,0,0,0,1,0.515,2400,3477,0.3625,1
GH02841,Western,Cocoa,3.4,22,4,1,1,0,0,1,0,0.901,2466,1697,0.8424,1
GH02842,Volta,Yam,10.83,20,5,0,1,0,2,0,0,0.836,9586,9969,0.6552,0
GH02843,Northern,Rice,6.04,12,2,0,1,0,3,0,1,0.626,5684,8242,0.3348,1
GH02844,Upper West,Rice,1.26,12,5,1,0,1,1,0,0,0.555,876,788,0.5885,1
GH02845,Northern,Yam,0.66,12,8,1,0,0,2,0,1,0.61,634,547,0.6769,0
GH02846,Northern,Yam,1.37,23,6,1,0,0,2,0,0,0.421,1444,1348,0.3296,0
GH02847,Ashanti,Maize,0.94,22,2,1,1,0,1,1,0,0.845,219,100,0.871,1
GH02848,Brong-Ahafo,Cassava,2.5,28,6,1,1,0,2,0,1,0.801,844,557,0.7369,1
GH02849,Northern,Yam,0.8,19,5,1,1,0,1,0,1,0.621,879,1001,0.4884,1
GH02850,Brong-Ahafo,Yam,1.73,41,6,1,0,0,2,1,1,0.617,979,1429,0.6926,1
GH02851,Ashanti,Plantain,3.28,39,5,1,1,0,1,0,0,0.914,1347,1323,0.7882,1
GH02852,Upper East,Maize,1.7,31,10,0,0,0,3,0,1,0.53,545,288,0.2744,0
GH02853,Ashanti,Plantain,0.94,34,2,0,1,1,0,0,1,0.87,513,417,0.8983,1
GH02854,Northern,Maize,4.15,22,7,0,1,0,2,0,0,0.614,1115,990,0.3255,0
GH02855,Northern,Rice,0.49,3,9,1,0,0,1,0,1,0.506,326,157,0.3301,0
GH02856,Western,Cocoa,1.45,14,10,1,0,0,2,0,1,0.961,935,650,0.5234,1
GH02857,Greater Accra,Maize,1.77,3,4,1,1,0,1,1,1,0.901,548,457,0.9082,1
GH02858,Ashanti,Cassava,1.84,32,6,0,0,0,1,0,1,0.876,940,577,0.369,0
GH02859,Northern,Yam,2.07,11,2,1,1,0,1,0,0,0.66,1571,1138,0.7301,1
GH02860,Volta,Maize,2.79,24,6,1,0,1,1,1,0,0.634,638,403,0.7418,1
GH02861,Western,Cocoa,1.78,23,3,1,0,0,2,0,1,0.93,1147,1188,0.5565,0
GH02862,Eastern,Cassava,1.41,30,8,0,1,0,1,1,1,0.991,795,790,0.7662,0
GH02863,Central,Maize,1.37,34,3,0,1,0,2,0,1,0.799,388,373,0.729,1
GH02864,Volta,Cassava,1.19,32,6,1,1,0,2,0,1,0.791,469,195,0.8526,1
GH02865,Brong-Ahafo,Maize,3.16,15,6,1,1,0,0,0,1,0.642,1113,579,0.6019,1
GH02866,Northern,Maize,1.16,11,11,0,0,0,0,1,1,0.449,274,119,0.461,1
GH02867,Eastern,Plantain,3.3,19,7,1,1,0,3,0,1,0.796,1810,680,0.8021,1
GH02868,Ashanti,Cocoa,1.85,12,4,0,1,0,2,0,0,0.954,1058,631,0.696,1
GH02869,Central,Cassava,1.27,40,4,0,0,0,1,0,1,0.948,998,532,0.5314,1
GH02870,Brong-Ahafo,Rice,2.81,4,3,0,1,0,2,0,0,0.745,2879,3368,0.5124,1
GH02871,Upper East,Yam,1.1,3,8,1,0,1,2,0,1,0.619,937,1064,0.5795,1
GH02872,Western,Plantain,2.85,9,7,0,1,0,1,0,0,0.753,1462,792,0.5486,1
GH02873,Brong-Ahafo,Rice,2.11,32,6,0,1,0,2,0,0,0.759,1357,677,0.641,0
GH02874,Upper West,Maize,1.2,9,2,1,0,0,1,0,0,0.548,309,146,0.7161,1
GH02875,Ashanti,Cassava,2.64,3,8,1,1,0,0,0,1,0.819,1503,1028,0.7505,1
GH02876,Northern,Maize,2.67,23,7,0,0,0,1,0,1,0.593,866,566,0.5398,1
GH02877,Ashanti,Cassava,4.1,6,11,1,1,0,2,0,0,0.792,1619,541,0.6907,0
GH02878,Western,Cocoa,3.58,8,6,0,1,0,1,0,1,0.94,2148,2108,0.7368,0
GH02879,Upper West,Yam,2.57,21,5,1,0,0,1,0,1,0.767,3078,4240,0.6319,1
GH02880,Upper East,Rice,0.83,29,5,0,1,0,1,1,0,0.571,850,805,0.8213,1
GH02881,Volta,Cassava,10.11,14,4,1,0,0,1,1,0,0.893,4487,1690,0.7277,1
GH02882,Upper East,Maize,0.68,3,7,0,0,0,1,0,0,0.466,225,229,0.3274,1
GH02883,Western,Plantain,3.54,33,7,1,0,0,2,0,1,0.843,1343,1184,0.9058,1
GH02884,Upper East,Rice,2.46,27,4,0,0,0,0,0,1,0.481,1874,2602,0.4939,1
GH02885,Western,Plantain,0.8,4,4,1,0,0,2,1,1,0.825,311,229,0.6617,1
GH02886,Northern,Rice,1.67,14,3,1,0,0,0,1,0,0.692,1243,1495,0.4523,0
GH02887,Ashanti,Maize,1.72,22,9,1,0,0,2,0,1,0.854,660,228,0.5934,0
GH02888,Northern,Yam,4.54,38,4,0,1,0,1,1,1,0.573,4526,5276,0.7959,1
GH02889,Brong-Ahafo,Yam,1.11,24,5,1,0,0,2,1,0,0.787,1056,369,0.8642,0
GH02890,Northern,Rice,1.52,8,4,0,1,0,2,0,1,0.733,1092,779,0.6724,1
GH02891,Greater Accra,Cassava,0.36,18,5,0,1,0,1,0,0,0.952,178,256,0.5728,1
GH02892,Northern,Maize,6.14,29,7,0,1,0,2,0,1,0.636,1428,1633,0.6317,1
GH02893,Ashanti,Cassava,0.86,31,9,0,1,0,1,0,1,0.768,464,654,0.6478,0
GH02894,Brong-Ahafo,Rice,2.29,6,4,1,1,0,0,0,1,0.695,1843,1650,0.4793,1
GH02895,Greater Accra,Cassava,1.7,25,7,0,1,0,3,0,0,0.798,811,833,0.5965,0
GH02896,Western,Plantain,1.7,8,5,0,1,0,0,0,1,0.847,763,703,0.5369,1
GH02897,Eastern,Cassava,3.21,35,12,1,0,0,1,1,0,0.749,1747,1528,0.9189,1
GH02898,Eastern,Plantain,5.87,34,5,1,1,0,0,1,0,0.879,2527,2512,0.905,1
GH02899,Upper East,Maize,2.17,28,2,1,1,0,1,0,0,0.583,573,199,0.5058,0
GH02900,Northern,Maize,2.88,15,6,1,0,0,3,1,0,0.63,727,380,0.3818,0
GH02901,Central,Maize,2.29,20,4,1,1,0,1,0,1,0.643,355,198,0.5713,0
GH02902,Eastern,Cassava,3.71,39,2,1,1,0,2,0,1,0.817,2283,1734,0.9344,1
GH02903,Brong-Ahafo,Cassava,1.32,13,7,0,0,0,1,0,1,0.743,439,361,0.264,0
GH02904,Western,Cassava,3.87,4,7,1,1,0,1,0,0,1.0,1313,1559,0.8653,1
GH02905,Brong-Ahafo,Rice,3.96,8,6,0,0,0,2,0,0,0.648,3782,1886,0.4153,1
GH02906,Eastern,Maize,3.89,36,7,1,1,0,2,1,0,0.749,840,826,0.8169,1
GH02907,Ashanti,Cocoa,1.15,26,6,1,0,0,1,0,1,0.866,474,297,0.5084,1
GH02908,Brong-Ahafo,Yam,1.62,16,7,1,1,0,2,0,1,0.672,2070,1902,0.8485,1
GH02909,Upper West,Yam,2.15,20,6,0,0,0,0,0,1,0.764,1891,1989,0.5208,0
GH02910,Brong-Ahafo,Yam,0.7,20,7,1,1,0,0,1,0,0.906,877,876,0.8481,0
GH02911,Ashanti,Maize,5.56,24,4,1,1,0,3,0,1,0.696,1260,704,0.7941,1
GH02912,Greater Accra,Maize,1.81,12,4,1,1,0,2,0,1,0.768,337,388,0.8296,1
GH02913,Ashanti,Cassava,2.22,22,5,1,1,0,2,1,0,0.987,1091,1183,0.9278,0
GH02914,Ashanti,Plantain,1.22,35,5,0,1,0,2,1,0,0.937,466,661,0.8395,1
GH02915,Upper West,Yam,0.72,40,8,0,1,0,1,1,1,0.58,784,832,0.5617,1
GH02916,Upper West,Yam,1.19,8,5,0,0,0,2,0,0,0.645,1362,1586,0.4008,0
GH02917,Volta,Yam,2.12,28,4,1,1,0,0,1,1,0.639,2534,3226,0.8694,1
GH02918,Volta,Yam,2.92,24,4,0,0,0,2,1,1,0.926,2760,1179,0.8645,0
GH02919,Upper East,Rice,2.04,39,4,1,0,0,2,1,0,0.591,2109,2395,0.7437,0
GH02920,Ashanti,Plantain,2.32,21,7,0,1,0,3,0,1,0.872,952,650,0.8346,0
GH02921,Upper West,Maize,1.44,28,6,1,1,0,2,0,0,0.515,410,528,0.7194,1
GH02922,Volta,Yam,2.58,9,7,0,0,0,0,0,1,0.659,2529,2216,0.2226,0
GH02923,Upper West,Maize,5.14,38,5,0,1,0,1,0,0,0.626,1989,1983,0.7229,1
GH02924,Northern,Rice,2.98,4,9,0,1,0,0,0,1,0.788,2997,1835,0.5364,1
GH02925,Brong-Ahafo,Rice,3.21,3,12,1,1,0,2,1,0,0.707,2617,2828,0.8807,1
GH02926,Volta,Yam,2.24,23,7,0,0,0,2,0,0,0.672,2348,805,0.2408,0
GH02927,Upper East,Maize,0.64,7,9,0,1,0,1,0,1,0.589,232,278,0.3026,0
GH02928,Western,Plantain,0.88,40,6,0,1,0,3,0,1,0.981,377,187,0.8652,1
GH02929,Brong-Ahafo,Cassava,2.51,41,10,1,0,0,3,0,1,0.729,782,448,0.8633,1
GH02930,Brong-Ahafo,Yam,1.81,37,8,1,1,1,3,0,0,0.73,1471,443,0.8205,1
GH02931,Brong-Ahafo,Rice,2.48,25,13,1,0,0,1,0,1,0.817,1842,1245,0.5993,0
GH02932,Upper West,Maize,5.89,13,7,1,0,0,2,1,1,0.666,2079,1592,0.7028,0
GH02933,Brong-Ahafo,Cassava,3.03,18,8,0,0,0,3,1,0,0.757,1920,1115,0.4855,0
GH02934,Ashanti,Maize,4.4,23,6,0,1,0,2,0,0,0.853,1210,697,0.7815,1
GH02935,Western,Cassava,1.95,20,4,1,1,0,1,1,1,0.882,1119,1535,0.8106,0
GH02936,Ashanti,Plantain,1.04,10,5,0,0,0,2,0,0,0.826,450,311,0.532,1
GH02937,Volta,Cassava,1.75,13,9,1,1,0,3,1,1,0.852,1303,1520,0.6865,1
GH02938,Eastern,Plantain,1.04,33,3,1,1,1,2,1,0,0.886,651,381,0.96,1
GH02939,Volta,Cassava,5.42,32,6,1,1,1,1,0,1,0.696,2876,3655,0.6199,0
GH02940,Northern,Yam,3.17,18,5,0,1,0,1,0,1,0.754,3148,3505,0.4659,1
GH02941,Volta,Cassava,2.62,24,5,0,0,0,2,0,0,0.808,1568,1893,0.7889,1
GH02942,Western,Plantain,4.33,11,9,1,0,0,2,0,1,0.96,2157,1785,0.6892,0
GH02943,Ashanti,Plantain,0.44,31,9,0,1,0,2,0,1,0.829,141,191,0.6128,1
GH02944,Ashanti,Plantain,2.75,20,6,1,0,1,0,0,0,0.845,1811,1356,0.4715,0
GH02945,Brong-Ahafo,Rice,0.73,27,4,1,1,0,0,0,0,0.782,730,745,0.6407,0
GH02946,Upper East,Maize,1.81,27,6,1,0,0,1,0,1,0.609,540,577,0.606,0
GH02947,Volta,Yam,1.46,12,5,1,1,0,1,0,0,0.872,1348,1945,0.7452,1
GH02948,Eastern,Plantain,2.9,21,5,0,1,1,2,0,0,0.862,1464,676,0.7715,1
GH02949,Northern,Yam,2.14,5,3,0,1,0,1,0,0,0.633,1016,470,0.2251,0
GH02950,Brong-Ahafo,Yam,4.67,13,6,1,1,0,2,0,1,0.831,3665,3132,0.7918,1
GH02951,Upper West,Yam,1.2,26,5,1,0,0,2,0,1,0.644,1637,2294,0.6483,1
GH02952,Western,Cassava,2.99,11,7,1,1,0,1,0,1,1.0,1732,565,0.8165,1
GH02953,Brong-Ahafo,Cassava,2.04,23,5,1,0,0,3,0,1,0.803,654,413,0.6978,0
GH02954,Greater Accra,Cassava,0.58,8,5,1,0,0,2,0,1,0.964,254,163,0.4829,0
GH02955,Ashanti,Maize,0.96,25,3,1,1,0,2,0,1,0.836,164,109,0.7084,1
GH02956,Northern,Maize,1.64,3,13,0,0,1,3,0,0,0.451,384,127,0.504,0
GH02957,Northern,Maize,3.97,33,6,1,0,0,1,1,0,0.556,1065,1375,0.5181,0
GH02958,Brong-Ahafo,Yam,2.52,22,2,1,0,0,1,0,1,0.715,3354,1042,0.5408,0
GH02959,Eastern,Cassava,0.8,8,6,0,1,0,0,0,1,0.695,486,424,0.5,0
GH02960,Central,Maize,1.65,9,9,1,0,0,1,1,1,0.758,430,158,0.4797,0
GH02961,Northern,Maize,7.48,39,8,1,0,0,2,1,1,0.505,1971,2480,0.8103,1
GH02962,Northern,Rice,1.97,22,7,1,1,0,2,1,0,0.546,1340,1603,0.5397,1
GH02963,Ashanti,Maize,1.45,9,3,1,1,0,0,0,1,0.784,490,571,0.8265,1
GH02964,Upper West,Yam,2.57,26,7,1,0,1,0,0,0,0.764,3217,3807,0.4124,0
GH02965,Upper East,Rice,3.11,29,8,1,0,0,1,1,1,0.476,1845,2635,0.5898,0
GH02966,Eastern,Plantain,1.32,29,6,0,0,0,1,0,0,0.728,436,349,0.5054,1
GH02967,Ashanti,Cassava,2.59,32,9,0,0,0,2,0,0,0.772,1273,1698,0.6144,1
GH02968,Upper West,Maize,1.45,37,4,0,0,0,2,0,1,0.578,387,202,0.4822,1
GH02969,Western,Plantain,3.01,26,4,1,1,0,1,0,1,0.727,1596,1343,0.7082,1
GH02970,Brong-Ahafo,Maize,2.05,38,9,1,0,0,0,1,0,0.674,378,117,0.814,1
GH02971,Central,Plantain,2.55,39,7,1,1,0,1,0,1,0.787,1101,706,0.8351,1
GH02972,Brong-Ahafo,Cassava,1.07,13,2,1,1,0,2,1,1,0.805,552,469,0.8149,1
GH02973,Northern,Yam,1.03,38,5,1,0,1,3,0,1,0.669,877,1220,0.5201,1
GH02974,Brong-Ahafo,Cassava,3.53,38,9,1,0,0,1,0,1,0.768,2171,1477,0.7135,1
GH02975,Central,Plantain,1.72,32,2,1,0,0,2,0,1,0.82,1191,1318,0.7363,1
GH02976,Upper East,Yam,2.22,19,2,1,0,0,3,1,1,0.528,1997,2598,0.482,0
GH02977,Northern,Rice,1.47,27,4,1,0,0,0,0,0,0.639,1402,970,0.381,1
GH02978,Eastern,Cassava,3.42,7,9,1,1,0,3,0,1,0.737,1667,839,0.7485,1
GH02979,Eastern,Cocoa,1.19,10,9,1,1,0,1,0,1,0.959,683,689,0.7933,1
GH02980,Northern,Rice,1.66,12,6,1,0,0,3,0,1,0.515,1153,739,0.3793,1
GH02981,Ashanti,Cassava,3.16,32,6,1,1,0,2,0,1,0.762,1914,2073,0.7066,1
GH02982,Ashanti,Maize,4.14,3,5,1,1,0,1,0,0,0.834,1001,462,0.6871,0
GH02983,Volta,Yam,1.26,30,4,1,1,0,3,1,0,0.718,1157,558,0.7376,0
GH02984,Ashanti,Cocoa,7.18,6,8,1,1,0,1,0,0,0.889,3907,4341,0.6808,0
GH02985,Upper East,Yam,2.27,24,3,1,0,0,3,0,1,0.722,2578,3785,0.846,1
GH02986,Western,Plantain,0.88,37,6,0,1,0,0,0,1,0.917,484,289,0.7246,1
GH02987,Brong-Ahafo,Rice,2.36,8,7,1,1,0,2,0,1,0.654,2468,2855,0.8089,1
GH02988,Eastern,Cassava,1.39,14,3,1,0,0,1,0,1,0.723,817,767,0.4201,0
GH02989,Northern,Maize,2.47,11,6,1,0,0,3,0,1,0.6,742,974,0.4439,0
GH02990,Volta,Maize,1.77,37,6,1,1,0,1,0,0,0.765,548,420,0.6486,1
GH02991,Western,Cocoa,1.92,17,7,1,1,0,1,1,1,0.956,1285,1884,0.7375,1
GH02992,Upper East,Yam,0.96,16,4,0,0,1,2,0,1,0.522,989,394,0.2523,1
GH02993,Ashanti,Cassava,3.64,20,5,0,1,0,3,0,0,0.776,2267,3359,0.6788,0
GH02994,Upper East,Maize,0.81,22,6,1,0,0,1,0,0,0.545,188,247,0.4954,0
GH02995,Eastern,Cocoa,0.84,36,12,1,1,0,1,0,1,0.813,794,1064,0.6665,1
GH02996,Greater Accra,Cassava,2.36,16,4,1,1,0,1,0,1,0.985,1397,1831,0.7291,0
GH02997,Ashanti,Cocoa,5.6,15,12,1,1,0,1,0,0,0.827,5549,7404,0.6983,0
GH02998,Brong-Ahafo,Rice,1.42,30,7,0,1,0,2,0,1,0.762,880,1125,0.696,1
GH02999,Upper West,Rice,2.98,6,8,1,1,0,0,0,0,0.683,1846,2546,0.6912,1
GH03000,Eastern,Cocoa,3.86,19,3,1,0,0,2,0,1,0.962,2926,2496,0.8431,1
GH03001,Central,Plantain,3.22,2,5,0,0,0,2,0,1,0.847,1663,2373,0.4017,1
GH03002,Eastern,Cocoa,1.47,28,3,1,0,0,1,0,1,0.936,942,718,0.7098,1
GH03003,Volta,Cassava,0.85,28,5,0,1,1,2,0,0,0.926,333,391,0.6243,0
GH03004,Upper West,Yam,0.39,26,12,0,1,0,2,1,0,0.601,372,429,0.7746,1
GH03005,Brong-Ahafo,Maize,1.52,22,3,0,1,0,1,0,0,0.685,440,565,0.6113,1
GH03006,Ashanti,Maize,4.16,15,6,1,1,0,0,1,0,0.94,852,1011,0.8732,1
GH03007,Brong-Ahafo,Rice,0.83,21,2,1,1,1,0,0,1,0.84,617,211,0.7929,0
GH03008,Western,Plantain,2.97,29,7,0,0,0,2,1,0,0.851,1611,1912,0.7577,0
GH03009,Northern,Rice,0.94,22,4,0,0,0,1,0,0,0.687,881,289,0.4941,1
GH03010,Northern,Yam,1.96,24,3,1,0,0,3,0,0,0.551,1863,1751,0.7187,0
GH03011,Northern,Maize,2.99,12,5,0,0,0,2,0,1,0.704,697,911,0.2729,1
GH03012,Eastern,Cocoa,1.15,3,8,1,1,0,1,0,0,0.691,830,1075,0.5957,1
GH03013,Upper West,Maize,2.05,21,3,1,0,0,2,0,0,0.676,545,714,0.6909,0
GH03014,Northern,Rice,1.36,25,4,1,0,0,1,0,0,0.577,779,797,0.356,0
GH03015,Ashanti,Maize,2.99,26,2,1,1,0,3,0,1,0.633,755,393,0.8503,1
GH03016,Brong-Ahafo,Maize,2.15,38,11,0,1,0,1,0,0,0.57,526,478,0.6439,1
GH03017,Northern,Yam,1.9,23,6,1,1,0,0,0,0,0.597,1924,1769,0.6994,1
GH03018,Western,Cassava,5.42,25,7,0,0,0,2,0,1,0.897,2428,1675,0.6704,0
GH03019,Central,Cassava,2.9,16,7,1,1,0,2,0,1,0.729,1355,1096,0.8199,1
GH03020,Volta,Yam,1.12,13,3,1,0,0,2,0,1,0.651,1088,1465,0.6534,1
GH03021,Upper West,Rice,1.72,32,6,0,0,0,3,1,0,0.57,1571,1448,0.6967,1
GH03022,Brong-Ahafo,Cassava,1.73,32,3,1,0,0,1,0,0,0.845,925,1060,0.5355,1
GH03023,Ashanti,Plantain,1.93,31,5,0,1,0,1,0,1,0.9,1491,1334,0.771,1
GH03024,Ashanti,Cassava,10.67,21,6,1,1,0,2,0,0,0.826,4185,4356,0.8908,1
GH03025,Upper East,Maize,2.36,9,6,1,0,0,3,0,1,0.644,774,318,0.4323,0
GH03026,Brong-Ahafo,Cassava,0.44,31,3,1,0,0,3,0,1,0.835,227,322,0.6402,1
GH03027,Eastern,Cassava,1.25,36,2,0,1,1,3,1,1,0.782,473,389,0.9111,1
GH03028,Northern,Yam,0.47,22,8,1,0,1,1,1,1,0.708,438,525,0.8648,1
GH03029,Upper East,Rice,1.45,41,7,0,0,0,2,0,0,0.482,819,901,0.3853,0
GH03030,Ashanti,Cassava,0.45,29,3,0,1,0,1,1,0,0.854,240,302,0.7447,1
GH03031,Eastern,Maize,0.99,40,3,1,0,0,1,0,1,0.672,258,100,0.7374,1
GH03032,Greater Accra,Maize,0.63,18,9,0,0,0,0,0,0,0.826,151,215,0.3282,0
GH03033,Northern,Maize,2.38,13,8,1,1,0,0,0,0,0.712,520,674,0.8407,0
GH03034,Upper West,Maize,1.82,19,13,1,0,0,1,0,1,0.607,608,791,0.3521,0
GH03035,Brong-Ahafo,Maize,2.25,29,4,1,1,0,1,0,1,0.729,604,520,0.7905,0
GH03036,Upper West,Maize,1.69,4,6,1,0,0,1,0,0,0.608,489,614,0.4076,1
GH03037,Upper East,Maize,0.69,16,4,1,1,0,1,0,0,0.618,198,196,0.2821,0
GH03038,Northern,Rice,2.61,17,7,1,0,0,2,0,1,0.806,2160,1953,0.4908,1
GH03039,Upper East,Yam,7.0,23,3,1,0,0,1,0,1,0.637,6595,8190,0.4252,0
GH03040,Eastern,Maize,2.43,32,3,0,0,0,2,0,0,0.725,879,926,0.6282,0
GH03041,Brong-Ahafo,Rice,1.35,32,3,1,0,0,1,0,1,0.733,1583,621,0.4273,1
GH03042,Upper East,Yam,0.67,2,7,0,0,0,2,1,0,0.513,871,590,0.4711,0
GH03043,Northern,Rice,0.96,12,6,1,1,0,0,0,1,0.536,781,817,0.4274,0
GH03044,Northern,Yam,2.5,7,6,0,0,1,0,1,1,0.44,2496,3456,0.634,1
GH03045,Central,Plantain,3.86,24,9,1,1,0,2,1,1,0.813,2371,3366,0.7182,1
GH03046,Volta,Yam,2.19,10,7,1,0,0,3,0,1,0.638,1873,2447,0.6442,1
GH03047,Northern,Yam,3.19,17,6,1,0,0,0,1,1,0.643,4315,2611,0.7474,1
GH03048,Ashanti,Maize,2.99,39,12,1,1,0,0,0,1,0.724,961,834,0.8231,1
GH03049,Eastern,Cassava,2.6,20,5,1,1,0,3,0,0,0.728,1289,1057,0.5745,0
GH03050,Upper West,Yam,1.15,14,3,0,0,0,0,0,1,0.442,1225,1012,0.4952,0
GH03051,Upper West,Maize,2.06,33,13,0,1,0,1,1,0,0.562,643,231,0.6636,1
GH03052,Greater Accra,Cassava,1.01,37,2,0,1,0,3,0,0,0.725,485,247,0.3745,0
GH03053,Volta,Yam,1.84,10,6,1,0,0,2,0,0,0.806,2238,1083,0.5549,0
GH03054,Brong-Ahafo,Yam,2.3,38,5,1,1,0,1,0,1,0.77,2909,3027,0.9593,1
GH03055,Eastern,Cocoa,5.9,32,6,0,1,0,3,0,0,0.817,3944,3132,0.8363,0
GH03056,Volta,Maize,0.73,32,6,1,0,0,2,0,0,0.846,183,126,0.5628,1
GH03057,Volta,Maize,2.55,20,4,0,0,0,0,0,1,0.731,693,577,0.5629,1
GH03058,Upper East,Yam,5.14,3,6,1,0,0,2,0,1,0.616,3982,2744,0.4583,0
GH03059,Volta,Yam,3.1,33,8,0,0,1,2,0,1,0.805,2083,2518,0.7975,1
GH03060,Ashanti,Maize,3.26,35,4,0,1,1,2,0,1,0.724,826,413,0.7237,1
GH03061,Volta,Cassava,2.75,2,5,0,0,0,3,1,0,0.739,1167,429,0.6724,1
GH03062,Central,Plantain,4.52,22,4,1,0,0,0,0,0,0.853,3085,3334,0.7312,1
GH03063,Brong-Ahafo,Maize,0.85,4,8,1,1,0,2,1,0,0.622,214,123,0.7533,0
GH03064,Brong-Ahafo,Rice,0.69,28,7,0,0,0,1,0,1,0.893,610,654,0.81,1
GH03065,Eastern,Cocoa,1.81,8,9,0,0,0,1,0,0,0.848,1117,414,0.5309,0
GH03066,Brong-Ahafo,Yam,0.4,34,4,1,1,0,2,0,0,0.734,547,326,0.8465,1
GH03067,Central,Plantain,4.31,10,3,1,0,0,2,1,1,1.0,2088,1012,0.8812,1
GH03068,Brong-Ahafo,Maize,4.28,31,3,0,0,0,2,1,0,0.642,892,579,0.6991,1
GH03069,Central,Maize,1.35,19,4,1,1,0,3,0,1,0.913,425,295,0.8602,1
GH03070,Northern,Rice,1.41,27,6,0,0,0,2,0,1,0.7,1201,1074,0.3997,1
GH03071,Eastern,Cassava,1.73,21,11,0,0,0,1,1,0,0.904,1127,1042,0.4415,1
GH03072,Central,Plantain,1.89,39,5,0,0,0,2,0,0,0.836,923,975,0.6362,1
GH03073,Upper West,Rice,1.99,32,10,1,1,0,1,0,1,0.614,1647,1150,0.7757,0
GH03074,Volta,Yam,2.69,9,2,1,1,0,1,0,0,0.723,1894,1777,0.6661,0
GH03075,Upper West,Rice,1.61,24,10,1,0,0,2,0,1,0.69,1522,2265,0.5047,1
GH03076,Central,Plantain,3.53,26,4,0,0,1,2,0,0,0.881,1801,996,0.63,0
GH03077,Upper West,Maize,2.49,2,9,1,0,0,2,1,1,0.545,674,326,0.5424,1
GH03078,Brong-Ahafo,Rice,1.19,19,3,1,1,0,3,0,0,0.709,920,1206,0.7539,0
GH03079,Brong-Ahafo,Yam,4.64,20,10,1,1,0,1,0,0,0.749,4413,3497,0.6538,0
GH03080,Central,Maize,0.7,7,4,1,1,0,1,0,1,0.763,227,299,0.8343,0
GH03081,Upper West,Rice,1.71,18,5,0,0,0,2,0,0,0.725,1129,914,0.3813,0
GH03082,Brong-Ahafo,Rice,3.59,9,6,0,0,0,2,0,0,0.815,3340,1089,0.3388,0
GH03083,Ashanti,Plantain,1.1,10,5,0,1,0,0,0,1,0.889,376,282,0.6076,0
GH03084,Brong-Ahafo,Yam,2.26,38,7,1,1,0,1,0,0,0.769,1405,1450,0.6085,1
GH03085,Volta,Yam,2.67,28,11,0,1,0,1,0,0,0.684,3451,2889,0.8078,0
GH03086,Northern,Yam,1.0,37,6,1,1,0,2,0,1,0.691,802,683,0.8382,1
GH03087,Brong-Ahafo,Cassava,1.73,7,7,0,0,0,3,0,1,0.612,927,1389,0.4324,0
GH03088,Northern,Yam,1.63,7,3,1,1,0,1,0,1,0.649,1555,1482,0.8205,1
GH03089,Northern,Maize,1.24,5,7,1,0,0,0,0,1,0.55,368,418,0.3935,0
GH03090,Upper East,Maize,9.13,23,5,1,0,0,1,0,1,0.494,2560,2983,0.5866,1
GH03091,Brong-Ahafo,Maize,1.07,41,9,1,0,0,0,1,1,0.693,359,108,0.6317,1
GH03092,Volta,Maize,3.68,28,5,0,0,0,1,0,0,0.723,729,702,0.3351,0
GH03093,Central,Cassava,1.38,38,7,1,0,0,1,0,0,0.838,822,1197,0.676,0
GH03094,Upper East,Maize,0.85,3,4,1,0,0,1,1,0,0.628,233,280,0.6463,0
GH03095,Ashanti,Plantain,1.96,10,4,0,1,0,1,0,0,0.811,685,485,0.4323,1
GH03096,Eastern,Plantain,2.87,12,5,1,0,0,2,0,1,0.817,1293,954,0.6138,0
GH03097,Central,Plantain,3.47,21,5,1,0,0,1,0,0,0.738,1188,789,0.55,0
GH03098,Northern,Yam,5.44,40,4,1,0,0,2,0,1,0.534,3648,3853,0.771,0
GH03099,Ashanti,Cocoa,14.32,15,2,0,1,0,3,1,0,0.858,9222,3844,0.7851,1
GH03100,Upper West,Rice,2.17,27,8,1,0,0,1,0,1,0.66,2175,1409,0.6802,1
GH03101,Brong-Ahafo,Maize,1.15,39,3,0,1,0,0,0,1,0.709,339,304,0.7758,1
GH03102,Upper East,Maize,2.5,31,9,1,0,0,1,0,1,0.64,874,824,0.4786,0
GH03103,Upper West,Yam,1.51,37,3,1,0,0,0,0,0,0.497,1545,1590,0.4552,0
GH03104,Northern,Rice,3.48,39,3,1,0,0,1,0,0,0.667,3692,4640,0.6199,1
GH03105,Upper West,Yam,0.73,36,6,0,0,0,2,1,1,0.542,949,471,0.5142,1
GH03106,Upper East,Maize,9.56,7,6,1,0,1,2,0,1,0.491,2149,1225,0.5081,0
GH03107,Central,Cassava,3.32,4,6,0,0,0,1,0,0,0.779,1768,2381,0.6042,1
GH03108,Upper West,Yam,0.56,2,6,1,1,0,2,0,1,0.604,483,627,0.3559,0
GH03109,Central,Cassava,1.11,19,4,1,1,0,0,0,0,0.875,566,728,0.7356,1
GH03110,Northern,Rice,3.23,24,7,0,0,0,1,0,1,0.664,3484,1917,0.6609,1
GH03111,Upper West,Maize,4.15,33,6,0,1,0,2,1,1,0.567,1004,371,0.6341,1
GH03112,Eastern,Cocoa,0.75,30,5,1,1,0,1,0,1,0.886,404,375,0.8089,1
GH03113,Central,Cassava,3.0,24,8,1,1,0,2,0,0,0.975,1222,1642,0.8584,1
GH03114,Eastern,Maize,0.47,37,7,0,1,0,3,0,1,0.755,120,100,0.3109,1
GH03115,Upper West,Maize,1.71,7,5,1,0,0,2,0,1,0.598,830,1150,0.5006,0
GH03116,Western,Cocoa,3.97,18,8,1,1,1,0,0,0,0.811,3626,1704,0.5626,0
GH03117,Northern,Rice,1.24,19,10,1,0,1,2,1,1,0.604,427,281,0.818,1
GH03118,Upper East,Rice,0.63,32,6,1,1,0,1,0,1,0.685,507,334,0.6258,1
GH03119,Volta,Cassava,2.02,7,4,0,0,0,3,0,0,0.881,927,446,0.7156,1
GH03120,Ashanti,Maize,1.19,35,9,1,1,0,3,0,0,0.749,395,532,0.643,1
GH03121,Brong-Ahafo,Cassava,2.83,28,4,1,1,0,0,0,1,0.819,1135,902,0.8259,1
GH03122,Upper East,Maize,0.98,37,2,1,0,1,3,0,1,0.639,216,114,0.6506,0
GH03123,Volta,Maize,1.06,26,5,0,1,0,1,0,1,0.694,261,124,0.613,1
GH03124,Volta,Maize,0.44,11,7,0,1,0,1,0,0,0.626,105,100,0.4674,1
GH03125,Eastern,Plantain,2.05,40,10,1,1,0,1,1,0,0.88,1168,375,0.8363,1
GH03126,Ashanti,Cassava,1.63,40,7,1,0,0,1,0,0,0.887,798,355,0.8431,0
GH03127,Eastern,Plantain,0.79,13,10,1,0,0,2,1,0,0.885,478,146,0.8088,1
GH03128,Brong-Ahafo,Maize,2.09,12,3,0,0,0,1,1,1,0.7,486,160,0.4514,1
GH03129,Central,Plantain,3.74,4,3,1,1,0,2,0,1,0.972,2211,3310,0.8006,1
GH03130,Upper West,Rice,1.57,23,6,0,0,0,3,0,0,0.633,977,819,0.2555,0
GH03131,Ashanti,Plantain,2.2,5,11,1,1,0,2,1,1,0.733,1245,1463,0.5878,0
GH03132,Volta,Yam,2.21,9,6,1,0,0,1,0,0,0.622,2005,2375,0.3612,1
GH03133,Eastern,Cassava,0.78,15,3,0,1,0,2,0,1,0.791,483,655,0.8468,1
GH03134,Northern,Rice,7.69,21,4,0,0,0,2,0,1,0.653,3188,1353,0.2955,0
GH03135,Ashanti,Cassava,1.31,25,4,1,0,0,2,0,0,0.792,580,540,0.6943,1
GH03136,Central,Maize,2.88,15,5,0,1,0,0,0,0,0.949,986,676,0.6728,0
GH03137,Ashanti,Maize,3.12,29,2,1,1,0,2,0,0,0.797,831,796,0.6972,1
GH03138,Western,Cocoa,1.65,17,9,1,0,0,2,1,0,0.782,768,536,0.7327,1
GH03139,Upper West,Rice,2.79,33,6,0,1,0,2,0,1,0.428,1940,1010,0.6891,1
GH03140,Eastern,Cassava,2.16,13,7,0,0,0,3,0,0,0.834,1221,1352,0.46,0
GH03141,Brong-Ahafo,Cassava,0.68,17,3,0,1,1,0,0,0,0.859,299,103,0.6429,0
GH03142,Western,Plantain,1.44,20,3,1,1,0,1,0,1,0.999,894,1229,0.793,1
GH03143,Central,Plantain,1.19,6,6,0,0,0,1,1,0,0.834,730,347,0.3643,0
GH03144,Brong-Ahafo,Yam,1.32,13,9,1,1,0,1,0,0,0.888,1508,1566,0.6905,0
GH03145,Northern,Maize,0.73,30,6,1,1,0,1,1,0,0.506,244,294,0.6434,1
GH03146,Western,Plantain,4.01,6,9,0,1,0,0,0,0,0.822,1813,703,0.541,1
GH03147,Ashanti,Maize,5.59,18,8,1,1,0,2,0,0,0.684,2013,2786,0.6265,0
GH03148,Brong-Ahafo,Cassava,3.61,9,3,0,0,0,3,0,1,0.843,2303,1675,0.4599,1
GH03149,Western,Cassava,4.43,41,4,1,0,1,0,1,1,0.736,2266,3390,0.8051,1
GH03150,Brong-Ahafo,Rice,1.43,41,7,1,1,0,0,0,0,0.782,782,299,0.858,0
GH03151,Ashanti,Maize,1.17,31,5,0,1,0,1,0,0,0.666,171,198,0.3945,0
GH03152,Northern,Maize,1.06,11,5,0,0,0,2,0,1,0.756,352,173,0.7019,1
GH03153,Volta,Maize,2.86,21,5,1,0,0,2,1,1,0.7,538,421,0.8105,1
GH03154,Greater Accra,Cassava,2.14,17,5,1,1,0,0,0,1,0.895,916,762,0.5678,1
GH03155,Western,Cassava,1.73,17,9,0,1,0,2,0,0,0.697,995,783,0.4689,1
GH03156,Upper East,Yam,4.51,4,3,1,0,0,0,0,1,0.465,3364,2372,0.2294,0
GH03157,Ashanti,Cocoa,2.42,24,4,1,0,0,3,0,0,0.773,2539,3099,0.7245,1
GH03158,Western,Cassava,1.01,23,6,0,0,0,3,0,1,0.908,555,713,0.7689,1
GH03159,Eastern,Maize,1.13,29,7,1,1,0,3,0,0,0.818,406,285,0.7902,1
GH03160,Central,Cassava,2.94,37,7,0,1,0,0,1,0,0.927,1865,1640,0.869,1
GH03161,Northern,Rice,3.78,5,10,0,0,0,2,0,0,0.514,1508,1216,0.3054,0
GH03162,Central,Cassava,2.68,39,8,0,0,0,0,1,1,0.881,1616,1636,0.8,1
GH03163,Ashanti,Cassava,6.87,25,6,1,1,0,2,0,0,0.77,3595,1727,0.8012,0
GH03164,Ashanti,Maize,5.72,20,4,0,1,0,1,0,1,0.7,1567,1985,0.6816,1
GH03165,Eastern,Cassava,2.48,12,5,1,1,1,2,0,1,0.772,1295,1627,0.8809,1
GH03166,Volta,Yam,1.01,41,7,1,1,0,2,0,1,0.741,1233,1243,0.7986,1
GH03167,Northern,Rice,0.73,41,8,1,0,0,2,0,1,0.688,786,940,0.8218,1
GH03168,Western,Cocoa,1.39,40,10,1,0,0,2,0,1,0.95,747,1110,0.7127,1
GH03169,Central,Maize,3.09,19,6,1,0,0,2,0,0,0.832,871,1226,0.6894,1
GH03170,Central,Maize,6.54,13,6,1,1,0,1,0,1,0.841,2324,2402,0.7059,0
GH03171,Brong-Ahafo,Yam,2.44,15,2,1,0,0,2,1,0,0.896,2357,2154,0.4853,0
GH03172,Brong-Ahafo,Cassava,4.13,19,3,1,1,0,3,0,1,0.836,2256,2124,0.8508,1
GH03173,Central,Cassava,1.53,13,4,0,1,1,2,0,0,0.823,838,721,0.4373,0
GH03174,Upper West,Maize,2.82,41,3,1,0,0,2,0,1,0.636,1114,976,0.8887,1
GH03175,Volta,Maize,3.24,28,5,0,1,0,3,0,1,0.867,1034,1219,0.7154,1
GH03176,Western,Plantain,0.46,7,5,1,1,0,2,0,1,0.78,328,489,0.7219,1
GH03177,Brong-Ahafo,Cassava,1.36,25,7,0,1,0,3,1,0,0.746,963,341,0.6723,0
GH03178,Volta,Maize,3.54,34,6,1,0,0,0,0,0,0.846,938,540,0.6424,0
GH03179,Central,Maize,2.21,17,6,0,0,0,2,0,0,0.767,650,359,0.503,1
GH03180,Ashanti,Maize,0.79,13,6,1,1,1,1,0,1,0.826,309,402,0.7151,1
GH03181,Volta,Yam,0.33,32,4,0,1,0,1,1,1,0.853,257,207,0.4418,1
GH03182,Northern,Maize,1.41,38,10,1,1,0,0,0,1,0.515,451,420,0.5263,1
GH03183,Brong-Ahafo,Yam,1.73,14,3,0,1,0,1,1,1,0.717,2013,1737,0.6468,1
GH03184,Eastern,Plantain,0.98,9,10,0,1,0,1,0,0,0.921,467,619,0.5826,0
GH03185,Central,Plantain,2.01,39,5,1,1,0,1,0,1,0.84,936,842,0.8481,1
GH03186,Upper East,Yam,2.6,4,6,1,0,0,0,0,1,0.424,2493,2746,0.5014,0
GH03187,Eastern,Cassava,2.91,21,3,0,1,0,2,0,1,0.774,1742,563,0.4719,1
GH03188,Western,Cocoa,0.35,5,3,1,1,0,1,0,1,0.924,320,347,0.6345,0
GH03189,Ashanti,Maize,0.73,3,5,1,0,0,1,0,0,0.867,233,137,0.4389,0
GH03190,Central,Plantain,1.47,37,7,0,0,0,0,1,1,0.854,555,744,0.836,1
GH03191,Greater Accra,Maize,2.72,24,4,1,1,0,0,0,1,0.854,982,1180,0.9512,1
GH03192,Northern,Maize,2.57,20,6,0,1,0,3,1,0,0.585,883,381,0.4437,0
GH03193,Central,Cassava,2.54,41,4,1,0,0,2,0,1,0.912,1268,538,0.8738,1
GH03194,Upper East,Yam,1.39,9,5,1,0,0,2,1,1,0.699,1218,794,0.6465,0
GH03195,Volta,Maize,1.45,17,9,1,1,0,1,1,0,0.791,329,148,0.8018,1
GH03196,Western,Cocoa,1.09,19,9,0,0,0,0,0,0,0.851,934,1110,0.2355,0
GH03197,Upper West,Maize,3.12,37,6,0,0,1,0,1,0,0.625,540,801,0.7766,1
GH03198,Volta,Cassava,0.96,25,4,1,0,0,2,1,0,0.856,615,668,0.394,1
GH03199,Northern,Rice,3.3,2,4,1,0,0,2,0,0,0.637,2432,1456,0.2724,1
GH03200,Volta,Maize,2.11,2,10,1,0,1,3,1,1,0.794,619,605,0.7183,1
GH03201,Central,Cassava,1.77,37,4,0,0,0,1,0,1,0.87,293,371,0.5427,1
GH03202,Eastern,Plantain,1.15,12,8,1,0,0,1,0,0,0.939,374,544,0.5542,1
GH03203,Central,Plantain,0.71,19,5,1,1,0,0,0,1,0.906,309,100,0.6827,1
GH03204,Greater Accra,Maize,1.16,17,12,1,1,0,2,0,1,0.775,263,244,0.6947,1
GH03205,Central,Plantain,1.45,18,5,1,1,0,1,0,0,0.962,842,711,0.7202,0
GH03206,Western,Cassava,0.35,25,5,1,1,0,2,1,1,0.877,195,155,0.8457,1
GH03207,Central,Cassava,1.59,35,7,1,1,1,3,1,1,0.829,1158,1048,0.927,1
GH03208,Ashanti,Plantain,3.48,5,11,0,1,0,2,1,0,0.717,1934,1517,0.7231,1
GH03209,Northern,Maize,2.71,36,11,0,1,0,0,0,0,0.634,654,466,0.4124,0
GH03210,Ashanti,Cassava,1.29,16,7,0,1,0,0,1,1,0.962,843,369,0.8633,0
GH03211,Ashanti,Cocoa,1.88,3,8,1,0,0,2,0,1,0.617,1204,1083,0.5282,1
GH03212,Brong-Ahafo,Maize,1.23,32,6,1,1,0,2,1,1,0.515,306,393,0.9031,1
GH03213,Greater Accra,Cassava,2.02,10,8,1,1,0,2,0,1,0.926,1061,452,0.737,0
GH03214,Eastern,Maize,5.36,11,9,0,0,0,0,1,0,0.784,1969,2336,0.3592,0
GH03215,Upper West,Maize,3.59,26,6,1,1,0,3,0,0,0.644,1206,749,0.7162,1
GH03216,Upper East,Rice,2.62,6,6,0,0,0,2,1,1,0.543,2555,1935,0.7976,1
GH03217,Eastern,Cocoa,1.29,15,6,1,0,0,3,1,0,0.664,1267,1882,0.442,0
GH03218,Central,Cassava,3.08,39,6,0,1,0,1,1,0,0.773,1939,2153,0.8251,1
GH03219,Central,Maize,0.56,41,9,0,1,0,1,0,0,0.915,117,136,0.7056,1
GH03220,Upper West,Maize,1.53,3,5,1,0,0,0,1,1,0.554,470,481,0.5849,1
GH03221,Ashanti,Plantain,2.74,19,4,0,1,0,3,1,1,0.79,1829,1256,0.6454,1
GH03222,Ashanti,Maize,3.06,30,5,0,1,0,0,0,0,0.555,591,656,0.6219,0
GH03223,Upper West,Rice,2.91,21,4,0,0,0,0,0,0,0.466,2350,1994,0.3494,1
GH03224,Greater Accra,Maize,2.24,9,6,0,1,0,1,0,1,0.904,489,635,0.4414,0
GH03225,Brong-Ahafo,Cassava,1.59,38,9,1,1,0,2,1,0,0.759,856,843,0.8302,1
GH03226,Brong-Ahafo,Yam,2.66,27,6,0,1,0,3,0,0,0.829,3290,4032,0.6397,1
GH03227,Western,Cassava,0.94,38,9,0,1,0,2,1,0,0.78,626,825,0.7016,1
GH03228,Volta,Cassava,1.01,5,4,1,0,0,2,0,1,0.663,511,657,0.5464,1
GH03229,Upper East,Maize,1.9,34,9,1,1,0,3,0,0,0.544,597,467,0.7988,1
GH03230,Greater Accra,Maize,2.06,23,6,1,1,0,0,1,0,0.769,400,297,0.8193,1
GH03231,Northern,Yam,0.51,7,2,1,1,0,3,0,0,0.568,334,449,0.4573,1
GH03232,Western,Cassava,2.51,34,7,0,0,0,1,0,0,0.775,1613,761,0.5758,0
GH03233,Western,Plantain,3.13,29,10,1,1,0,1,1,1,0.839,623,396,0.847,0
GH03234,Brong-Ahafo,Rice,1.73,25,3,1,0,0,0,0,1,0.711,1209,538,0.5292,1
GH03235,Upper West,Rice,9.6,5,6,1,0,0,0,0,1,0.535,8829,3095,0.325,0
GH03236,Brong-Ahafo,Maize,1.13,3,9,1,0,0,1,0,1,0.874,327,340,0.6645,0
GH03237,Brong-Ahafo,Yam,1.42,14,2,1,1,1,0,1,1,0.787,619,855,0.8104,1
GH03238,Upper East,Rice,1.38,12,7,1,0,0,2,0,1,0.598,1235,562,0.6397,1
GH03239,Eastern,Cassava,1.73,36,6,1,1,0,0,0,0,0.81,752,944,0.6011,1
GH03240,Western,Cocoa,1.45,40,5,0,1,0,0,0,0,0.913,1048,791,0.8797,1
GH03241,Ashanti,Maize,0.68,11,7,1,1,0,3,0,1,0.808,165,172,0.9379,1
GH03242,Northern,Rice,1.24,11,3,1,1,0,3,0,0,0.552,865,1052,0.6974,0
GH03243,Volta,Maize,1.7,9,8,1,1,0,3,0,1,0.607,302,348,0.8341,1
GH03244,Volta,Yam,4.31,6,2,1,0,1,2,0,1,0.568,4033,1871,0.6067,1
GH03245,Brong-Ahafo,Rice,8.51,24,5,1,1,1,2,1,0,0.893,8597,3769,0.8671,1
GH03246,Eastern,Cocoa,4.64,35,6,1,1,0,2,0,1,0.799,2997,4223,0.9136,1
GH03247,Northern,Rice,1.06,33,5,1,1,1,2,0,0,0.682,794,314,0.8005,1
GH03248,Brong-Ahafo,Rice,1.12,17,5,1,0,0,1,0,1,0.766,779,438,0.4029,0
GH03249,Western,Cocoa,1.63,5,8,1,1,0,0,0,0,0.933,854,705,0.6592,0
GH03250,Volta,Cassava,6.35,29,10,0,0,0,1,0,1,0.775,2668,3429,0.377,0
GH03251,Brong-Ahafo,Maize,1.62,15,9,1,1,0,2,0,1,0.624,469,480,0.6734,1
GH03252,Brong-Ahafo,Cassava,0.72,13,6,0,1,1,2,0,1,0.697,564,556,0.8117,1
GH03253,Ashanti,Plantain,1.28,22,9,0,0,0,1,0,0,0.797,771,871,0.6375,0
GH03254,Volta,Cassava,3.1,17,10,0,0,0,0,0,1,0.653,1829,2309,0.4511,1
GH03255,Brong-Ahafo,Cassava,2.95,3,5,1,0,0,1,1,1,0.712,2166,1254,0.8007,0
GH03256,Eastern,Cocoa,1.58,24,4,0,0,1,2,1,1,0.739,1219,393,0.6743,1
GH03257,Eastern,Plantain,2.94,30,3,1,1,1,2,0,1,0.799,1800,815,0.9519,1
GH03258,Northern,Rice,0.37,10,6,1,0,0,1,0,1,0.595,313,156,0.3758,1
GH03259,Ashanti,Maize,1.96,8,10,1,0,0,1,0,1,0.775,593,206,0.4319,0
GH03260,Brong-Ahafo,Cassava,3.33,30,6,0,0,0,2,0,0,0.848,1256,1503,0.4618,1
GH03261,Western,Cocoa,1.02,18,7,1,0,0,3,0,1,0.841,675,919,0.5722,0
GH03262,Volta,Cassava,1.01,10,3,0,1,1,3,0,1,0.66,471,543,0.7751,1
GH03263,Upper West,Maize,0.49,7,3,1,0,0,0,0,0,0.426,119,100,0.5207,1
GH03264,Ashanti,Plantain,5.55,21,6,0,0,0,2,0,1,0.838,2420,2487,0.5949,1
GH03265,Central,Plantain,1.1,11,10,0,1,0,1,0,0,0.797,713,659,0.5668,0
GH03266,Northern,Yam,2.16,10,5,0,1,0,2,0,1,0.622,2017,2590,0.361,0
GH03267,Brong-Ahafo,Cassava,2.78,13,9,1,0,0,2,1,0,0.806,1417,2027,0.6506,1
GH03268,Volta,Cassava,5.25,34,3,0,1,0,1,1,0,0.895,4005,4772,0.9148,1
GH03269,Northern,Yam,1.64,33,6,0,0,1,2,0,1,0.495,1910,1748,0.7536,1
GH03270,Ashanti,Cocoa,1.25,35,6,1,1,1,1,0,1,0.754,883,806,0.7492,1
GH03271,Volta,Yam,2.06,20,9,1,0,0,3,0,1,0.743,2516,3194,0.5798,1
GH03272,Western,Cassava,4.48,34,2,0,1,0,0,0,0,0.749,2037,911,0.9391,1
GH03273,Ashanti,Cocoa,1.62,17,4,1,1,0,1,0,1,0.716,1046,506,0.7864,1
GH03274,Northern,Yam,0.93,24,4,0,0,0,2,0,0,0.74,870,620,0.6543,1
GH03275,Central,Plantain,0.62,27,10,1,0,0,2,0,0,0.766,328,392,0.7806,1
GH03276,Eastern,Cassava,0.77,38,4,1,1,1,2,0,1,0.71,442,168,0.7717,0
GH03277,Brong-Ahafo,Rice,3.34,10,2,1,1,0,3,0,0,0.658,2192,1563,0.7825,1
GH03278,Northern,Yam,1.46,31,6,1,0,0,1,0,1,0.722,1591,1085,0.6484,0
GH03279,Western,Plantain,1.19,14,6,1,0,0,1,0,1,0.794,672,593,0.8161,1
GH03280,Northern,Yam,1.1,17,8,0,0,0,3,0,1,0.524,1005,861,0.694,1
GH03281,Ashanti,Cassava,1.93,3,10,1,1,0,2,0,1,0.748,980,1134,0.5718,0
GH03282,Northern,Yam,1.54,32,6,0,1,1,1,0,1,0.631,1199,1260,0.9515,1
GH03283,Central,Plantain,1.51,20,10,0,0,0,2,0,1,0.921,531,735,0.577,1
GH03284,Volta,Maize,4.69,12,7,1,0,0,2,0,0,0.795,1003,518,0.6556,1
GH03285,Eastern,Maize,5.35,15,4,1,1,0,1,1,0,0.703,1699,1391,0.4159,1
GH03286,Brong-Ahafo,Yam,0.59,26,10,1,1,0,1,0,0,0.708,657,513,0.7806,1
GH03287,Brong-Ahafo,Yam,2.29,8,7,1,0,0,1,0,0,0.918,3198,1391,0.2407,0
GH03288,Upper West,Maize,1.06,16,5,1,0,0,0,0,0,0.67,296,147,0.4177,0
GH03289,Brong-Ahafo,Rice,1.53,31,7,1,0,1,3,0,1,0.73,1252,881,0.7044,1
GH03290,Upper West,Rice,2.26,32,5,0,0,0,1,0,1,0.426,1954,2309,0.4942,0
GH03291,Brong-Ahafo,Rice,1.57,25,3,1,1,0,1,0,1,0.713,1000,480,0.7842,1
GH03292,Central,Maize,2.14,26,7,1,1,0,2,1,1,0.684,701,433,0.8799,1
GH03293,Greater Accra,Maize,2.92,9,8,0,1,1,2,1,0,0.746,872,969,0.8564,1
GH03294,Western,Cassava,2.24,31,7,0,1,0,2,0,0,0.763,953,968,0.5064,0
GH03295,Western,Cassava,1.16,37,4,0,1,0,1,0,0,0.822,654,278,0.6507,0
GH03296,Brong-Ahafo,Yam,1.17,15,10,0,0,0,3,0,1,0.756,1358,1945,0.3636,1
GH03297,Central,Plantain,0.67,30,2,1,0,0,2,1,0,0.791,248,118,0.614,0
GH03298,Brong-Ahafo,Yam,1.0,28,5,0,1,0,1,0,0,0.648,1221,456,0.8085,1
GH03299,Northern,Rice,7.2,37,4,0,1,1,2,0,1,0.621,5307,3530,0.6483,1
GH03300,Greater Accra,Cassava,1.05,35,2,1,1,0,1,0,1,0.825,213,100,0.7492,1
GH03301,Volta,Cassava,0.79,22,5,1,1,0,3,0,0,0.628,495,167,0.8963,1
GH03302,Western,Cocoa,2.28,39,7,1,1,0,2,0,0,0.909,2041,2030,0.7978,1
GH03303,Eastern,Plantain,1.69,12,9,1,1,0,3,0,0,0.767,660,905,0.6795,0
GH03304,Greater Accra,Cassava,1.59,34,12,1,1,0,1,0,0,0.843,556,435,0.7826,1
GH03305,Volta,Maize,4.89,16,8,1,0,0,3,0,0,0.712,1717,1138,0.4,0
GH03306,Upper West,Rice,2.68,13,6,1,1,0,2,1,1,0.609,1903,2660,0.6484,0
GH03307,Ashanti,Cocoa,1.26,25,7,1,0,0,2,0,0,0.847,1128,422,0.5217,0
GH03308,Central,Maize,1.35,38,8,1,1,0,1,0,0,0.686,240,208,0.8353,1
GH03309,Eastern,Plantain,1.28,12,6,0,1,0,3,0,1,0.85,826,498,0.761,1
GH03310,Brong-Ahafo,Rice,3.36,20,8,1,1,0,1,1,1,0.722,3306,2506,0.743,1
GH03311,Brong-Ahafo,Yam,1.47,2,6,1,0,0,2,0,1,0.837,1642,1302,0.5628,1
GH03312,Ashanti,Plantain,0.52,18,5,0,1,0,2,0,0,0.89,157,150,0.7261,1
GH03313,Upper East,Maize,1.76,41,6,1,0,1,1,0,1,0.671,453,382,0.3892,0
GH03314,Brong-Ahafo,Cassava,0.62,17,7,1,1,0,1,1,1,0.705,391,581,0.812,1
GH03315,Ashanti,Plantain,8.41,27,7,1,0,0,2,0,0,0.928,2809,929,0.7914,1
GH03316,Brong-Ahafo,Yam,0.93,16,5,0,1,0,0,0,1,0.758,840,1016,0.4609,0
GH03317,Upper West,Maize,1.63,9,6,1,0,0,2,0,0,0.645,488,176,0.546,1
GH03318,Volta,Yam,2.18,31,9,1,0,0,2,0,0,0.804,1688,1380,0.6152,0
GH03319,Greater Accra,Cassava,1.49,15,11,1,1,0,2,1,1,0.902,986,535,0.9358,1
GH03320,Eastern,Plantain,1.49,34,4,0,1,0,1,0,1,0.738,917,1315,0.6375,1
GH03321,Western,Plantain,2.45,8,4,0,1,0,2,0,1,0.926,1295,1511,0.7606,1
GH03322,Brong-Ahafo,Rice,5.3,19,7,0,1,1,2,1,1,0.778,4666,3991,0.671,1
GH03323,Brong-Ahafo,Rice,3.12,13,5,0,1,0,2,0,0,0.632,2254,3252,0.5556,1
GH03324,Central,Maize,5.13,3,2,1,1,0,1,0,1,0.751,1591,1854,0.8254,0
GH03325,Brong-Ahafo,Rice,0.88,30,5,0,0,0,1,0,1,0.653,628,906,0.4262,0
GH03326,Eastern,Maize,2.28,22,8,0,1,0,2,0,1,0.651,608,696,0.7779,1
GH03327,Volta,Cassava,2.03,8,8,0,0,0,2,0,1,0.848,961,378,0.6163,1
GH03328,Northern,Yam,2.33,28,6,0,0,0,1,0,1,0.517,3023,3143,0.4555,0
GH03329,Eastern,Plantain,4.77,13,6,1,0,0,2,0,0,0.719,2984,4406,0.5235,0
GH03330,Western,Cocoa,1.56,21,6,0,1,1,3,0,1,1.0,880,490,0.4213,1
GH03331,Ashanti,Plantain,1.37,15,4,0,1,0,0,0,1,0.789,875,1095,0.5261,0
GH03332,Brong-Ahafo,Maize,2.65,11,6,0,1,0,2,0,0,0.783,618,322,0.7186,0
GH03333,Northern,Maize,0.52,24,2,1,1,0,2,0,0,0.705,198,167,0.6594,1
GH03334,Northern,Maize,1.54,31,6,0,0,0,3,0,1,0.677,562,226,0.6035,0
GH03335,Ashanti,Plantain,1.66,32,5,0,1,0,1,0,1,0.837,1204,853,0.6598,0
GH03336,Eastern,Plantain,0.96,11,7,1,0,1,1,0,1,0.822,512,631,0.4768,1
GH03337,Upper East,Rice,3.82,20,7,0,0,0,3,0,1,0.628,2921,1035,0.5882,1
GH03338,Upper East,Rice,0.87,20,5,0,1,0,0,1,0,0.567,662,453,0.3619,0
GH03339,Northern,Rice,1.66,24,2,1,0,0,2,0,1,0.691,1445,1525,0.5979,0
GH03340,Central,Plantain,2.24,33,4,1,1,1,2,0,0,0.829,900,1294,0.8748,0
GH03341,Ashanti,Maize,4.7,21,7,1,1,0,2,1,0,0.753,676,402,0.7319,1
GH03342,Eastern,Maize,1.81,5,3,1,1,0,1,1,0,0.916,462,235,0.896,1
GH03343,Brong-Ahafo,Cassava,3.51,34,3,1,0,0,3,0,1,0.742,1858,1012,0.9038,1
GH03344,Western,Plantain,2.98,2,7,1,1,0,1,0,1,0.852,1669,975,0.6127,1
GH03345,Greater Accra,Maize,1.99,14,8,1,1,0,2,1,1,0.849,596,635,0.7598,0
GH03346,Central,Plantain,0.85,4,5,1,0,0,2,0,0,0.89,440,659,0.4828,0
GH03347,Upper West,Maize,0.67,13,6,1,0,0,1,1,1,0.613,229,213,0.7466,1
GH03348,Greater Accra,Cassava,1.96,30,10,0,1,0,1,1,1,0.765,849,531,0.8078,1
GH03349,Central,Maize,1.25,32,10,1,1,0,3,0,1,0.803,300,359,0.8725,1
GH03350,Upper West,Maize,3.47,37,5,0,0,0,2,1,1,0.609,1369,671,0.7932,1
GH03351,Volta,Cassava,3.07,3,8,1,0,0,2,0,0,0.871,585,197,0.3913,0
GH03352,Upper East,Maize,1.6,23,6,1,0,0,2,1,0,0.624,543,557,0.6673,0
GH03353,Ashanti,Cocoa,0.81,23,11,1,1,0,0,0,0,0.931,636,351,0.6953,1
GH03354,Northern,Yam,2.61,32,6,0,0,0,2,0,0,0.555,2630,2049,0.4805,0
GH03355,Upper West,Yam,0.89,15,8,0,0,0,0,0,1,0.53,1058,611,0.4923,1
GH03356,Brong-Ahafo,Rice,1.07,30,8,0,0,0,2,0,1,0.776,991,1389,0.525,1
GH03357,Brong-Ahafo,Yam,0.92,36,6,1,0,0,0,1,1,0.841,657,464,0.6698,1
GH03358,Volta,Yam,1.65,10,8,0,0,0,2,0,1,0.734,1339,1123,0.3046,0
GH03359,Ashanti,Plantain,4.13,33,4,1,1,0,2,0,0,0.766,1881,1094,0.9132,1
GH03360,Upper West,Maize,1.82,28,3,0,0,0,1,0,0,0.462,291,117,0.3498,1
GH03361,Greater Accra,Maize,1.34,11,5,1,1,1,1,1,0,0.844,371,339,0.6876,1
GH03362,Eastern,Cassava,0.63,26,10,1,1,1,0,0,0,0.806,373,501,0.8752,1
GH03363,Ashanti,Cocoa,2.68,34,6,1,1,0,3,1,1,0.8,2332,1684,0.7351,0
GH03364,Upper West,Yam,1.06,12,7,0,0,0,0,0,1,0.682,1085,1342,0.1843,1
GH03365,Central,Cassava,1.98,38,7,1,1,1,1,0,0,0.833,884,300,0.8081,1
GH03366,Northern,Maize,1.42,10,3,1,1,1,1,1,0,0.615,412,240,0.6998,1
GH03367,Upper East,Maize,3.28,8,5,1,0,0,3,0,1,0.637,896,410,0.6042,1
GH03368,Upper East,Yam,1.63,8,7,0,0,0,2,0,1,0.76,1901,1489,0.1834,1
GH03369,Western,Plantain,1.75,35,11,1,1,0,0,1,1,0.814,874,1200,0.8615,1
GH03370,Northern,Yam,2.56,20,4,0,0,0,2,0,0,0.565,3040,2275,0.5695,1
GH03371,Eastern,Cocoa,7.96,21,5,0,0,0,3,0,1,0.756,5323,5451,0.478,1
GH03372,Western,Cassava,3.39,26,3,0,1,0,2,1,1,0.878,2239,3085,0.7867,1
GH03373,Upper East,Maize,1.71,6,4,0,0,0,1,0,0,0.478,491,359,0.1812,0
GH03374,Central,Maize,1.83,30,5,0,1,0,1,1,0,0.76,447,330,0.7571,1
GH03375,Brong-Ahafo,Cassava,1.26,28,6,1,0,0,0,0,1,0.757,617,250,0.4624,1
GH03376,Volta,Yam,0.94,26,4,1,0,0,1,0,1,0.875,1085,780,0.5054,1
GH03377,Eastern,Plantain,1.24,38,4,0,1,0,2,0,0,0.92,466,557,0.7043,1
GH03378,Upper East,Yam,1.06,16,8,1,0,0,2,1,1,0.462,1041,1367,0.6225,1
GH03379,Greater Accra,Cassava,2.88,5,11,1,1,0,3,1,1,0.992,1835,2142,0.8543,0
GH03380,Brong-Ahafo,Cassava,0.86,15,5,0,1,0,2,0,0,0.683,498,154,0.48,0
GH03381,Northern,Yam,4.63,18,7,1,1,0,0,0,0,0.648,3593,1582,0.7067,1
GH03382,Ashanti,Cassava,3.08,22,4,0,1,0,2,0,0,0.748,1718,2022,0.6632,1
GH03383,Eastern,Maize,1.85,17,10,1,0,0,2,0,0,0.734,376,538,0.3585,1
GH03384,Northern,Maize,1.82,27,7,1,0,0,1,1,1,0.537,524,594,0.2665,0
GH03385,Eastern,Cocoa,1.23,10,8,1,1,0,2,0,0,0.969,1107,632,0.7718,1
GH03386,Upper West,Maize,2.2,3,2,1,1,0,0,1,0,0.579,619,266,0.5952,1
GH03387,Volta,Maize,3.9,16,6,0,1,0,0,0,0,0.748,837,1132,0.3797,0
GH03388,Upper West,Maize,1.11,36,6,1,0,0,2,0,0,0.504,296,124,0.7434,0
GH03389,Ashanti,Maize,0.62,25,5,1,1,0,0,0,0,0.652,179,100,0.8348,1
GH03390,Brong-Ahafo,Rice,2.98,39,4,0,0,0,2,0,0,0.714,2941,2988,0.7168,1
GH03391,Northern,Rice,2.29,15,6,1,1,0,1,0,1,0.677,2257,1192,0.7166,0
GH03392,Western,Cocoa,0.83,38,7,1,1,0,3,1,1,0.85,458,262,0.5505,1
GH03393,Volta,Maize,1.09,38,2,1,1,0,3,0,1,0.808,283,133,0.92,1
GH03394,Volta,Yam,1.0,7,6,1,0,0,3,0,1,0.76,1087,1558,0.4647,0
GH03395,Central,Plantain,1.1,19,4,1,0,0,3,0,1,0.851,487,219,0.6268,0
GH03396,Eastern,Cassava,1.45,23,3,0,0,0,3,1,1,0.858,837,1187,0.8006,1
GH03397,Greater Accra,Maize,1.51,19,7,1,1,0,2,1,0,0.823,306,212,0.9308,1
GH03398,Brong-Ahafo,Rice,1.16,3,5,1,1,0,3,0,1,0.826,989,1272,0.8783,1
GH03399,Ashanti,Maize,1.07,33,5,1,1,0,2,1,0,0.809,358,516,0.8462,1
GH03400,Western,Cassava,1.55,18,5,1,1,0,2,0,1,0.913,823,760,0.8635,0
GH03401,Brong-Ahafo,Cassava,2.05,2,7,0,1,0,0,0,1,0.837,1114,1364,0.393,0
GH03402,Brong-Ahafo,Yam,1.46,10,6,1,1,0,2,1,0,0.859,1720,1065,0.5569,0
GH03403,Ashanti,Cocoa,4.1,14,11,0,1,0,3,0,1,0.901,2636,2002,0.8142,1
GH03404,Western,Plantain,2.6,37,5,1,1,0,2,1,0,0.99,1473,1419,0.8976,0
GH03405,Northern,Rice,0.6,38,7,0,0,0,1,1,0,0.592,483,638,0.297,0
GH03406,Upper East,Maize,2.63,31,4,1,0,0,2,0,1,0.632,597,624,0.6259,0
GH03407,Volta,Yam,2.78,32,6,1,1,0,2,0,1,0.64,3308,1080,0.8399,1
GH03408,Central,Maize,1.34,24,6,1,1,0,2,0,1,0.866,476,317,0.8767,1
GH03409,Northern,Yam,0.64,29,5,1,0,0,2,0,0,0.64,795,1064,0.631,1
GH03410,Ashanti,Maize,1.83,11,6,1,0,0,1,1,0,0.84,599,352,0.5816,1
GH03411,Brong-Ahafo,Cassava,1.81,26,4,1,0,0,3,1,0,0.914,1047,776,0.6491,0
GH03412,Volta,Cassava,0.83,37,2,0,0,0,2,0,1,0.844,467,358,0.6508,1
GH03413,Upper West,Maize,0.66,27,4,1,0,0,1,1,1,0.557,180,100,0.7518,0
GH03414,Central,Maize,1.71,27,7,1,1,0,2,0,1,0.703,412,297,0.8589,0
GH03415,Eastern,Plantain,1.55,14,8,0,1,0,1,0,1,0.868,458,587,0.8201,1
GH03416,Northern,Maize,1.36,18,4,1,1,0,1,0,1,0.592,259,342,0.6861,1
GH03417,Ashanti,Cocoa,1.72,41,5,0,1,1,3,0,1,0.888,1217,1213,0.7503,0
GH03418,Brong-Ahafo,Yam,0.84,5,2,1,1,0,3,1,0,0.709,631,703,0.8543,0
GH03419,Brong-Ahafo,Cassava,1.34,24,4,1,0,0,1,1,0,0.706,762,717,0.6614,1
GH03420,Brong-Ahafo,Cassava,2.65,36,8,1,0,0,0,1,1,0.761,1877,663,0.5684,0
GH03421,Upper West,Maize,1.43,12,6,0,1,0,1,0,0,0.63,141,160,0.5489,1
GH03422,Brong-Ahafo,Rice,0.57,13,4,0,0,0,3,1,0,0.76,372,556,0.7316,1
GH03423,Brong-Ahafo,Cassava,1.31,10,4,0,1,0,3,0,0,0.715,988,567,0.6243,1
GH03424,Northern,Yam,0.86,16,8,1,0,0,1,0,1,0.779,1012,1496,0.7455,0
GH03425,Volta,Cassava,2.2,38,4,0,0,0,1,1,0,0.769,1129,1690,0.5475,1
GH03426,Brong-Ahafo,Yam,2.28,6,5,1,1,0,1,0,0,0.569,2054,965,0.4766,1
GH03427,Ashanti,Cocoa,0.57,20,7,1,1,0,3,0,0,0.91,449,634,0.8358,1
GH03428,Central,Cassava,3.1,12,6,0,1,0,1,0,0,0.839,1946,2161,0.5321,1
GH03429,Upper West,Maize,0.84,10,6,1,0,0,2,1,1,0.576,174,150,0.7541,0
GH03430,Northern,Rice,5.43,36,9,1,0,0,2,0,1,0.62,5711,4075,0.6788,0
GH03431,Upper West,Yam,1.76,28,4,1,0,0,1,0,0,0.595,1915,2022,0.6827,0
GH03432,Western,Plantain,0.76,14,7,0,1,0,1,0,1,0.984,455,597,0.7516,1
GH03433,Upper West,Yam,0.82,13,4,1,0,0,1,0,1,0.647,996,340,0.3894,1
GH03434,Northern,Maize,2.32,10,6,1,0,0,2,0,1,0.636,684,645,0.261,1
GH03435,Greater Accra,Maize,1.39,29,9,0,1,0,2,1,0,0.794,420,454,0.8076,1
GH03436,Ashanti,Cassava,1.7,14,5,1,1,1,2,0,0,0.953,985,326,0.8579,1
GH03437,Western,Cocoa,5.63,21,7,1,0,1,0,1,0,0.927,3689,5042,0.6619,0
GH03438,Eastern,Cassava,1.12,14,8,0,1,0,1,0,0,0.894,664,958,0.6818,0
GH03439,Brong-Ahafo,Cassava,1.9,28,3,0,1,1,0,0,1,0.802,946,979,0.8798,1
GH03440,Upper East,Rice,4.92,27,7,1,0,0,0,1,0,0.665,3986,1755,0.4994,0
GH03441,Central,Plantain,2.2,30,9,1,1,0,2,0,1,0.881,1456,2066,0.5831,1
GH03442,Northern,Rice,0.59,30,6,1,0,0,3,0,1,0.605,474,600,0.7481,1
GH03443,Northern,Yam,2.6,23,4,1,0,0,2,1,0,0.665,2838,949,0.7944,1
GH03444,Eastern,Maize,0.81,10,3,1,0,0,2,0,1,0.933,217,216,0.56,0
GH03445,Volta,Yam,4.88,25,4,1,1,0,2,0,1,0.766,4559,1994,0.8718,0
GH03446,Brong-Ahafo,Cassava,1.02,20,3,1,1,0,3,0,1,0.882,742,348,0.8419,1
GH03447,Eastern,Cocoa,14.57,39,6,0,1,0,2,0,0,0.93,7270,3860,0.8033,1
GH03448,Northern,Yam,5.09,32,3,0,1,0,2,0,1,0.68,5184,4020,0.7763,1
GH03449,Upper East,Rice,1.04,40,4,0,0,0,1,1,1,0.718,640,865,0.5604,1
GH03450,Upper West,Rice,1.85,16,5,0,0,1,0,0,0,0.436,1874,632,0.2218,0
GH03451,Eastern,Plantain,3.09,33,6,1,0,0,1,0,1,0.678,1538,1733,0.7195,0
GH03452,Upper East,Yam,3.15,30,6,1,0,0,3,1,1,0.723,2877,4193,0.7794,0
GH03453,Brong-Ahafo,Yam,2.48,35,7,0,1,0,2,0,0,0.698,1582,1692,0.2776,0
GH03454,Western,Plantain,4.38,10,2,0,1,0,1,0,0,0.859,2903,3712,0.4454,0
GH03455,Eastern,Cocoa,1.67,36,3,0,0,1,2,0,0,0.975,865,1196,0.6059,1
GH03456,Upper East,Maize,1.41,7,3,1,0,0,1,0,0,0.581,429,497,0.4861,0
GH03457,Ashanti,Plantain,1.43,38,5,1,0,0,3,0,1,0.96,855,933,0.5923,1
GH03458,Brong-Ahafo,Yam,3.32,15,2,1,1,0,0,0,0,0.719,4802,1544,0.6263,0
GH03459,Greater Accra,Maize,2.35,10,7,1,1,1,2,1,1,0.864,580,535,0.9595,1
GH03460,Volta,Yam,2.23,20,4,1,1,1,2,0,1,0.755,1863,1608,0.8433,1
GH03461,Northern,Maize,3.18,24,10,1,0,0,3,1,1,0.734,807,748,0.7362,1
GH03462,Western,Cocoa,0.43,29,6,0,1,0,2,0,0,0.839,268,219,0.6459,1
GH03463,Greater Accra,Maize,2.26,17,5,1,1,0,3,0,1,0.738,391,543,0.8717,1
GH03464,Greater Accra,Maize,2.12,27,8,1,1,0,0,0,1,0.778,781,1067,0.7672,1
GH03465,Ashanti,Maize,5.86,39,7,0,1,0,0,0,1,0.731,1490,672,0.6948,1
GH03466,Upper West,Maize,0.62,41,6,1,1,0,1,0,1,0.538,167,157,0.7485,1
GH03467,Brong-Ahafo,Cassava,5.42,26,10,1,0,0,2,1,0,0.725,3203,4649,0.8285,1
GH03468,Volta,Cassava,1.92,36,5,1,1,1,1,1,1,0.87,1287,1311,0.9289,1
GH03469,Volta,Maize,2.57,6,8,0,0,0,1,0,0,0.843,548,692,0.386,0
GH03470,Western,Plantain,5.89,8,5,1,1,1,2,0,0,0.881,3181,2379,0.8971,1
GH03471,Northern,Rice,2.7,24,8,0,1,0,2,0,0,0.583,1655,1246,0.4476,0
GH03472,Upper East,Rice,2.41,26,4,1,0,0,2,1,0,0.538,2082,1438,0.1841,0
GH03473,Upper West,Yam,2.16,2,4,1,0,0,0,0,1,0.444,2305,752,0.4681,1
GH03474,Brong-Ahafo,Cassava,1.3,23,7,1,1,1,3,0,1,0.81,618,871,0.8813,1
GH03475,Northern,Yam,1.79,5,4,1,0,0,2,0,0,0.58,1889,1359,0.3446,0
GH03476,Ashanti,Maize,1.1,29,4,1,1,0,1,0,0,0.883,321,238,0.7282,1
GH03477,Greater Accra,Cassava,1.77,15,5,0,1,0,2,0,1,0.755,914,1107,0.8095,0
GH03478,Brong-Ahafo,Cassava,0.36,34,7,1,0,0,1,1,0,0.733,181,169,0.7276,1
GH03479,Brong-Ahafo,Rice,2.46,5,9,0,1,0,2,0,1,0.742,1449,1064,0.7713,1
GH03480,Eastern,Cocoa,1.67,12,7,0,0,0,1,0,1,0.872,921,1253,0.5327,0
GH03481,Eastern,Cocoa,1.44,40,8,0,0,0,3,1,1,0.979,891,1150,0.745,1
GH03482,Northern,Yam,2.13,33,6,1,0,0,3,0,1,0.525,1714,2523,0.7213,1
GH03483,Ashanti,Cassava,0.67,5,3,0,1,0,0,1,1,0.791,311,333,0.7184,1
GH03484,Northern,Yam,7.03,2,3,1,0,1,0,0,1,0.521,6978,7872,0.6475,1
GH03485,Brong-Ahafo,Rice,1.7,27,6,1,0,0,1,0,1,0.813,1401,966,0.628,1
GH03486,Northern,Yam,1.65,34,5,0,0,0,2,0,0,0.583,1850,776,0.3494,0
GH03487,Northern,Yam,0.93,18,4,1,1,0,0,0,1,0.627,967,413,0.5902,0
GH03488,Northern,Yam,1.85,28,6,0,0,0,2,0,1,0.621,1909,2052,0.5628,0
GH03489,Upper East,Yam,4.81,6,7,1,0,0,1,0,0,0.594,5369,2340,0.5113,1
GH03490,Central,Maize,3.76,8,5,1,1,0,2,0,0,0.777,852,1183,0.3254,0
GH03491,Upper West,Maize,3.31,26,8,1,0,1,1,1,0,0.512,765,876,0.5532,1
GH03492,Eastern,Cocoa,2.67,9,7,1,1,1,3,0,0,0.842,1743,996,0.5905,0
GH03493,Greater Accra,Cassava,1.42,35,7,1,1,0,0,0,1,0.801,642,408,0.7385,0
GH03494,Upper East,Rice,0.66,5,12,1,1,0,2,0,1,0.65,347,400,0.5097,0
GH03495,Ashanti,Cassava,1.58,13,5,0,1,0,2,1,1,0.82,925,1192,0.7623,1
GH03496,Upper East,Maize,1.54,32,7,0,1,0,2,0,0,0.482,342,447,0.5417,0
GH03497,Northern,Maize,3.8,12,9,0,0,0,1,0,0,0.808,1437,1468,0.6798,0
GH03498,Central,Cassava,2.26,38,6,0,0,0,0,0,1,0.973,1226,596,0.6808,1
GH03499,Ashanti,Maize,5.63,37,8,1,1,0,2,1,1,0.96,1093,1401,0.9334,1
GH03500,Ashanti,Plantain,4.21,23,5,0,1,0,2,1,1,0.798,2405,3006,0.6184,1
GH03501,Western,Plantain,1.32,2,6,1,1,0,0,0,0,0.783,670,873,0.555,1
GH03502,Upper East,Maize,0.52,5,3,1,1,0,1,1,1,0.63,153,100,0.5662,1
GH03503,Brong-Ahafo,Rice,4.81,37,12,0,0,0,0,0,0,0.839,3508,3933,0.5729,1
GH03504,Central,Cassava,4.72,9,8,1,1,0,2,0,0,0.856,2016,2928,0.7209,1
GH03505,Northern,Maize,0.7,26,9,0,0,0,2,1,0,0.447,137,100,0.3688,0
GH03506,Volta,Yam,5.24,29,7,1,0,0,2,0,0,0.672,3928,4557,0.7346,1
GH03507,Ashanti,Maize,2.38,39,4,1,1,0,1,0,1,0.799,480,293,0.8047,1
GH03508,Brong-Ahafo,Rice,2.04,37,2,1,0,0,0,0,0,0.697,1534,1026,0.773,1
GH03509,Volta,Yam,5.64,37,9,1,0,0,2,1,0,0.641,5626,4964,0.8462,0
GH03510,Ashanti,Maize,4.67,5,5,0,1,0,1,0,1,0.744,895,1230,0.5213,0
GH03511,Brong-Ahafo,Yam,2.87,14,4,0,1,0,0,0,1,0.49,3415,1183,0.6923,1
GH03512,Western,Plantain,2.54,39,6,1,0,0,2,0,1,0.802,1316,1958,0.755,1
GH03513,Northern,Rice,2.81,26,5,1,0,0,1,0,0,0.601,3381,4147,0.4527,0
GH03514,Brong-Ahafo,Cassava,1.38,4,7,1,1,0,2,0,0,0.805,666,487,0.6976,1
GH03515,Ashanti,Plantain,1.75,33,6,0,1,0,0,1,0,0.869,1276,925,0.5054,0
GH03516,Ashanti,Maize,0.97,40,7,1,1,0,1,0,0,0.795,309,272,0.6961,1
GH03517,Brong-Ahafo,Cassava,1.44,2,9,0,0,0,1,0,1,0.852,460,621,0.4796,1
GH03518,Volta,Cassava,1.41,12,4,0,0,0,2,1,0,0.767,564,181,0.4759,1
GH03519,Eastern,Cocoa,1.17,3,5,0,0,0,2,0,0,0.719,878,841,0.5265,0
GH03520,Upper East,Yam,2.01,6,5,1,0,0,2,0,1,0.589,1318,484,0.4383,0
GH03521,Volta,Yam,1.45,23,11,0,1,0,1,0,0,0.68,1200,526,0.5391,0
GH03522,Eastern,Cocoa,2.59,14,5,1,0,0,0,1,1,0.726,1246,1406,0.657,1
GH03523,Brong-Ahafo,Rice,0.59,24,5,0,1,0,1,0,0,0.796,682,396,0.3666,0
GH03524,Northern,Rice,1.68,32,7,0,1,0,3,0,1,0.522,1660,581,0.6888,0
GH03525,Volta,Yam,2.0,36,5,1,0,0,1,0,0,0.804,1879,934,0.6775,1
GH03526,Upper West,Rice,1.47,39,10,0,0,0,2,0,1,0.507,1551,854,0.2128,0
GH03527,Ashanti,Cocoa,1.61,36,9,0,0,0,3,0,1,0.812,1422,1740,0.2669,0
GH03528,Upper East,Rice,0.6,14,6,0,1,0,0,1,1,0.54,613,644,0.5048,1
GH03529,Northern,Yam,2.34,8,7,0,0,0,2,0,1,0.726,2095,2477,0.6079,0
GH03530,Volta,Yam,2.87,6,3,1,1,1,1,0,1,0.798,2714,2019,0.9538,1
GH03531,Brong-Ahafo,Rice,2.57,30,7,1,1,0,1,1,1,0.684,1625,708,0.6169,1
GH03532,Northern,Rice,3.77,9,7,0,0,0,1,0,0,0.622,2984,3779,0.5563,0
GH03533,Volta,Cassava,2.1,9,5,1,1,0,2,1,1,0.886,923,432,0.9061,1
GH03534,Eastern,Maize,2.55,8,4,1,1,0,1,0,0,0.884,556,422,0.6177,1
GH03535,Greater Accra,Cassava,2.03,20,9,1,0,1,0,0,0,0.755,1307,803,0.8338,1
GH03536,Ashanti,Plantain,2.95,40,5,1,1,0,0,0,0,0.93,1687,1106,0.8359,1
GH03537,Brong-Ahafo,Yam,0.6,24,7,1,1,0,0,0,1,0.849,498,509,0.7197,1
GH03538,Central,Plantain,0.97,37,2,1,1,0,3,0,1,0.864,581,289,0.6843,1
GH03539,Western,Cocoa,5.53,33,5,1,1,0,1,0,1,0.853,4143,3460,0.8482,1
GH03540,Central,Maize,0.33,5,8,0,1,1,3,0,1,0.746,86,100,0.703,0
GH03541,Greater Accra,Cassava,1.65,31,5,0,1,0,2,0,1,0.765,1142,1533,0.9113,1
GH03542,Upper East,Yam,4.14,40,6,1,0,0,2,0,0,0.612,4428,3301,0.4551,0
GH03543,Brong-Ahafo,Cassava,1.71,6,4,1,0,0,1,0,1,0.766,1217,831,0.4383,1
GH03544,Greater Accra,Cassava,1.37,4,5,0,1,0,1,0,1,0.9,801,594,0.5612,0
GH03545,Upper East,Maize,1.99,23,10,0,0,0,2,0,1,0.602,624,562,0.7804,1
GH03546,Volta,Yam,1.42,29,6,0,0,0,1,0,0,0.951,1123,759,0.3456,0
GH03547,Northern,Rice,1.86,23,9,0,1,0,2,0,0,0.731,1339,804,0.7283,0
GH03548,Upper East,Rice,1.13,23,9,0,0,0,0,0,0,0.629,1182,887,0.1499,0
GH03549,Brong-Ahafo,Yam,3.96,35,10,1,0,0,3,0,0,0.579,4919,6067,0.6606,1
GH03550,Western,Plantain,4.93,30,9,1,0,0,0,0,1,0.881,2307,1392,0.7037,1
GH03551,Brong-Ahafo,Yam,1.66,14,2,1,1,0,0,1,0,0.877,1221,1604,0.6885,1
GH03552,Upper West,Yam,0.69,8,10,0,0,0,2,1,0,0.576,926,595,0.4693,0
GH03553,Brong-Ahafo,Maize,1.26,11,3,1,0,0,0,0,1,0.905,424,434,0.4922,0
GH03554,Western,Cassava,1.6,29,2,0,1,0,0,0,0,0.884,648,949,0.4204,1
GH03555,Upper East,Yam,2.6,5,3,0,1,0,0,0,1,0.609,2021,2915,0.4473,1
GH03556,Upper West,Yam,0.9,33,5,0,1,0,0,0,0,0.531,1240,1019,0.3625,1
GH03557,Brong-Ahafo,Yam,1.06,23,7,1,1,0,1,1,1,0.87,960,366,0.8533,1
GH03558,Eastern,Cassava,2.61,21,5,1,0,0,1,0,1,0.749,1236,1710,0.5998,1
GH03559,Northern,Maize,3.52,21,2,0,0,0,2,0,1,0.57,844,382,0.7045,0
GH03560,Upper West,Yam,1.18,7,6,1,0,0,1,1,0,0.46,1274,1794,0.4077,1
GH03561,Ashanti,Cocoa,0.72,10,5,1,1,0,1,0,1,0.907,366,432,0.7786,1
GH03562,Western,Plantain,18.15,29,8,0,1,0,2,0,1,0.897,9582,10000,0.7254,1
GH03563,Volta,Yam,3.15,14,4,0,0,0,1,0,0,0.751,2282,2507,0.3569,0
GH03564,Brong-Ahafo,Cassava,1.51,32,4,1,1,0,0,0,0,0.839,571,853,0.6184,0
GH03565,Volta,Yam,3.35,40,4,0,0,0,3,0,1,0.802,2455,2112,0.8044,1
GH03566,Northern,Maize,1.67,15,5,1,0,1,2,1,1,0.586,340,236,0.6296,1
GH03567,Greater Accra,Maize,3.34,23,6,1,0,0,0,1,0,0.752,1061,819,0.569,1
GH03568,Central,Plantain,2.04,38,6,0,0,0,3,0,0,0.713,1177,848,0.5968,1
GH03569,Northern,Maize,1.94,25,5,0,0,0,2,1,0,0.601,521,407,0.393,1
GH03570,Upper East,Yam,1.68,9,5,1,0,0,0,0,0,0.48,1480,2016,0.5613,0
GH03571,Eastern,Cocoa,0.66,16,5,1,1,0,3,0,1,0.848,594,600,0.9242,0
GH03572,Northern,Yam,7.08,7,11,1,0,0,1,0,0,0.622,8128,9517,0.3103,1
GH03573,Upper East,Rice,0.94,24,4,0,0,0,3,0,1,0.553,582,376,0.5896,1
GH03574,Upper East,Rice,0.7,26,8,0,0,0,0,0,1,0.669,607,903,0.2899,0
GH03575,Ashanti,Plantain,1.57,32,7,1,1,0,0,0,1,0.746,839,534,0.7231,0
GH03576,Volta,Maize,0.93,30,2,1,0,1,2,0,0,0.582,295,145,0.7559,0
GH03577,Eastern,Maize,1.76,24,13,1,0,0,0,0,1,0.747,757,934,0.5888,0
GH03578,Brong-Ahafo,Yam,2.95,11,8,0,1,0,0,0,0,0.691,2487,3250,0.506,1
GH03579,Brong-Ahafo,Maize,3.66,10,7,0,0,0,2,0,1,0.74,1128,871,0.6411,0
GH03580,Greater Accra,Cassava,3.22,14,5,1,1,0,0,0,0,0.792,2196,2085,0.8072,1
GH03581,Volta,Maize,1.47,33,6,0,0,0,3,0,1,0.764,548,437,0.6064,0
GH03582,Eastern,Cocoa,1.89,2,4,1,1,0,1,1,0,0.757,1382,902,0.637,1
GH03583,Upper West,Rice,2.42,2,2,1,1,0,3,0,0,0.531,1448,1848,0.5923,0
GH03584,Ashanti,Maize,0.53,38,8,1,1,0,1,0,1,0.814,94,114,0.6875,0
GH03585,Greater Accra,Cassava,2.72,41,9,1,1,0,2,0,0,0.861,1664,1468,0.8684,1
GH03586,Western,Cocoa,0.66,19,4,0,1,0,1,0,0,0.765,498,422,0.5548,1
GH03587,Upper West,Maize,7.6,37,8,0,0,0,2,0,1,0.514,2163,1117,0.3689,1
GH03588,Brong-Ahafo,Maize,1.37,32,7,1,1,0,1,1,1,0.7,402,428,0.9153,1
GH03589,Northern,Rice,1.6,2,4,1,0,0,1,0,0,0.544,1550,2183,0.3816,1
GH03590,Brong-Ahafo,Cassava,1.06,37,5,1,0,0,0,0,1,0.757,617,717,0.5564,1
GH03591,Eastern,Plantain,1.17,10,5,1,0,0,0,1,1,0.805,635,576,0.798,1
GH03592,Upper West,Maize,8.95,23,8,0,0,1,1,0,0,0.517,2189,758,0.6655,0
GH03593,Upper West,Yam,3.52,29,8,0,0,0,2,1,1,0.662,4286,6070,0.3237,0
GH03594,Brong-Ahafo,Rice,0.62,27,3,1,1,0,1,1,0,0.668,444,297,0.8688,1
GH03595,Western,Cocoa,5.22,11,6,1,1,0,1,0,1,0.96,4396,2901,0.8097,0
GH03596,Northern,Yam,4.2,4,8,1,0,0,3,1,1,0.618,3901,3369,0.7557,1
GH03597,Eastern,Cassava,1.5,3,8,0,1,0,2,0,0,0.762,880,717,0.5004,1
GH03598,Northern,Yam,2.26,38,3,1,0,0,3,0,0,0.678,3082,4484,0.693,1
GH03599,Northern,Maize,1.8,32,6,1,0,1,3,0,1,0.618,565,281,0.6951,1
GH03600,Northern,Maize,7.25,34,9,1,1,0,0,0,1,0.676,2582,2910,0.8514,1
GH03601,Greater Accra,Cassava,1.04,33,5,1,1,0,3,0,1,0.705,505,216,0.7545,0
GH03602,Northern,Rice,2.02,13,5,1,0,0,0,1,0,0.676,1668,1055,0.6872,1
GH03603,Brong-Ahafo,Yam,1.35,4,8,0,1,0,3,0,1,0.708,1264,1475,0.6134,0
GH03604,Upper West,Yam,0.67,27,3,0,1,0,2,0,1,0.613,451,570,0.7263,1
GH03605,Northern,Rice,8.45,15,9,1,0,1,2,0,0,0.628,8307,7167,0.4738,1
GH03606,Brong-Ahafo,Rice,0.8,13,5,1,0,0,2,0,0,0.858,722,900,0.6246,0
GH03607,Upper West,Maize,2.13,27,2,0,1,0,3,0,0,0.441,650,924,0.6276,1
GH03608,Western,Cocoa,0.54,17,4,0,1,0,2,0,1,0.989,475,676,0.8883,0
GH03609,Western,Cocoa,1.38,9,3,1,1,0,1,0,1,0.917,753,535,0.8336,1
GH03610,Eastern,Cassava,2.45,29,3,0,1,0,0,1,1,0.827,932,629,0.7127,0
GH03611,Brong-Ahafo,Yam,1.02,8,7,0,0,1,2,0,0,0.635,1283,1503,0.3486,0
GH03612,Northern,Maize,2.75,16,4,1,1,0,0,1,1,0.481,752,816,0.8029,1
GH03613,Ashanti,Cocoa,1.51,37,10,1,0,0,2,0,1,0.79,1111,856,0.6243,1
GH03614,Western,Plantain,4.1,9,6,0,1,0,2,1,1,0.901,1460,839,0.7088,1
GH03615,Brong-Ahafo,Cassava,4.73,11,6,0,1,0,1,0,0,0.78,3214,3349,0.4359,0
GH03616,Brong-Ahafo,Maize,1.21,16,5,1,0,0,2,0,0,0.776,381,311,0.5762,0
GH03617,Eastern,Cocoa,1.92,19,7,1,1,0,2,1,0,0.718,1199,550,0.7945,0
GH03618,Eastern,Cocoa,2.07,38,5,1,0,0,3,0,1,0.839,2070,2209,0.7255,0
GH03619,Upper West,Yam,2.81,36,3,0,0,0,1,0,0,0.698,2060,2343,0.7087,0
GH03620,Eastern,Plantain,1.84,3,9,1,1,0,3,0,1,0.941,866,638,0.8155,1
GH03621,Brong-Ahafo,Maize,2.08,23,5,1,1,0,3,1,1,0.63,691,897,0.9351,1
GH03622,Brong-Ahafo,Maize,1.54,16,3,0,1,0,2,0,0,0.702,526,204,0.5951,1
GH03623,Northern,Maize,1.98,38,6,1,0,1,3,0,1,0.588,385,345,0.6561,1
GH03624,Brong-Ahafo,Rice,4.52,40,7,0,1,0,2,0,0,0.7,3454,5000,0.5373,1
GH03625,Northern,Maize,2.86,37,4,1,0,1,0,0,0,0.688,912,482,0.6466,1
GH03626,Northern,Maize,2.98,6,8,1,1,0,2,0,1,0.845,1071,543,0.7953,1
GH03627,Upper East,Yam,3.02,16,7,1,0,0,2,1,1,0.496,3890,2935,0.5663,1
GH03628,Western,Cassava,1.64,28,7,0,1,1,3,1,0,0.874,982,611,0.8907,1
GH03629,Volta,Cassava,2.28,17,5,0,1,0,2,1,1,0.804,1218,689,0.877,1
GH03630,Western,Cocoa,0.85,37,11,1,0,0,2,1,1,0.885,578,832,0.697,1
GH03631,Brong-Ahafo,Maize,4.43,39,4,0,1,0,2,1,0,0.837,1352,965,0.6707,0
GH03632,Brong-Ahafo,Maize,0.3,19,6,0,1,0,1,1,1,0.76,107,100,0.8126,1
GH03633,Central,Maize,1.71,36,5,1,0,1,0,1,1,0.619,454,626,0.8234,1
GH03634,Volta,Yam,4.05,26,7,1,0,0,2,1,1,0.635,3859,3233,0.7673,1
GH03635,Western,Plantain,0.7,23,2,1,1,0,1,0,1,0.765,434,513,0.8428,0
GH03636,Volta,Maize,2.41,32,2,0,1,0,1,0,0,0.67,811,601,0.4018,0
GH03637,Ashanti,Maize,1.13,38,8,1,1,0,2,0,0,0.754,282,401,0.8039,1
GH03638,Western,Cocoa,1.41,35,5,1,1,0,2,0,1,0.843,732,472,0.8488,0
GH03639,Eastern,Plantain,3.53,24,5,1,0,0,2,0,1,0.679,1169,1280,0.7232,1
GH03640,Ashanti,Plantain,2.09,17,6,1,1,0,3,0,1,0.696,1081,1394,0.6502,1
GH03641,Eastern,Cocoa,0.44,7,7,1,0,0,1,0,1,0.665,242,142,0.5326,0
GH03642,Ashanti,Cocoa,0.92,16,4,1,1,0,1,0,0,0.711,766,967,0.601,1
GH03643,Northern,Yam,3.61,19,4,1,0,0,2,0,1,0.714,2389,2988,0.7581,1
GH03644,Central,Plantain,2.49,39,10,1,1,1,2,1,0,0.828,1660,2419,0.8835,1
GH03645,Greater Accra,Maize,6.19,14,6,0,0,0,2,0,1,0.739,1602,2255,0.4616,0
GH03646,Northern,Rice,5.92,25,5,1,0,0,0,0,0,0.482,4029,3088,0.3356,0
GH03647,Volta,Maize,1.43,14,8,1,0,0,2,1,1,0.649,354,357,0.7667,1
GH03648,Upper East,Yam,10.51,2,6,1,0,0,2,0,0,0.634,8762,10000,0.6406,1
GH03649,Eastern,Cocoa,1.85,37,4,1,1,0,1,0,0,0.873,1701,519,0.9215,1
GH03650,Upper West,Maize,0.93,19,4,0,0,0,0,0,1,0.57,293,308,0.3356,1
GH03651,Volta,Yam,1.17,34,5,1,1,0,2,1,0,0.729,1202,671,0.7078,0
GH03652,Ashanti,Plantain,0.38,39,9,1,1,0,0,1,0,0.683,145,172,0.7587,1
GH03653,Northern,Yam,5.61,7,3,1,0,1,1,0,1,0.573,5593,7023,0.5302,1
GH03654,Central,Maize,5.56,18,4,1,0,0,0,1,1,0.834,1305,1508,0.6723,1
GH03655,Ashanti,Maize,0.9,5,9,1,1,0,1,1,1,0.711,118,176,0.7941,1
GH03656,Upper East,Rice,1.55,15,3,1,0,0,1,0,1,0.715,1081,946,0.7099,1
GH03657,Volta,Maize,1.95,31,7,1,1,0,0,1,1,0.826,607,591,0.8676,1
GH03658,Brong-Ahafo,Maize,0.93,21,4,0,0,0,0,0,1,0.694,236,187,0.4757,0
GH03659,Upper West,Rice,0.53,9,6,1,0,0,2,0,0,0.589,417,612,0.5436,1
GH03660,Volta,Maize,1.57,3,5,1,0,0,0,0,0,0.908,526,740,0.4577,1
GH03661,Volta,Cassava,1.46,38,3,1,1,0,2,0,1,0.848,899,1334,0.9271,1
GH03662,Brong-Ahafo,Yam,1.39,5,6,0,1,0,2,0,1,0.756,1951,2891,0.8989,1
GH03663,Volta,Yam,2.13,11,7,1,1,0,0,1,0,0.765,1205,1656,0.6293,1
GH03664,Central,Maize,4.96,21,7,1,0,0,1,0,1,0.802,1145,1623,0.8071,1
GH03665,Northern,Rice,1.47,36,7,1,1,0,2,0,0,0.634,1407,625,0.8297,1
GH03666,Ashanti,Cocoa,2.05,11,6,0,1,0,1,0,1,0.749,1571,798,0.6821,1
GH03667,Ashanti,Maize,3.03,29,6,1,1,0,1,0,0,0.733,858,1169,0.8535,1
GH03668,Upper East,Yam,2.69,16,7,0,0,0,2,0,1,0.47,2384,2794,0.4288,1
GH03669,Eastern,Cocoa,1.19,37,7,0,1,0,0,1,0,0.893,878,1185,0.8044,1
GH03670,Brong-Ahafo,Yam,1.95,2,7,0,1,0,2,1,1,0.739,2032,2487,0.6806,1
GH03671,Brong-Ahafo,Yam,2.67,23,6,1,0,0,3,1,1,0.812,1694,792,0.7879,1
GH03672,Upper East,Rice,0.83,28,4,0,0,0,0,0,1,0.483,701,981,0.48,1
GH03673,Ashanti,Cassava,4.41,30,4,1,1,0,0,1,1,0.929,2076,2544,0.9009,1
GH03674,Upper West,Maize,4.96,16,4,1,0,0,2,0,1,0.694,1608,1584,0.46,0
GH03675,Ashanti,Cocoa,1.1,11,9,0,1,1,3,0,1,0.709,830,779,0.7657,1
GH03676,Brong-Ahafo,Rice,2.09,21,8,1,0,1,1,0,1,0.71,2355,2328,0.6558,1
GH03677,Eastern,Cocoa,2.86,23,6,0,1,0,1,1,0,0.803,2018,1551,0.6286,0
GH03678,Greater Accra,Maize,1.24,10,4,1,1,0,0,0,0,0.7,269,340,0.7547,1
GH03679,Central,Plantain,2.55,33,3,0,1,0,1,0,0,0.829,646,898,0.551,0
GH03680,Central,Cassava,2.04,18,9,1,1,0,0,1,1,0.885,870,525,0.7885,1
GH03681,Western,Cocoa,0.65,20,9,0,0,0,1,0,1,0.822,493,170,0.3414,0
GH03682,Upper East,Maize,2.51,41,3,1,1,0,2,0,0,0.428,785,427,0.6363,1
GH03683,Ashanti,Cocoa,0.84,28,8,1,0,0,3,0,1,0.897,521,630,0.9139,1
GH03684,Eastern,Cassava,3.52,38,5,0,1,0,2,1,0,0.752,1689,2267,0.682,1
GH03685,Volta,Yam,1.14,35,5,0,1,0,2,0,0,0.695,1165,837,0.6172,1
GH03686,Central,Maize,1.63,11,7,1,1,1,1,1,1,0.925,487,235,0.9413,1
GH03687,Ashanti,Cassava,4.76,31,6,1,0,0,0,1,1,0.847,3009,4003,0.817,1
GH03688,Upper West,Yam,2.58,22,8,1,1,0,2,1,0,0.545,2295,1280,0.6918,0
GH03689,Northern,Maize,0.86,22,3,1,1,0,2,0,0,0.52,203,120,0.5343,1
GH03690,Northern,Maize,0.9,35,5,1,0,0,2,0,1,0.692,351,144,0.7397,0
GH03691,Ashanti,Plantain,1.2,10,5,0,0,0,0,0,1,0.897,820,1142,0.4268,0
GH03692,Brong-Ahafo,Yam,2.4,35,5,1,1,0,2,0,0,0.709,2163,1497,0.9199,1
GH03693,Northern,Maize,2.34,13,6,1,0,0,0,1,1,0.514,798,404,0.5232,0
GH03694,Brong-Ahafo,Yam,1.01,22,4,0,1,0,1,1,1,0.781,1467,2119,0.8884,1
GH03695,Northern,Yam,0.8,21,5,1,0,0,0,1,0,0.683,1019,716,0.6901,0
GH03696,Northern,Rice,2.22,7,5,1,0,0,2,0,0,0.605,1524,1824,0.5764,0
GH03697,Central,Plantain,1.6,37,7,0,0,0,0,0,1,0.762,823,474,0.5284,1
GH03698,Western,Cassava,8.25,13,6,0,0,0,3,0,1,0.842,2814,3299,0.5485,1
GH03699,Volta,Maize,1.87,32,7,0,1,0,3,0,0,0.767,419,242,0.6272,1
GH03700,Upper East,Maize,6.49,3,4,0,1,0,2,1,1,0.526,1795,1912,0.768,0
GH03701,Ashanti,Cassava,0.8,17,5,1,1,0,3,0,1,0.836,438,363,0.8389,1
GH03702,Ashanti,Maize,0.61,2,2,1,1,0,0,0,0,0.794,146,184,0.3477,0
GH03703,Greater Accra,Cassava,0.83,5,3,0,1,0,2,0,0,0.957,196,231,0.4251,1
GH03704,Brong-Ahafo,Rice,4.19,2,4,1,0,0,2,0,0,0.716,3525,5015,0.4927,1
GH03705,Western,Plantain,6.23,36,3,1,1,1,0,0,0,0.759,3597,2705,0.8813,1
GH03706,Brong-Ahafo,Cassava,1.05,14,6,0,1,0,2,1,0,0.775,636,767,0.6269,1
GH03707,Greater Accra,Maize,1.32,32,13,0,1,0,1,0,0,0.95,351,513,0.5727,1
GH03708,Eastern,Plantain,0.8,21,3,1,0,0,1,0,1,0.684,392,276,0.4723,1
GH03709,Northern,Maize,0.51,8,8,0,1,0,3,0,0,0.43,149,100,0.5477,0
GH03710,Brong-Ahafo,Cassava,3.01,41,3,0,1,0,2,0,0,0.771,1709,2090,0.7226,1
GH03711,Eastern,Cassava,2.13,34,7,0,0,0,0,0,0,0.785,1097,916,0.7083,1
GH03712,Brong-Ahafo,Maize,1.84,29,7,0,0,0,3,0,0,0.713,273,212,0.305,0
GH03713,Volta,Maize,0.68,21,9,1,0,0,1,0,0,0.71,241,230,0.604,1
GH03714,Ashanti,Cassava,5.74,33,3,0,0,0,3,0,1,0.895,2734,3889,0.7643,1
GH03715,Volta,Yam,1.28,10,5,0,1,0,3,1,1,0.747,974,390,0.817,1
GH03716,Volta,Cassava,2.65,35,3,0,0,0,3,0,1,0.846,1282,1101,0.7616,1
GH03717,Central,Maize,0.66,15,5,0,1,0,2,0,1,0.592,187,100,0.5305,0
GH03718,Upper West,Rice,1.59,5,9,1,1,0,2,0,1,0.568,1131,1539,0.5838,1
GH03719,Ashanti,Cassava,2.23,30,8,1,1,0,2,0,1,0.75,1044,484,0.8087,1
GH03720,Western,Cassava,2.29,16,7,1,1,0,1,0,0,0.657,1124,458,0.508,0
GH03721,Northern,Yam,2.03,18,6,0,0,0,1,0,1,0.643,2194,3196,0.5778,1
GH03722,Central,Cassava,2.58,20,9,0,1,0,1,0,1,0.832,1138,1111,0.3075,0
GH03723,Eastern,Cocoa,0.83,39,5,1,1,0,2,0,0,0.798,625,807,0.6431,0
GH03724,Ashanti,Maize,2.09,10,3,1,1,0,2,0,1,0.755,420,363,0.5282,0
GH03725,Western,Plantain,1.97,28,8,0,0,0,2,0,1,0.858,1391,1144,0.733,1
GH03726,Ashanti,Plantain,2.14,16,4,1,1,0,2,0,1,0.906,1310,1826,0.8195,1
GH03727,Upper East,Maize,1.92,38,3,1,0,0,2,1,1,0.616,504,750,0.6745,0
GH03728,Eastern,Maize,0.75,29,3,1,1,0,2,1,0,0.791,222,231,0.8331,1
GH03729,Western,Plantain,0.72,5,6,0,0,0,0,1,0,1.0,278,390,0.5425,1
GH03730,Brong-Ahafo,Maize,0.39,22,6,0,0,0,1,1,0,0.673,120,160,0.3116,1
GH03731,Northern,Rice,3.23,35,4,1,0,0,1,0,0,0.526,3059,2915,0.5622,0
GH03732,Greater Accra,Maize,3.25,20,7,1,1,0,2,0,1,0.909,950,1358,0.9093,1
GH03733,Upper East,Rice,3.29,38,8,0,0,0,0,0,0,0.734,3146,1737,0.6566,1
GH03734,Ashanti,Maize,2.26,5,10,0,1,0,2,0,0,0.714,626,852,0.6245,1
GH03735,Brong-Ahafo,Maize,0.41,38,6,0,1,0,0,0,0,0.84,111,100,0.667,0
GH03736,Brong-Ahafo,Cassava,0.89,33,8,1,1,0,1,1,1,0.737,406,137,0.8953,1
GH03737,Upper East,Rice,2.05,13,8,1,0,0,2,0,1,0.632,1845,2296,0.6251,0
GH03738,Brong-Ahafo,Maize,2.0,17,4,0,1,0,0,0,1,0.781,462,654,0.4591,1
GH03739,Northern,Rice,1.56,15,5,1,1,0,2,0,1,0.585,1368,766,0.5576,0
GH03740,Brong-Ahafo,Maize,2.36,2,6,1,1,0,3,0,0,0.878,695,654,0.7683,1
GH03741,Volta,Maize,1.84,33,2,0,1,0,2,1,1,0.887,648,777,0.7635,1
GH03742,Western,Plantain,1.98,22,5,0,0,0,2,0,1,0.768,1114,778,0.4017,0
GH03743,Northern,Yam,1.16,5,6,0,0,0,2,1,0,0.651,758,361,0.6009,1
GH03744,Central,Cassava,3.62,10,3,0,1,0,1,0,1,0.913,1648,1270,0.6971,1
GH03745,Brong-Ahafo,Cassava,1.35,23,3,1,1,0,2,1,1,0.629,611,518,0.8173,0
GH03746,Ashanti,Cassava,0.72,13,6,1,0,0,1,0,0,0.817,323,385,0.3518,1
GH03747,Brong-Ahafo,Maize,1.06,31,7,1,1,0,1,0,0,0.598,351,189,0.6114,0
GH03748,Upper East,Rice,1.43,31,8,1,0,0,1,1,0,0.638,648,828,0.5466,0
GH03749,Northern,Rice,3.65,33,6,1,0,0,2,0,0,0.642,3799,3429,0.4465,0
GH03750,Western,Plantain,1.77,37,6,0,1,0,2,0,1,0.82,1070,1482,0.5947,0
GH03751,Eastern,Plantain,1.6,8,5,1,1,0,3,0,1,0.7,836,818,0.8901,1
GH03752,Upper East,Maize,0.76,18,4,1,1,0,1,0,1,0.517,226,189,0.8088,1
GH03753,Greater Accra,Cassava,3.16,2,3,1,0,0,1,0,1,0.907,1684,1085,0.6198,0
GH03754,Northern,Yam,1.15,15,8,1,1,0,2,0,0,0.632,1196,511,0.4112,0
GH03755,Brong-Ahafo,Cassava,1.7,39,6,1,1,1,2,0,1,0.875,1094,816,0.7343,1
GH03756,Eastern,Cassava,5.14,27,8,0,0,0,1,1,1,0.905,2578,2053,0.6273,0
GH03757,Greater Accra,Maize,2.6,28,7,1,1,0,1,1,0,0.902,808,793,0.5569,1
GH03758,Upper East,Rice,0.58,17,4,0,0,0,2,0,1,0.542,388,517,0.3384,1
GH03759,Western,Cassava,0.53,8,6,0,1,0,1,1,0,0.864,308,264,0.3502,0
GH03760,Central,Maize,1.74,33,5,1,1,0,2,0,1,0.713,457,309,0.7993,1
GH03761,Ashanti,Maize,0.78,26,5,0,1,0,2,0,0,0.664,235,317,0.6243,1
GH03762,Greater Accra,Cassava,2.87,32,6,1,1,0,0,1,0,0.96,1246,1471,0.8246,1
GH03763,Northern,Rice,1.88,17,12,0,0,0,0,0,0,0.54,1660,1110,0.5711,1
GH03764,Brong-Ahafo,Maize,2.05,15,8,0,1,0,3,0,1,0.626,564,282,0.5885,0
GH03765,Upper West,Rice,1.11,26,9,1,1,0,1,0,1,0.618,1180,766,0.8584,1
GH03766,Western,Cocoa,6.17,31,2,1,1,0,0,1,1,0.838,4579,2053,0.8995,1
GH03767,Western,Plantain,13.33,8,3,1,1,0,2,0,0,0.835,7381,10000,0.9287,1
GH03768,Brong-Ahafo,Yam,1.5,13,3,0,0,0,2,0,1,0.934,1378,1425,0.3049,0
GH03769,Volta,Maize,2.33,4,4,1,0,0,2,0,0,0.65,687,918,0.3283,0
GH03770,Upper East,Yam,1.95,28,5,0,0,0,2,0,1,0.625,2152,2764,0.4389,0
GH03771,Eastern,Cassava,1.52,20,7,1,0,0,3,0,1,0.822,741,359,0.8467,1
GH03772,Northern,Rice,1.02,38,6,0,0,0,0,1,1,0.716,755,628,0.5639,1
GH03773,Volta,Yam,0.85,8,9,1,1,0,2,1,0,0.687,719,1054,0.6095,0
GH03774,Greater Accra,Cassava,0.82,17,10,1,1,0,2,1,0,0.847,424,246,0.8358,1
GH03775,Eastern,Cassava,2.42,33,4,1,0,1,0,0,1,0.824,1105,398,0.8513,1
GH03776,Greater Accra,Cassava,1.27,9,9,1,1,0,1,0,0,0.75,706,505,0.5222,0
GH03777,Northern,Rice,0.3,14,6,1,1,0,2,0,1,0.491,205,187,0.5392,1
GH03778,Brong-Ahafo,Maize,2.49,12,5,1,1,1,1,0,0,0.728,674,247,0.8876,1
GH03779,Volta,Cassava,1.77,21,8,1,0,0,3,0,1,0.887,753,611,0.8235,0
GH03780,Upper East,Maize,4.68,19,3,1,0,0,2,0,0,0.537,1596,964,0.7179,0
GH03781,Northern,Maize,2.37,38,9,1,0,0,2,0,0,0.598,661,367,0.6891,0
GH03782,Ashanti,Cassava,0.65,7,7,1,1,0,2,1,1,0.907,342,211,0.7249,1
GH03783,Northern,Maize,0.38,21,9,1,0,0,2,0,1,0.603,118,100,0.533,0
GH03784,Brong-Ahafo,Rice,1.1,33,13,1,1,0,2,1,1,0.812,1207,473,0.7342,1
GH03785,Ashanti,Cocoa,1.18,30,6,1,1,1,2,0,1,1.0,846,859,0.9334,1
GH03786,Northern,Yam,3.53,5,3,0,1,0,2,1,0,0.589,2497,3589,0.5032,0
GH03787,Eastern,Cocoa,1.81,8,4,1,1,0,2,0,1,0.821,1579,1999,0.5243,1
GH03788,Northern,Maize,4.03,21,5,0,0,0,1,1,1,0.647,815,1060,0.5817,0
GH03789,Ashanti,Plantain,0.72,35,3,1,1,0,2,0,0,0.944,327,387,0.8923,1
GH03790,Eastern,Plantain,3.58,37,8,0,1,0,1,0,1,0.816,2235,3234,0.5437,0
GH03791,Brong-Ahafo,Rice,3.02,8,5,0,1,0,2,0,1,0.808,2282,3288,0.6272,1
GH03792,Western,Cassava,0.44,34,11,0,1,0,1,0,1,0.868,205,253,0.6209,1
GH03793,Northern,Yam,4.6,16,7,0,0,1,2,1,0,0.629,4898,5677,0.7137,1
GH03794,Upper East,Maize,1.95,33,4,1,0,0,3,1,0,0.531,542,361,0.3549,0
GH03795,Central,Maize,2.4,23,6,1,1,0,2,0,0,0.741,574,235,0.842,1
GH03796,Ashanti,Maize,0.99,41,6,1,0,0,2,0,1,1.0,323,133,0.6944,0
GH03797,Western,Cocoa,4.45,30,6,1,0,0,2,1,1,0.737,3911,4629,0.7685,1
GH03798,Central,Cassava,0.79,26,6,1,1,0,2,0,0,0.724,530,177,0.8139,1
GH03799,Eastern,Plantain,3.26,6,2,1,1,0,1,0,0,0.845,1824,2334,0.8478,1
GH03800,Upper East,Rice,3.24,15,7,1,0,1,1,0,0,0.601,2256,1669,0.5481,1
GH03801,Ashanti,Plantain,0.92,36,6,1,1,0,1,0,1,0.859,347,184,0.7402,0
GH03802,Upper West,Rice,7.3,3,8,1,1,0,3,0,1,0.54,3173,2504,0.6026,1
GH03803,Northern,Maize,2.14,26,8,1,1,1,1,0,1,0.533,717,820,0.8648,1
GH03804,Brong-Ahafo,Yam,2.88,17,4,0,1,0,2,0,1,0.727,3016,1900,0.5376,0
GH03805,Ashanti,Cassava,0.63,17,2,1,1,0,3,0,1,0.888,303,154,0.8416,1
GH03806,Brong-Ahafo,Yam,8.02,12,7,1,1,0,2,0,1,0.669,4958,5878,0.76,1
GH03807,Volta,Cassava,0.77,36,11,1,1,0,1,1,1,0.792,309,419,0.8889,1
GH03808,Upper East,Maize,3.73,24,5,0,0,1,1,0,0,0.524,670,672,0.4566,1
GH03809,Brong-Ahafo,Rice,0.91,6,4,1,1,0,1,0,1,0.628,950,882,0.6047,1
GH03810,Ashanti,Maize,1.18,36,4,0,1,0,2,0,1,0.662,369,445,0.6475,1
GH03811,Upper East,Maize,3.16,30,4,1,0,0,1,0,0,0.638,648,764,0.4602,0
GH03812,Northern,Rice,3.74,6,5,1,0,0,2,1,1,0.587,4020,1236,0.4209,0
GH03813,Eastern,Cassava,0.75,4,5,0,1,0,3,1,1,0.915,337,215,0.802,1
GH03814,Eastern,Plantain,3.91,7,7,0,1,0,1,1,0,0.822,2108,2990,0.6763,1
GH03815,Brong-Ahafo,Cassava,3.79,24,4,0,1,1,0,0,1,0.671,2130,3093,0.5242,0
GH03816,Upper East,Rice,0.95,3,3,1,0,0,2,0,0,0.623,755,689,0.365,0
GH03817,Western,Cassava,5.58,19,5,0,1,0,1,1,0,0.776,2752,2675,0.6798,0
GH03818,Brong-Ahafo,Rice,0.66,31,9,1,1,0,2,0,1,0.72,538,162,0.6999,1
GH03819,Northern,Rice,1.18,39,6,1,0,0,2,0,0,0.726,902,998,0.5902,0
GH03820,Eastern,Cassava,2.55,6,11,1,0,0,1,0,0,0.712,1405,780,0.4335,1
GH03821,Eastern,Cocoa,1.0,12,6,1,1,0,3,1,0,0.799,746,338,0.8605,1
GH03822,Brong-Ahafo,Maize,2.19,2,4,0,1,0,1,0,1,0.643,544,362,0.545,1
GH03823,Volta,Maize,2.16,11,4,1,1,0,1,0,1,0.635,731,803,0.7668,0
GH03824,Greater Accra,Cassava,1.6,27,7,0,1,0,3,0,1,0.827,699,576,0.5493,1
GH03825,Northern,Maize,3.26,34,6,1,0,0,0,0,1,0.546,975,701,0.4202,0
GH03826,Central,Plantain,1.55,28,6,1,0,0,0,0,1,0.828,728,853,0.457,1
GH03827,Brong-Ahafo,Yam,2.14,13,8,0,0,0,3,0,1,0.801,1782,2275,0.4556,1
GH03828,Ashanti,Plantain,4.07,3,7,0,1,0,1,0,1,0.765,1937,2601,0.6012,1
GH03829,Upper East,Rice,3.17,2,2,0,1,0,0,0,1,0.468,2228,1857,0.6907,1
GH03830,Brong-Ahafo,Cassava,3.16,2,8,0,1,1,2,1,1,0.831,1878,2181,0.6773,1
GH03831,Upper East,Maize,0.82,34,6,1,1,1,0,0,0,0.504,223,304,0.7901,1
GH03832,Eastern,Cocoa,2.63,23,5,0,1,0,2,1,1,0.981,2364,3288,0.7295,1
GH03833,Eastern,Maize,0.99,13,6,0,1,0,1,0,1,0.732,222,198,0.6068,0
GH03834,Greater Accra,Maize,0.74,40,6,1,1,0,2,0,1,0.804,115,100,0.8233,1
GH03835,Eastern,Cassava,1.73,37,3,1,1,1,1,1,0,0.631,980,1353,0.7836,1
GH03836,Ashanti,Maize,0.97,22,5,1,0,0,3,1,0,0.672,362,222,0.5568,1
GH03837,Central,Plantain,3.17,21,5,1,1,0,1,0,0,0.668,1754,2203,0.8564,1
GH03838,Upper East,Yam,3.22,37,5,0,1,0,2,0,0,0.609,2634,3662,0.5251,0
GH03839,Upper East,Yam,0.48,27,3,1,1,0,3,0,1,0.578,385,457,0.8384,1
GH03840,Central,Cassava,1.02,32,4,0,0,0,1,0,1,0.89,752,839,0.6981,1
GH03841,Greater Accra,Maize,0.66,2,4,1,1,0,0,0,0,0.88,169,100,0.5559,1
GH03842,Brong-Ahafo,Maize,1.32,39,5,1,1,0,0,0,1,0.807,292,159,0.799,1
GH03843,Brong-Ahafo,Yam,2.51,15,9,0,1,0,3,1,1,0.732,3132,3445,0.7451,0
GH03844,Ashanti,Plantain,1.54,27,4,1,1,0,2,0,0,0.832,753,935,0.8115,1
GH03845,Volta,Cassava,1.21,8,5,1,1,0,3,0,1,0.826,378,142,0.7111,1
GH03846,Brong-Ahafo,Maize,4.53,13,5,0,0,0,2,0,0,0.666,1781,575,0.2265,1
GH03847,Brong-Ahafo,Yam,0.36,25,8,0,1,0,1,0,1,0.675,405,273,0.5078,1
GH03848,Brong-Ahafo,Yam,4.33,20,3,1,1,0,0,0,0,0.873,3045,3270,0.845,1
GH03849,Brong-Ahafo,Yam,1.24,10,4,1,0,0,3,1,0,0.606,1599,1462,0.6048,1
GH03850,Northern,Yam,1.73,36,4,1,1,0,2,1,0,0.675,1378,427,0.7588,1
GH03851,Ashanti,Plantain,1.26,5,13,0,1,0,1,1,1,0.852,494,238,0.4391,1
GH03852,Brong-Ahafo,Rice,5.37,33,6,0,1,1,2,0,0,0.66,3574,4298,0.8553,1
GH03853,Upper East,Rice,0.77,7,3,1,0,0,0,1,0,0.532,866,569,0.4306,1
GH03854,Central,Cassava,1.84,29,4,0,1,0,1,0,1,0.811,1361,600,0.8275,0
GH03855,Upper East,Rice,2.64,29,4,1,0,0,2,0,0,0.602,1904,687,0.6414,1
GH03856,Northern,Rice,0.59,41,3,1,1,0,0,0,1,0.663,641,846,0.8365,1
GH03857,Brong-Ahafo,Rice,0.96,30,8,1,0,0,0,0,1,0.748,422,365,0.8098,1
GH03858,Upper East,Maize,1.64,6,6,1,0,0,2,0,1,0.58,538,487,0.5026,1
GH03859,Ashanti,Cassava,0.98,6,7,1,1,0,2,1,0,0.868,655,245,0.7407,0
GH03860,Northern,Yam,1.03,38,5,0,0,0,1,0,1,0.684,1351,1197,0.7365,0
GH03861,Eastern,Cocoa,1.43,29,6,1,0,0,0,1,0,0.958,1025,1102,0.8016,1
GH03862,Brong-Ahafo,Cassava,2.87,10,4,0,0,0,3,1,1,0.863,1677,750,0.5488,0
GH03863,Northern,Yam,1.43,30,5,0,1,0,0,1,1,0.636,1235,1708,0.807,1
GH03864,Volta,Cassava,3.88,15,7,0,0,0,0,1,0,0.831,2047,2538,0.7187,1
GH03865,Western,Plantain,0.91,39,4,1,1,0,1,0,1,0.884,444,560,0.5659,0
GH03866,Northern,Yam,0.76,41,6,1,1,0,1,0,1,0.648,732,691,0.6024,0
GH03867,Eastern,Plantain,7.02,35,9,1,0,0,2,0,1,0.756,4341,3042,0.627,1
GH03868,Brong-Ahafo,Rice,1.15,38,3,1,1,0,3,1,0,0.763,972,1039,0.8996,1
GH03869,Brong-Ahafo,Rice,0.73,15,9,0,0,0,2,1,0,0.585,792,452,0.556,0
GH03870,Greater Accra,Maize,0.54,19,3,1,0,0,2,1,0,0.901,157,100,0.7782,1
GH03871,Eastern,Plantain,3.87,34,5,1,1,0,3,1,1,0.853,2805,2654,0.9377,1
GH03872,Volta,Cassava,1.43,35,6,0,1,0,1,0,1,0.767,935,818,0.5435,1
GH03873,Eastern,Cocoa,1.53,29,6,0,0,1,2,1,0,0.801,1061,510,0.5219,0
GH03874,Eastern,Plantain,1.63,37,3,1,1,1,2,1,0,0.877,850,796,0.9518,1
GH03875,Eastern,Maize,3.7,38,8,1,1,0,1,0,0,0.912,854,816,0.8024,1
GH03876,Volta,Cassava,1.61,24,11,0,1,0,2,0,0,0.81,872,1174,0.7483,0
GH03877,Upper East,Rice,9.4,18,4,1,0,0,2,1,1,0.737,6118,7409,0.6661,1
GH03878,Northern,Maize,2.0,12,9,1,0,0,1,0,1,0.678,703,394,0.3571,0
GH03879,Central,Plantain,3.83,33,6,1,1,0,0,1,0,0.786,1798,2304,0.6728,1
GH03880,Upper West,Rice,3.2,38,10,1,0,0,0,0,1,0.649,2776,4061,0.7015,1
GH03881,Ashanti,Cassava,1.78,16,4,1,0,0,1,0,1,0.846,508,589,0.7818,1
GH03882,Volta,Cassava,1.21,5,8,1,1,0,0,0,1,0.716,601,748,0.7112,0
GH03883,Northern,Rice,2.3,40,3,0,0,0,2,0,1,0.602,1725,1069,0.4858,1
GH03884,Eastern,Plantain,2.6,31,9,0,0,1,1,0,0,0.791,1552,2313,0.6635,0
GH03885,Greater Accra,Maize,1.22,11,7,0,1,0,2,0,1,0.823,374,191,0.7292,0
GH03886,Upper East,Rice,2.05,24,5,1,0,0,1,1,0,0.563,1999,2401,0.2828,0
GH03887,Ashanti,Cassava,4.33,25,4,1,1,0,2,0,1,0.836,2475,1916,0.7923,1
GH03888,Volta,Yam,7.76,37,8,0,1,0,3,0,0,0.784,9747,7098,0.7622,0
GH03889,Eastern,Cassava,3.31,6,6,1,1,0,2,1,0,0.916,1883,1209,0.878,1
GH03890,Central,Plantain,6.71,38,5,0,1,1,2,0,0,0.894,2451,2033,0.8169,0
GH03891,Brong-Ahafo,Rice,1.17,20,5,1,0,0,0,1,1,0.694,931,1163,0.6875,1
GH03892,Eastern,Plantain,2.98,38,8,0,1,0,1,0,1,0.994,1490,2129,0.7628,1
GH03893,Greater Accra,Maize,4.65,9,5,0,0,0,1,1,1,0.759,448,358,0.6375,1
GH03894,Eastern,Cassava,0.97,8,3,1,0,0,3,0,1,0.784,406,439,0.4383,1
GH03895,Upper East,Yam,1.3,41,9,1,0,0,2,1,1,0.633,1845,2299,0.639,1
GH03896,Eastern,Plantain,6.15,14,5,1,1,0,2,0,0,1.0,2929,1229,0.489,1
GH03897,Western,Plantain,0.92,38,5,1,0,0,2,0,0,0.882,454,660,0.6301,1
GH03898,Northern,Rice,0.71,28,4,1,0,0,2,1,1,0.584,325,180,0.7506,0
GH03899,Upper West,Rice,5.31,19,9,0,0,0,2,1,1,0.479,3142,4393,0.3933,1
GH03900,Ashanti,Maize,4.21,25,4,1,1,1,1,1,0,0.629,1281,1901,0.8242,0
GH03901,Eastern,Cassava,2.47,3,7,1,1,0,0,0,0,0.816,1176,494,0.6699,1
GH03902,Central,Maize,1.76,17,9,1,0,0,2,0,1,0.834,380,521,0.9022,1
GH03903,Northern,Rice,1.34,15,2,1,1,0,2,0,0,0.521,1367,1461,0.6051,1
GH03904,Volta,Yam,2.22,18,8,1,0,0,1,0,0,0.768,1924,2466,0.6328,1
GH03905,Ashanti,Cassava,5.51,7,5,0,1,0,2,0,0,0.71,2140,922,0.5457,0
GH03906,Ashanti,Maize,2.15,36,7,0,0,0,1,1,0,0.691,601,782,0.6263,0
GH03907,Volta,Cassava,8.31,18,5,1,1,0,1,0,1,0.831,3652,3839,0.8021,1
GH03908,Brong-Ahafo,Rice,0.97,39,7,1,0,0,1,0,1,0.69,657,600,0.6034,0
GH03909,Upper East,Rice,1.8,41,4,0,0,0,2,0,1,0.69,1440,1400,0.5343,1
GH03910,Northern,Rice,1.4,7,2,1,0,0,2,1,1,0.588,988,1179,0.7796,1
GH03911,Volta,Maize,0.85,39,10,1,1,0,2,0,1,0.819,157,103,0.834,1
GH03912,Brong-Ahafo,Cassava,1.64,22,2,1,1,0,0,0,1,0.961,957,1371,0.6543,1
GH03913,Brong-Ahafo,Yam,2.44,36,8,1,1,0,2,1,1,0.69,2885,1931,0.8171,1
GH03914,Northern,Maize,2.63,24,4,1,0,0,1,0,1,0.812,693,937,0.5122,0
GH03915,Western,Plantain,8.33,13,5,0,0,0,1,0,1,0.851,4719,1484,0.7043,1
GH03916,Eastern,Maize,2.52,30,8,1,1,0,1,0,0,0.714,648,907,0.6118,1
GH03917,Central,Plantain,4.08,28,4,0,1,0,1,0,1,0.826,1271,1680,0.821,1
GH03918,Northern,Maize,1.91,7,9,1,0,0,1,0,0,0.583,625,281,0.5311,1
GH03919,Western,Cassava,5.9,22,6,0,1,0,2,0,0,0.952,3036,3596,0.7222,1
GH03920,Volta,Maize,9.77,8,5,1,1,0,1,0,1,0.835,2793,2092,0.8358,1
GH03921,Western,Cassava,2.64,17,7,1,0,0,2,0,1,0.944,1357,1188,0.6247,1
GH03922,Ashanti,Maize,0.91,6,5,0,1,1,2,0,0,0.661,243,100,0.7196,1
GH03923,Ashanti,Maize,1.24,16,5,0,1,0,2,0,1,0.78,354,197,0.4812,0
GH03924,Northern,Maize,2.22,22,7,1,0,0,2,0,0,0.491,636,919,0.3981,0
GH03925,Volta,Maize,2.51,5,5,0,0,0,2,0,0,0.811,873,700,0.3635,0
GH03926,Central,Maize,2.97,6,4,1,0,0,2,0,0,0.751,896,297,0.6831,1
GH03927,Brong-Ahafo,Maize,2.51,8,8,0,1,0,1,1,0,0.77,860,790,0.8131,0
GH03928,Upper West,Yam,1.83,36,8,0,0,0,2,0,1,0.57,2401,3586,0.4181,0
GH03929,Ashanti,Maize,1.17,37,6,1,1,0,0,1,0,0.625,220,154,0.7634,0
GH03930,Eastern,Plantain,2.41,16,6,1,1,0,0,1,1,0.896,1525,716,0.694,0
GH03931,Northern,Rice,6.68,29,7,1,0,0,1,0,1,0.712,6118,6560,0.6424,1
GH03932,Northern,Maize,3.72,3,6,0,0,0,3,0,1,0.626,1133,1590,0.5828,1
GH03933,Upper East,Maize,2.65,6,5,1,1,0,2,0,0,0.396,881,1173,0.2705,0
GH03934,Central,Cassava,3.75,8,13,0,1,0,2,0,0,0.9,1864,2029,0.5716,1
GH03935,Northern,Rice,1.41,23,3,1,0,0,0,1,1,0.576,1280,667,0.7294,1
GH03936,Northern,Maize,1.28,32,6,0,1,0,1,0,0,0.656,280,348,0.566,0
GH03937,Northern,Yam,1.08,33,9,1,0,0,1,0,1,0.596,781,1006,0.5433,1
GH03938,Upper East,Yam,1.67,9,7,0,1,0,2,0,1,0.554,1862,2457,0.6365,1
GH03939,Brong-Ahafo,Yam,1.36,12,9,0,1,0,0,1,0,0.79,1352,1061,0.4711,0
GH03940,Ashanti,Cassava,4.25,2,5,1,1,0,2,0,1,0.749,2230,1763,0.6304,1
GH03941,Ashanti,Cocoa,1.31,41,4,1,0,0,3,1,1,0.822,777,378,0.6201,1
GH03942,Brong-Ahafo,Yam,1.04,20,9,0,0,0,3,0,1,0.791,1130,1387,0.5736,1
GH03943,Northern,Yam,7.1,39,5,1,0,0,2,0,1,0.808,6547,7756,0.7746,1
GH03944,Volta,Maize,1.33,38,7,0,1,0,1,0,1,0.724,366,154,0.6145,1
GH03945,Upper East,Maize,2.03,8,3,0,0,0,3,0,1,0.632,508,165,0.3095,0
GH03946,Upper West,Rice,2.5,40,8,0,0,0,2,1,1,0.516,1700,2452,0.5862,1
GH03947,Central,Plantain,0.82,26,6,1,0,0,2,0,1,0.986,396,127,0.7376,1
GH03948,Eastern,Cassava,4.33,23,4,1,1,0,3,0,0,0.75,2812,2965,0.6205,1
GH03949,Eastern,Maize,2.85,28,6,0,1,0,3,0,0,0.754,716,605,0.3829,1
GH03950,Brong-Ahafo,Cassava,5.42,39,7,1,1,0,1,0,1,0.821,2773,3419,0.6398,1
GH03951,Ashanti,Cassava,1.13,40,2,0,1,0,0,0,1,0.753,562,228,0.518,0
GH03952,Northern,Yam,1.95,16,7,1,1,0,2,1,1,0.721,1715,1919,0.6453,0
GH03953,Western,Plantain,1.87,3,6,1,0,0,2,1,1,0.797,1174,1219,0.6744,1
GH03954,Brong-Ahafo,Rice,2.19,9,4,1,1,0,1,0,0,0.816,1291,1710,0.683,1
GH03955,Ashanti,Maize,0.66,7,8,0,1,0,2,0,0,0.85,180,166,0.5212,0
GH03956,Upper West,Maize,1.97,21,5,1,1,0,0,1,1,0.636,454,533,0.795,1
GH03957,Brong-Ahafo,Rice,0.67,28,4,1,1,0,0,0,1,0.807,604,498,0.8063,1
GH03958,Volta,Cassava,2.34,24,6,0,0,0,1,0,1,0.982,1261,1867,0.6306,1
GH03959,Upper East,Yam,0.41,41,7,0,0,0,1,0,0,0.618,511,496,0.4227,0
GH03960,Western,Cassava,0.5,18,10,0,0,1,2,0,0,0.849,301,362,0.3804,0
GH03961,Eastern,Plantain,3.23,14,3,1,1,0,3,0,1,0.852,1654,681,0.6577,0
GH03962,Upper East,Rice,1.24,5,5,0,0,0,2,0,1,0.687,1154,987,0.3148,0
GH03963,Greater Accra,Cassava,0.91,21,3,1,1,0,2,1,1,1.0,558,211,0.9367,1
GH03964,Northern,Maize,4.44,26,8,0,0,0,0,0,0,0.602,1007,449,0.6981,0
GH03965,Eastern,Cassava,2.29,23,5,0,1,0,2,0,1,0.742,1388,1259,0.755,1
GH03966,Brong-Ahafo,Yam,3.36,18,7,1,0,0,2,0,1,0.843,3588,2593,0.7091,1
GH03967,Northern,Rice,1.62,41,5,1,0,0,2,0,1,0.526,1441,1227,0.7717,1
GH03968,Northern,Rice,11.89,12,8,0,0,0,1,1,1,0.656,8846,7920,0.7781,1
GH03969,Upper West,Yam,1.19,26,6,1,1,0,2,0,1,0.634,995,489,0.6023,0
GH03970,Upper East,Maize,6.18,6,10,0,0,0,3,0,0,0.556,1360,1005,0.736,1
GH03971,Upper East,Rice,1.75,22,3,1,1,0,1,0,1,0.581,451,601,0.8539,0
GH03972,Ashanti,Cassava,0.57,27,6,0,1,0,1,0,0,0.683,257,341,0.3717,0
GH03973,Upper East,Rice,2.55,17,8,1,0,0,1,1,0,0.516,3073,2731,0.3639,1
GH03974,Northern,Rice,2.27,41,6,1,0,0,0,0,1,0.71,2141,2567,0.9079,1
GH03975,Volta,Maize,0.87,22,2,1,0,0,3,0,0,0.567,257,309,0.7057,0
GH03976,Volta,Maize,0.96,33,11,1,1,0,3,1,1,0.723,318,112,0.792,1
GH03977,Ashanti,Plantain,1.79,5,5,1,1,0,2,0,1,0.8,855,883,0.7436,1
GH03978,Volta,Yam,2.33,39,4,1,1,0,2,0,0,0.591,2165,2740,0.8239,0
GH03979,Ashanti,Maize,0.32,9,6,1,1,0,2,0,0,0.9,84,100,0.795,1
GH03980,Eastern,Plantain,3.81,10,6,0,0,0,1,0,1,0.743,1638,1556,0.6713,0
GH03981,Northern,Rice,1.29,18,8,1,0,0,2,0,1,0.679,908,851,0.5984,1
GH03982,Brong-Ahafo,Yam,0.72,14,5,0,0,0,2,0,1,0.712,723,658,0.5158,0
GH03983,Upper West,Yam,3.52,10,5,1,0,0,2,0,1,0.542,3594,4435,0.4686,0
GH03984,Ashanti,Plantain,1.79,7,6,1,0,0,0,0,1,0.806,1141,1222,0.4196,1
GH03985,Brong-Ahafo,Cassava,4.27,28,5,1,1,0,1,1,1,0.751,2701,1509,0.7598,1
GH03986,Northern,Rice,2.48,38,9,1,0,0,1,1,0,0.62,1412,1158,0.6168,1
GH03987,Upper East,Maize,1.82,40,9,1,0,0,2,0,0,0.502,475,444,0.5711,0
GH03988,Volta,Maize,1.64,25,5,1,1,0,2,0,1,0.649,354,284,0.5697,1
GH03989,Upper East,Rice,2.55,10,2,1,1,0,1,0,1,0.665,988,578,0.8792,1
GH03990,Upper East,Maize,1.36,12,9,1,1,0,2,0,1,0.566,384,173,0.5295,1
GH03991,Eastern,Maize,1.0,36,3,1,0,0,1,0,1,0.76,310,137,0.5827,1
GH03992,Ashanti,Cassava,2.79,30,4,1,1,0,1,0,0,0.744,1486,974,0.7407,0
GH03993,Brong-Ahafo,Maize,1.65,9,4,1,1,1,3,0,0,0.856,498,390,0.4802,1
GH03994,Northern,Rice,1.87,18,4,0,0,0,0,1,1,0.628,1413,1582,0.5601,0
GH03995,Upper East,Maize,3.91,8,8,1,1,0,0,0,1,0.413,862,1277,0.4053,0
GH03996,Eastern,Cassava,1.68,13,6,1,0,0,0,0,0,0.837,817,1125,0.2536,0
GH03997,Upper East,Yam,1.84,16,10,1,0,0,0,0,0,0.524,2362,3015,0.3859,1
GH03998,Northern,Rice,1.2,30,4,1,0,0,2,0,1,0.708,1045,1334,0.6669,0
GH03999,Ashanti,Plantain,2.46,25,6,1,1,0,2,0,1,0.908,863,876,0.9354,1
GH04000,Brong-Ahafo,Rice,2.33,38,11,0,0,0,1,0,0,0.824,1936,1168,0.5173,1
GH04001,Volta,Yam,3.42,15,8,0,1,0,1,0,1,0.713,4326,3748,0.6329,1
GH04002,Upper East,Maize,1.21,12,7,1,0,1,0,0,1,0.556,387,182,0.5491,0
GH04003,Volta,Cassava,1.32,36,4,1,1,0,2,0,1,0.8,871,853,0.5,0
GH04004,Ashanti,Cocoa,3.17,18,8,1,1,0,2,1,1,0.906,1571,515,0.8579,1
GH04005,Western,Cocoa,2.17,28,5,1,0,0,1,0,1,0.777,1570,828,0.6712,1
GH04006,Brong-Ahafo,Yam,0.97,4,6,0,0,0,1,0,0,0.757,910,1051,0.3242,0
GH04007,Ashanti,Plantain,4.55,3,6,0,0,0,0,0,1,0.974,2566,1622,0.3715,0
GH04008,Western,Cassava,0.55,5,6,1,1,1,0,1,0,0.797,240,193,0.8321,1
GH04009,Central,Plantain,3.16,19,7,0,1,0,0,0,1,0.848,1317,1710,0.5165,0
GH04010,Upper East,Yam,0.75,21,7,1,0,0,2,1,1,0.794,756,267,0.7727,1
GH04011,Brong-Ahafo,Yam,6.82,22,3,1,1,0,1,1,0,0.731,5607,1835,0.8449,1
GH04012,Northern,Maize,0.62,15,5,1,0,0,0,0,0,0.492,181,104,0.5918,1
GH04013,Volta,Cassava,4.08,9,7,1,0,0,2,1,0,0.775,1268,1422,0.5704,0
GH04014,Central,Cassava,1.72,3,5,0,1,0,2,0,1,0.974,1115,650,0.8197,1
GH04015,Upper East,Maize,1.41,27,5,0,0,0,1,0,1,0.65,173,231,0.486,1
GH04016,Brong-Ahafo,Maize,2.07,20,3,1,1,0,0,0,0,0.652,678,490,0.6444,1
GH04017,Northern,Yam,2.84,29,5,1,1,0,2,0,0,0.668,2530,1620,0.5915,0
GH04018,Central,Plantain,0.97,30,12,0,1,0,2,0,0,0.836,347,201,0.6786,1
GH04019,Brong-Ahafo,Rice,1.03,6,4,0,0,1,1,0,0,0.815,863,853,0.4083,0
GH04020,Central,Cassava,2.87,29,6,1,0,0,1,0,1,0.791,1774,2355,0.6818,0
GH04021,Brong-Ahafo,Cassava,0.55,27,7,1,1,0,0,0,0,0.82,356,280,0.7795,0
GH04022,Volta,Cassava,1.21,6,2,0,0,0,2,1,1,0.933,778,469,0.6224,1
GH04023,Eastern,Cocoa,15.31,16,9,0,1,0,2,0,0,0.626,8948,7203,0.6971,1
GH04024,Brong-Ahafo,Cassava,0.93,10,5,0,1,1,0,1,0,0.827,508,704,0.8554,1
GH04025,Eastern,Plantain,4.07,33,9,1,0,1,1,0,1,0.931,1322,927,0.8452,1
GH04026,Central,Plantain,1.21,27,2,1,1,1,3,0,0,0.725,620,674,0.7682,1
GH04027,Upper West,Rice,2.6,38,3,0,0,0,1,1,0,0.552,2248,1564,0.4703,0
GH04028,Western,Cassava,2.88,16,5,0,1,0,1,1,0,0.809,1399,1552,0.7066,1
GH04029,Eastern,Cocoa,4.02,5,5,1,1,0,2,0,0,0.777,1795,2436,0.8862,1
GH04030,Volta,Maize,1.58,37,8,1,0,0,1,0,1,0.666,386,393,0.4513,0
GH04031,Northern,Yam,7.33,21,2,0,1,0,2,0,0,0.605,10207,10000,0.6319,1
GH04032,Brong-Ahafo,Yam,1.21,28,7,0,0,0,2,0,1,0.818,1315,1344,0.7422,1
GH04033,Upper East,Yam,2.15,22,3,0,1,0,2,1,1,0.704,1957,2876,0.7933,1
GH04034,Northern,Yam,2.16,23,8,1,1,0,2,0,1,0.739,2108,2463,0.7253,1
GH04035,Upper East,Rice,0.83,8,8,0,0,0,1,0,1,0.665,724,784,0.162,0
GH04036,Volta,Cassava,1.49,32,6,1,0,0,2,0,0,0.927,540,700,0.8302,1
GH04037,Eastern,Cassava,2.04,18,4,0,0,0,3,0,1,0.978,750,235,0.5542,0
GH04038,Volta,Maize,1.35,8,7,1,1,0,1,0,0,0.743,319,194,0.4809,1
GH04039,Upper West,Rice,10.06,20,4,0,1,1,0,0,1,0.724,7315,4091,0.7742,1
GH04040,Greater Accra,Cassava,1.01,29,4,1,1,0,3,0,1,0.899,720,312,0.9288,1
GH04041,Northern,Yam,4.16,11,7,0,0,0,0,0,0,0.618,4253,6062,0.3637,0
GH04042,Central,Plantain,3.32,28,13,1,1,0,0,0,0,0.846,1500,686,0.6537,0
GH04043,Western,Cassava,1.8,14,9,1,1,0,1,1,0,0.921,956,588,0.8005,1
GH04044,Upper East,Maize,0.99,3,6,0,1,0,1,1,1,0.682,163,114,0.6109,1
GH04045,Ashanti,Cassava,1.06,23,6,1,1,0,2,0,0,0.861,456,479,0.6848,1
GH04046,Central,Plantain,1.27,21,13,1,1,0,1,0,1,0.818,544,664,0.7412,1
GH04047,Northern,Yam,0.52,6,6,0,1,0,0,0,0,0.596,417,428,0.2824,0
GH04048,Ashanti,Plantain,0.9,7,5,1,1,0,2,1,0,0.677,566,678,0.593,0
GH04049,Ashanti,Cassava,0.65,36,9,0,1,0,2,0,0,0.844,386,302,0.7316,1
GH04050,Eastern,Cassava,4.67,2,4,1,1,0,2,1,0,0.838,1858,2778,0.7342,1
GH04051,Central,Cassava,2.81,36,3,0,1,0,1,0,0,0.756,1101,555,0.674,1
GH04052,Eastern,Maize,3.16,4,7,0,1,0,0,1,0,0.803,656,511,0.4852,0
GH04053,Brong-Ahafo,Rice,2.75,37,3,0,0,0,2,0,0,0.787,2144,2784,0.4736,0
GH04054,Brong-Ahafo,Yam,2.05,8,5,0,1,0,0,0,1,0.631,2149,1281,0.4635,0
GH04055,Upper East,Rice,5.07,30,5,1,0,0,0,0,1,0.559,4448,5342,0.4893,0
GH04056,Northern,Rice,1.19,16,6,0,0,1,2,1,1,0.748,768,566,0.5999,0
GH04057,Brong-Ahafo,Yam,1.96,12,13,0,1,0,1,0,0,0.699,1905,977,0.4985,0
GH04058,Central,Cassava,3.07,19,4,1,1,0,2,0,0,0.841,1594,1250,0.8761,1
GH04059,Northern,Yam,0.72,5,5,1,1,0,2,1,0,0.648,899,1116,0.7682,1
GH04060,Ashanti,Cassava,15.92,25,3,0,1,0,1,0,0,0.813,9652,4192,0.7144,0
GH04061,Brong-Ahafo,Yam,1.86,12,6,1,0,0,0,0,1,0.805,1337,1229,0.4775,0
GH04062,Ashanti,Cocoa,2.01,7,7,1,1,0,1,0,1,0.91,884,1052,0.493,0
GH04063,Upper West,Rice,4.39,19,6,1,0,1,1,0,1,0.711,3477,4179,0.5892,1
GH04064,Upper West,Yam,3.46,16,4,1,0,0,3,0,1,0.585,3043,2336,0.4298,0
GH04065,Upper West,Maize,1.87,4,7,0,1,0,2,1,1,0.632,419,360,0.6234,0
GH04066,Upper East,Maize,2.0,18,6,1,0,0,1,0,1,0.632,471,626,0.7561,1
GH04067,Upper East,Rice,0.64,34,4,1,1,0,0,0,0,0.576,578,318,0.5775,0
GH04068,Greater Accra,Cassava,1.23,35,5,0,1,0,0,0,1,0.807,452,674,0.505,1
GH04069,Upper East,Yam,2.62,31,5,1,1,0,2,0,1,0.596,3617,2905,0.7221,1
GH04070,Ashanti,Plantain,2.49,20,12,0,1,0,3,0,0,0.777,1075,678,0.5329,1
GH04071,Northern,Yam,4.28,10,8,0,1,0,0,0,0,0.579,4860,1473,0.6147,1
GH04072,Upper West,Rice,1.67,41,7,0,0,0,3,0,0,0.628,1172,527,0.23,0
GH04073,Northern,Maize,0.69,32,9,0,1,0,1,0,1,0.6,133,161,0.4411,1
GH04074,Central,Plantain,3.82,28,7,1,0,0,1,0,0,0.864,1869,2017,0.7342,1
GH04075,Brong-Ahafo,Maize,4.98,26,9,1,1,0,0,0,1,0.606,1035,617,0.5011,1
GH04076,Upper East,Rice,3.42,8,3,1,1,0,2,0,1,0.571,2852,4028,0.7429,1
GH04077,Upper East,Maize,1.62,8,5,1,1,0,1,0,0,0.384,447,582,0.3931,0
GH04078,Volta,Cassava,3.79,21,7,1,1,0,2,1,1,0.696,1713,1067,0.899,1
GH04079,Central,Plantain,20.09,37,6,1,0,1,1,0,0,0.843,10432,7262,0.8521,1
GH04080,Upper West,Maize,1.98,20,4,1,0,0,2,0,0,0.687,664,346,0.5038,1
GH04081,Northern,Maize,0.73,3,5,1,0,0,0,0,1,0.658,198,212,0.5442,1
GH04082,Volta,Yam,1.21,35,5,1,0,1,0,0,1,0.757,1042,1189,0.7421,1
GH04083,Northern,Yam,2.82,18,4,1,1,0,0,0,1,0.605,3070,2379,0.4985,1
GH04084,Northern,Yam,0.59,25,5,1,1,0,2,0,0,0.615,647,766,0.585,0
GH04085,Northern,Yam,2.05,10,6,0,0,0,2,0,1,0.739,1949,2904,0.2298,0
GH04086,Upper West,Maize,2.38,2,9,0,0,0,0,0,1,0.501,842,871,0.1863,1
GH04087,Western,Cassava,5.34,29,7,0,0,0,1,1,1,0.782,2636,2845,0.3675,1
GH04088,Ashanti,Cassava,4.56,16,8,0,1,0,2,1,1,0.9,3106,2325,0.9351,1
GH04089,Ashanti,Cocoa,3.34,22,9,0,1,0,1,0,0,0.807,2048,640,0.5911,0
GH04090,Western,Plantain,0.4,16,5,0,1,0,3,0,0,1.0,236,341,0.7395,1
GH04091,Northern,Rice,3.47,24,5,1,0,0,3,0,1,0.69,2687,3296,0.5357,1
GH04092,Northern,Maize,2.99,3,3,1,0,0,2,0,1,0.707,874,992,0.6314,1
GH04093,Greater Accra,Maize,2.18,37,10,0,1,0,2,0,1,0.685,360,121,0.7937,1
GH04094,Ashanti,Plantain,0.54,10,3,1,0,0,2,0,0,0.91,390,472,0.7119,1
GH04095,Upper West,Yam,1.06,3,7,1,0,0,1,0,1,0.542,1136,1254,0.4166,1
GH04096,Upper West,Yam,0.81,3,5,1,0,1,1,1,1,0.667,983,966,0.7886,0
GH04097,Central,Plantain,0.44,19,10,1,0,0,0,1,1,0.821,161,169,0.5898,0
GH04098,Central,Maize,1.82,18,5,0,1,0,3,0,1,0.808,522,732,0.7523,1
GH04099,Volta,Maize,1.04,9,8,1,0,0,2,1,0,0.642,278,100,0.5699,0
GH04100,Ashanti,Plantain,11.45,35,4,1,1,0,0,1,1,0.687,4550,2222,0.7913,1
GH04101,Volta,Maize,1.62,35,5,1,0,0,2,0,1,0.742,565,776,0.4369,0
GH04102,Brong-Ahafo,Maize,4.51,6,6,0,1,1,1,0,0,0.706,1288,399,0.5722,0
GH04103,Northern,Maize,0.61,30,13,0,0,0,2,1,0,0.543,167,231,0.3928,1
GH04104,Western,Plantain,1.26,29,6,1,1,0,1,0,1,0.715,714,240,0.7428,0
GH04105,Upper East,Yam,1.95,17,10,0,1,0,2,0,1,0.371,1630,2013,0.6267,0
GH04106,Eastern,Cocoa,0.96,15,8,1,0,0,0,0,0,0.877,699,957,0.7108,0
GH04107,Upper East,Rice,1.36,3,8,0,0,0,2,1,1,0.565,1121,1160,0.5236,1
GH04108,Central,Cassava,1.56,41,5,0,1,0,1,1,0,0.792,841,900,0.8208,1
GH04109,Brong-Ahafo,Maize,1.55,5,5,0,1,0,0,0,1,0.747,518,187,0.5402,1
GH04110,Western,Plantain,6.68,32,4,1,0,0,2,0,1,0.931,3081,1704,0.8045,1
GH04111,Upper West,Rice,2.37,27,11,1,0,0,2,0,1,0.632,1716,2367,0.6349,1
GH04112,Upper East,Rice,2.55,28,10,1,0,0,3,0,1,0.55,1812,2335,0.6007,1
GH04113,Central,Maize,2.66,35,7,1,1,0,2,0,1,0.961,641,238,0.8919,1
GH04114,Ashanti,Cocoa,2.8,32,5,1,1,0,2,1,0,0.784,2411,3075,0.839,1
GH04115,Ashanti,Cocoa,1.72,12,4,1,0,0,3,1,1,0.722,1196,967,0.663,1
GH04116,Northern,Maize,1.46,9,12,1,0,0,2,1,0,0.623,488,475,0.5447,1
GH04117,Upper West,Maize,2.05,13,3,0,0,0,2,0,0,0.57,600,258,0.3172,0
GH04118,Northern,Rice,4.09,36,8,1,0,0,2,1,1,0.711,2734,2128,0.8807,1
GH04119,Volta,Maize,4.01,35,5,0,0,0,3,0,0,0.688,777,639,0.4799,1
GH04120,Ashanti,Plantain,1.54,14,5,0,0,1,2,0,0,0.812,551,608,0.8698,1
GH04121,Eastern,Cassava,3.12,28,8,0,1,0,2,0,1,0.746,1346,1466,0.8607,0
GH04122,Brong-Ahafo,Yam,1.59,9,3,0,1,1,0,1,1,0.815,1930,1850,0.6316,1
GH04123,Eastern,Plantain,1.87,22,5,0,1,0,2,0,0,0.836,1188,401,0.7892,1
GH04124,Ashanti,Cocoa,1.31,12,10,0,1,0,1,1,0,0.813,942,465,0.6053,1
GH04125,Western,Cassava,1.6,23,7,1,0,0,0,0,0,0.828,996,490,0.6402,1
GH04126,Brong-Ahafo,Rice,4.66,22,8,1,1,0,2,0,0,0.748,3356,4582,0.8705,0
GH04127,Western,Cocoa,1.94,29,8,0,0,0,2,0,0,0.745,1197,1654,0.3696,1
GH04128,Eastern,Cassava,2.0,4,3,1,0,1,1,0,1,0.908,1212,1537,0.6488,1
GH04129,Western,Cocoa,0.66,8,4,1,0,0,1,0,0,0.948,481,245,0.6698,1
GH04130,Northern,Yam,1.47,15,6,0,1,0,1,0,0,0.638,1699,2223,0.4236,1
GH04131,Western,Cassava,1.54,16,5,1,1,0,0,0,0,0.835,817,429,0.3628,1
GH04132,Ashanti,Cocoa,1.02,10,5,0,0,0,1,0,1,0.755,666,643,0.5987,1
GH04133,Upper West,Yam,1.85,8,8,1,0,0,0,1,0,0.748,1784,2106,0.5686,1
GH04134,Volta,Cassava,1.35,13,2,0,0,0,1,0,0,0.899,752,272,0.4488,1
GH04135,Brong-Ahafo,Yam,1.93,20,7,1,0,0,2,0,0,0.782,2039,2075,0.5881,0
GH04136,Ashanti,Cassava,1.98,28,2,0,1,0,0,0,1,0.881,846,509,0.9055,1
GH04137,Eastern,Cocoa,0.93,19,3,1,1,0,0,0,0,0.933,640,574,0.8257,1
GH04138,Western,Cassava,1.38,14,5,0,1,0,3,1,1,0.922,504,383,0.6936,1
GH04139,Northern,Rice,1.92,2,8,1,0,0,2,1,0,0.567,1447,1626,0.5078,0
GH04140,Northern,Rice,4.17,39,3,1,0,0,0,0,0,0.61,2756,2445,0.7334,1
GH04141,Brong-Ahafo,Maize,2.18,22,6,1,0,1,0,1,1,0.767,236,156,0.8738,1
GH04142,Ashanti,Cocoa,1.15,35,7,1,0,0,2,1,1,0.851,1170,1629,0.6071,0
GH04143,Upper West,Maize,2.41,14,4,0,0,0,1,1,1,0.65,565,820,0.4441,0
GH04144,Ashanti,Cassava,6.02,24,6,1,0,0,2,0,0,0.866,2566,3239,0.5002,1
GH04145,Northern,Rice,3.46,2,9,1,0,0,1,1,1,0.655,3712,3700,0.6641,0
GH04146,Volta,Yam,2.67,24,6,1,0,0,3,0,1,0.542,2060,2804,0.4944,0
GH04147,Brong-Ahafo,Cassava,3.03,29,4,0,1,0,2,0,0,0.874,1129,1154,0.8471,1
GH04148,Upper East,Rice,4.99,33,7,1,0,0,0,0,0,0.652,3876,1855,0.7098,1
GH04149,Ashanti,Maize,3.87,9,6,1,1,1,1,0,0,0.931,968,311,0.7604,1
GH04150,Northern,Maize,2.71,27,2,0,1,0,2,1,1,0.577,656,768,0.5633,0
GH04151,Brong-Ahafo,Rice,3.85,15,3,0,1,0,0,1,0,0.603,2546,3063,0.4974,1
GH04152,Upper East,Yam,0.85,25,4,0,0,1,0,1,1,0.571,824,1163,0.6596,1
GH04153,Central,Maize,0.64,30,3,0,1,0,0,0,0,0.827,236,304,0.7394,1
GH04154,Greater Accra,Maize,2.03,5,4,1,0,0,2,1,0,0.78,382,408,0.6358,0
GH04155,Northern,Rice,1.91,19,5,0,0,0,2,0,0,0.745,1807,955,0.132,0
GH04156,Brong-Ahafo,Yam,1.25,15,5,0,1,1,0,0,1,0.697,1646,1667,0.7548,1
GH04157,Upper West,Rice,3.25,28,9,0,0,0,2,0,0,0.602,2303,1892,0.1618,0
GH04158,Central,Maize,0.49,4,6,1,0,0,2,0,0,0.77,146,100,0.2205,1
GH04159,Upper East,Yam,1.25,31,9,0,0,0,3,0,1,0.807,1229,1547,0.6814,1
GH04160,Brong-Ahafo,Maize,1.3,37,6,1,1,0,2,1,0,0.658,237,114,0.6743,0
GH04161,Upper East,Yam,0.58,24,3,0,0,1,3,0,0,0.632,727,768,0.553,1
GH04162,Brong-Ahafo,Yam,5.19,19,6,1,1,0,3,1,1,0.654,5268,5441,0.8486,1
GH04163,Eastern,Cocoa,0.7,41,8,1,0,0,1,0,0,0.862,442,294,0.5321,1
GH04164,Brong-Ahafo,Cassava,1.21,11,4,1,1,0,2,0,0,0.704,442,360,0.6905,1
GH04165,Upper West,Rice,3.44,13,3,1,0,0,1,0,0,0.698,3077,1354,0.4145,1
GH04166,Brong-Ahafo,Rice,2.86,9,5,0,1,0,2,1,0,0.823,2387,789,0.6799,0
GH04167,Volta,Maize,0.84,33,5,0,0,0,0,0,1,0.752,261,100,0.4643,0
GH04168,Volta,Cassava,2.94,18,5,0,0,0,2,0,1,0.669,1715,873,0.4265,1
GH04169,Brong-Ahafo,Cassava,2.23,15,3,1,1,1,0,0,0,0.776,980,1314,0.6703,1
GH04170,Northern,Rice,9.33,38,4,0,1,0,1,0,0,0.611,2388,2214,0.5314,0
GH04171,Ashanti,Maize,2.42,10,7,0,1,0,1,0,0,0.831,657,289,0.6741,0
GH04172,Eastern,Cocoa,1.65,27,5,1,1,0,3,0,1,0.763,1123,1557,0.7668,0
GH04173,Upper East,Rice,1.0,25,7,0,0,0,0,1,0,0.677,837,822,0.2815,0
GH04174,Upper East,Yam,1.08,24,6,1,0,0,3,0,1,0.662,1419,473,0.5477,0
GH04175,Northern,Rice,1.02,32,6,1,1,0,0,0,0,0.525,818,994,0.5366,1
GH04176,Central,Cassava,4.76,40,4,1,1,1,2,1,0,0.822,2845,2470,0.8917,1
GH04177,Eastern,Plantain,1.85,3,6,1,0,1,1,0,1,0.821,1003,942,0.7521,0
GH04178,Ashanti,Cassava,2.71,19,2,1,0,0,1,0,1,0.895,1029,1066,0.6047,1
GH04179,Upper East,Maize,5.26,17,5,1,0,0,3,1,0,0.51,1083,448,0.5491,1
GH04180,Northern,Yam,0.35,30,6,0,0,1,1,1,0,0.652,434,624,0.6767,1
GH04181,Upper East,Yam,4.46,12,4,1,0,0,1,0,1,0.673,3705,2247,0.6206,1
GH04182,Brong-Ahafo,Rice,1.89,3,4,1,1,0,2,0,1,0.77,1644,1720,0.6293,1
GH04183,Central,Cassava,2.47,15,4,0,0,0,2,1,1,0.691,1031,1368,0.736,1
GH04184,Central,Cassava,1.02,5,3,1,0,0,3,1,1,0.8,615,429,0.8193,1
GH04185,Ashanti,Cassava,1.07,40,5,0,1,0,2,0,0,0.887,590,621,0.806,0
GH04186,Central,Cassava,2.57,35,11,1,1,1,2,1,1,0.902,1269,1887,0.9277,1
GH04187,Upper West,Maize,9.67,40,5,1,0,1,1,0,0,0.41,3041,4021,0.6495,1
GH04188,Volta,Yam,3.68,10,6,1,0,0,2,1,0,0.766,3902,4820,0.484,0
GH04189,Northern,Rice,4.42,41,7,0,0,0,2,0,1,0.711,3063,2534,0.3842,0
GH04190,Eastern,Maize,1.59,8,7,1,0,1,1,0,0,0.808,442,372,0.5908,1
GH04191,Ashanti,Cassava,1.2,18,10,1,1,0,2,1,0,0.867,714,630,0.7823,1
GH04192,Volta,Maize,1.05,24,9,0,0,0,1,0,0,0.895,356,402,0.4113,1
GH04193,Ashanti,Cassava,1.29,12,8,0,0,0,2,0,1,0.812,660,312,0.4722,0
GH04194,Western,Plantain,0.43,23,10,1,1,0,1,0,1,0.874,294,392,0.8788,1
GH04195,Greater Accra,Maize,1.1,19,4,0,1,0,1,0,0,0.74,260,100,0.7896,1
GH04196,Central,Cassava,1.23,29,6,1,1,0,2,0,1,0.789,445,224,0.6784,0
GH04197,Western,Plantain,1.61,17,9,1,1,1,0,0,0,0.823,582,511,0.7759,0
GH04198,Ashanti,Cassava,2.0,5,7,1,1,1,0,0,1,0.883,1048,631,0.7862,1
GH04199,Northern,Yam,2.35,37,11,1,1,0,0,0,1,0.575,2374,1754,0.7748,0
GH04200,Northern,Rice,1.8,23,3,1,0,0,0,0,0,0.734,1495,1045,0.7514,1
GH04201,Brong-Ahafo,Rice,1.21,12,5,1,0,0,1,0,1,0.663,849,529,0.8224,0
GH04202,Eastern,Plantain,0.46,22,11,1,1,0,2,0,1,0.876,335,253,0.8359,0
GH04203,Upper East,Maize,1.22,41,5,1,0,0,1,0,1,0.609,441,400,0.6307,1
GH04204,Upper East,Yam,0.92,17,7,1,1,0,1,1,1,0.606,715,623,0.6884,1
GH04205,Ashanti,Cocoa,2.53,10,2,0,1,0,2,0,1,0.914,1749,2229,0.9127,1
GH04206,Western,Cassava,3.44,36,7,0,1,0,2,0,0,0.781,1824,1222,0.5812,1
GH04207,Brong-Ahafo,Yam,3.51,35,10,1,1,0,0,0,0,0.713,4023,2568,0.793,1
GH04208,Brong-Ahafo,Cassava,3.1,10,5,0,0,0,2,1,1,0.703,1131,1024,0.5374,1
GH04209,Brong-Ahafo,Cassava,1.66,14,2,1,0,0,3,0,0,0.781,573,205,0.4,0
GH04210,Ashanti,Cocoa,1.26,7,2,1,1,0,0,0,0,0.825,672,292,0.842,1
GH04211,Brong-Ahafo,Cassava,1.08,5,9,1,1,0,2,1,0,0.849,738,933,0.4895,0
GH04212,Western,Cassava,0.63,29,7,1,1,0,0,0,0,0.871,287,256,0.4176,1
GH04213,Central,Plantain,3.65,12,3,0,1,0,0,1,1,0.905,2137,812,0.824,1
GH04214,Ashanti,Maize,1.61,35,3,0,1,0,1,0,1,0.749,499,413,0.6812,1
GH04215,Ashanti,Plantain,0.76,36,8,1,1,0,2,0,1,0.857,369,287,0.8554,1
GH04216,Upper East,Maize,1.02,6,8,1,0,0,2,0,0,0.71,330,196,0.428,1
GH04217,Volta,Cassava,0.99,40,3,1,0,0,1,0,0,0.672,392,293,0.6983,0
GH04218,Brong-Ahafo,Rice,1.88,12,5,1,0,0,1,0,0,0.603,1379,725,0.425,0
GH04219,Ashanti,Maize,3.85,13,8,0,0,0,1,0,0,0.816,595,499,0.5555,0
GH04220,Brong-Ahafo,Cassava,1.43,20,6,1,1,0,1,0,1,0.712,765,605,0.8267,1
GH04221,Ashanti,Plantain,0.38,14,10,1,1,0,3,1,0,0.714,161,166,0.882,0
GH04222,Ashanti,Cocoa,1.6,5,6,0,1,0,2,1,1,0.878,1623,2322,0.85,1
GH04223,Eastern,Plantain,1.63,15,7,1,0,1,2,0,0,0.745,831,434,0.6238,1
GH04224,Brong-Ahafo,Cassava,1.56,3,6,0,1,0,1,0,1,0.903,953,763,0.7008,1
GH04225,Northern,Maize,1.17,9,10,1,0,0,3,0,1,0.628,367,358,0.5797,0
GH04226,Brong-Ahafo,Rice,2.12,23,5,1,1,0,2,0,1,0.734,1691,1617,0.8164,1
GH04227,Western,Cocoa,1.91,14,4,1,0,0,0,0,0,0.794,1615,1766,0.3395,0
GH04228,Volta,Cassava,1.79,22,5,1,1,0,1,0,0,0.797,946,588,0.7918,1
GH04229,Northern,Maize,2.43,22,9,0,0,0,1,0,1,0.488,738,783,0.47,0
GH04230,Central,Cassava,1.35,29,6,1,0,0,3,0,1,0.643,1043,565,0.862,0
GH04231,Eastern,Cocoa,1.3,34,5,0,1,0,1,0,1,0.711,953,429,0.8191,1
GH04232,Eastern,Plantain,4.79,30,6,1,1,0,0,0,1,0.916,2159,2802,0.8305,1
GH04233,Upper East,Rice,2.7,38,3,0,0,0,1,1,1,0.511,1877,1630,0.5727,1
GH04234,Eastern,Maize,3.25,23,2,0,0,1,1,0,0,0.65,887,689,0.401,0
GH04235,Volta,Maize,4.3,27,4,1,1,0,2,0,0,0.723,1221,1727,0.9006,1
GH04236,Western,Cocoa,2.63,12,6,1,1,0,1,0,0,1.0,1878,2163,0.5927,1
GH04237,Central,Plantain,3.49,12,7,0,0,0,0,0,1,0.937,1202,1337,0.2545,1
GH04238,Northern,Maize,0.6,35,8,1,0,0,0,0,0,0.551,91,100,0.6027,0
GH04239,Ashanti,Cassava,2.1,20,10,0,0,0,1,0,1,0.75,889,490,0.4887,0
GH04240,Brong-Ahafo,Yam,1.6,38,5,1,0,0,1,0,1,0.686,1632,1436,0.7086,1
GH04241,Eastern,Cocoa,5.9,15,7,0,1,0,2,0,1,0.762,4216,4565,0.7057,1
GH04242,Brong-Ahafo,Yam,3.49,30,3,1,1,0,1,0,0,0.794,3838,2972,0.6253,1
GH04243,Volta,Cassava,1.17,20,3,0,0,0,0,0,0,0.753,659,248,0.4615,0
GH04244,Brong-Ahafo,Maize,2.37,38,3,1,0,0,2,1,0,0.641,592,663,0.6831,0
GH04245,Eastern,Plantain,2.05,22,5,0,0,0,3,0,1,0.718,822,1010,0.4892,0
GH04246,Northern,Rice,2.5,25,4,1,1,0,2,0,0,0.819,2236,3205,0.8652,1
GH04247,Upper East,Maize,0.89,27,4,1,0,0,1,1,0,0.624,258,204,0.704,1
GH04248,Eastern,Cassava,2.34,13,7,0,1,0,2,0,1,0.747,960,585,0.3067,0
GH04249,Volta,Cassava,1.55,20,5,0,1,0,0,0,1,0.877,915,1291,0.6822,1
GH04250,Northern,Rice,2.22,31,6,0,0,0,3,0,0,0.543,2142,2481,0.5879,1
GH04251,Eastern,Cassava,1.1,16,5,1,0,0,3,0,0,0.804,669,252,0.4119,0
GH04252,Ashanti,Maize,1.21,4,4,0,1,0,2,1,0,0.745,401,399,0.5047,0
GH04253,Greater Accra,Cassava,4.14,14,3,1,0,0,1,0,1,0.88,1847,617,0.7981,1
GH04254,Volta,Maize,0.87,10,4,0,1,0,0,0,1,0.655,283,162,0.4789,0
GH04255,Northern,Rice,0.92,14,3,1,1,0,3,0,0,0.645,722,278,0.3717,0
GH04256,Volta,Yam,1.76,17,6,1,0,0,2,0,0,0.61,2500,1365,0.6816,0
GH04257,Greater Accra,Maize,1.06,15,8,0,1,0,1,0,1,0.785,347,308,0.6018,0
GH04258,Ashanti,Plantain,0.98,9,5,1,0,1,0,1,0,0.932,536,353,0.7575,1
GH04259,Ashanti,Cassava,1.96,20,5,0,0,0,2,0,1,0.897,1382,561,0.5696,0
GH04260,Central,Cassava,0.64,33,8,1,1,0,3,0,1,0.784,302,265,0.8975,1
GH04261,Upper East,Maize,0.9,36,4,0,0,0,2,0,1,0.443,277,319,0.3052,0
GH04262,Upper West,Yam,7.67,24,3,0,1,0,0,0,0,0.435,11188,4070,0.6073,0
GH04263,Central,Plantain,2.51,22,6,0,1,0,1,0,1,0.899,1471,1999,0.8401,1
GH04264,Greater Accra,Maize,1.08,19,7,1,0,0,0,1,0,0.837,309,335,0.4428,0
GH04265,Eastern,Plantain,2.44,15,6,0,0,0,3,1,0,0.856,1163,1074,0.4798,0
GH04266,Eastern,Plantain,2.71,17,7,1,1,0,1,0,0,0.96,1101,854,0.8802,1
GH04267,Brong-Ahafo,Yam,3.65,25,3,0,1,0,2,0,1,0.762,3466,2676,0.8284,1
GH04268,Brong-Ahafo,Cassava,1.67,33,5,1,1,0,0,1,0,0.798,733,515,0.7081,0
GH04269,Brong-Ahafo,Yam,3.61,12,4,0,1,0,0,1,0,0.638,3471,1523,0.4221,0
GH04270,Ashanti,Plantain,0.44,12,8,0,1,0,2,1,1,0.955,217,100,0.7794,0
GH04271,Brong-Ahafo,Cassava,0.87,5,9,1,1,0,2,0,1,0.767,547,367,0.7299,1
GH04272,Ashanti,Maize,2.04,27,4,0,1,0,1,0,0,0.7,520,572,0.5973,0
GH04273,Northern,Maize,2.3,6,3,1,0,0,1,0,1,0.632,562,363,0.8113,1
GH04274,Central,Maize,0.96,37,4,0,1,0,2,0,1,0.95,314,400,0.8427,0
GH04275,Western,Plantain,2.18,34,3,0,1,0,2,0,0,1.0,1252,947,0.6385,1
GH04276,Brong-Ahafo,Maize,1.18,15,5,1,0,0,2,0,0,0.652,312,330,0.6669,0
GH04277,Central,Plantain,1.5,33,6,1,1,0,0,1,1,0.944,847,693,0.8714,1
GH04278,Central,Cassava,3.73,8,11,0,0,0,2,0,1,0.867,1856,1666,0.3978,0
GH04279,Ashanti,Plantain,3.44,11,5,1,1,0,3,0,1,0.904,1660,996,0.8762,1
GH04280,Volta,Cassava,0.91,3,4,1,1,0,3,0,1,0.802,626,574,0.8728,0
GH04281,Ashanti,Maize,0.87,11,4,1,1,1,2,0,1,0.814,235,102,0.8404,0
GH04282,Western,Cassava,1.37,36,4,1,1,0,3,1,1,0.946,661,505,0.8452,1
GH04283,Volta,Yam,1.79,22,4,1,0,0,0,0,1,0.61,1811,1518,0.5877,1
GH04284,Northern,Yam,1.15,41,8,1,1,0,1,1,0,0.664,704,806,0.6612,1
GH04285,Northern,Yam,3.78,9,3,1,0,0,2,0,1,0.541,3682,2873,0.5742,1
GH04286,Upper East,Rice,2.32,19,13,1,0,0,0,1,1,0.548,1975,2170,0.6507,1
GH04287,Eastern,Cocoa,2.42,10,6,1,1,0,3,0,0,0.835,2384,1215,0.4406,0
GH04288,Upper East,Yam,0.75,31,6,1,0,0,1,0,1,0.504,770,254,0.6431,1
GH04289,Ashanti,Maize,4.13,5,5,0,0,0,1,1,0,0.718,1246,1130,0.4229,0
GH04290,Ashanti,Cassava,0.3,36,7,0,0,0,1,1,0,0.703,168,146,0.4763,0
GH04291,Eastern,Cassava,3.27,15,6,1,0,1,1,0,0,0.768,2496,2755,0.4488,1
GH04292,Northern,Yam,3.5,15,5,0,1,0,2,0,1,0.676,4236,2865,0.4559,0
GH04293,Volta,Maize,1.35,38,4,0,0,0,1,1,1,0.799,266,100,0.8631,1
GH04294,Ashanti,Cocoa,4.44,21,10,1,0,0,1,1,1,0.773,3903,4560,0.8104,1
GH04295,Volta,Maize,1.74,30,5,1,1,0,2,0,1,0.836,392,561,0.9046,1
GH04296,Brong-Ahafo,Cassava,1.9,24,5,1,1,0,0,0,0,0.826,867,670,0.5853,0
GH04297,Eastern,Cocoa,2.31,22,5,0,1,0,2,0,0,0.95,1206,1246,0.8585,1
GH04298,Central,Maize,16.96,32,3,1,1,0,1,0,0,0.648,6422,6124,0.8281,1
GH04299,Eastern,Cocoa,4.67,33,4,0,1,0,2,0,1,0.86,4077,3992,0.6818,1
GH04300,Brong-Ahafo,Rice,2.98,8,4,0,0,0,1,0,0,0.799,3008,4033,0.2618,1
GH04301,Northern,Maize,0.96,14,7,1,0,0,2,1,1,0.478,322,381,0.4318,0
GH04302,Upper West,Rice,2.01,24,5,1,0,0,2,0,0,0.803,1853,2268,0.462,1
GH04303,Eastern,Maize,1.03,9,8,1,0,1,3,1,1,0.714,268,109,0.6541,1
GH04304,Greater Accra,Maize,3.24,13,7,1,1,0,1,1,0,0.859,936,446,0.8616,1
GH04305,Volta,Maize,2.01,37,4,1,0,0,2,1,1,0.804,500,548,0.9507,1
GH04306,Upper East,Maize,0.83,17,6,0,0,0,1,0,1,0.573,191,181,0.3421,1
GH04307,Greater Accra,Maize,1.93,27,7,0,1,0,3,0,0,0.926,467,574,0.6743,1
GH04308,Brong-Ahafo,Yam,1.01,30,7,1,0,0,2,0,0,0.91,1497,616,0.3687,1
GH04309,Volta,Yam,2.03,30,6,1,1,0,1,1,0,0.661,1890,1852,0.6663,1
GH04310,Northern,Rice,1.0,7,7,1,0,0,1,0,1,0.644,972,859,0.2606,1
GH04311,Brong-Ahafo,Cassava,1.86,38,3,1,0,0,1,0,1,0.853,1382,1832,0.8151,1
GH04312,Brong-Ahafo,Maize,3.08,34,7,0,0,0,2,0,1,0.599,988,518,0.7891,1
GH04313,Upper West,Maize,1.76,32,4,1,0,0,2,0,0,0.675,411,295,0.4144,1
GH04314,Ashanti,Cassava,1.39,19,6,0,0,0,3,1,1,0.952,622,299,0.665,0
GH04315,Western,Cassava,2.1,39,4,0,0,0,2,0,0,0.943,1129,951,0.5781,1
GH04316,Brong-Ahafo,Rice,2.97,32,8,1,0,0,2,0,0,0.785,3492,4741,0.716,1
GH04317,Upper West,Yam,0.84,17,6,1,0,0,1,0,0,0.733,1088,1202,0.4937,1
GH04318,Eastern,Maize,2.19,41,7,1,1,0,2,1,0,0.794,673,803,0.952,1
GH04319,Greater Accra,Cassava,4.58,38,8,1,1,0,1,0,0,0.759,2306,950,0.6882,1
GH04320,Volta,Maize,2.72,15,9,1,0,0,2,1,1,0.688,812,684,0.7851,0
GH04321,Eastern,Maize,1.9,40,7,0,1,1,0,0,1,0.745,547,715,0.7052,0
GH04322,Northern,Rice,2.85,5,3,0,0,0,0,0,1,0.63,2393,3123,0.1824,0
GH04323,Ashanti,Plantain,2.5,31,9,0,1,0,2,0,1,0.817,1039,1544,0.8557,1
GH04324,Ashanti,Plantain,3.09,34,6,0,1,0,3,0,1,0.798,1279,1191,0.9076,1
GH04325,Brong-Ahafo,Yam,0.44,37,6,0,0,0,2,0,0,0.768,473,143,0.5701,1
GH04326,Upper East,Rice,0.61,31,10,1,1,0,2,0,1,0.705,380,524,0.6474,1
GH04327,Brong-Ahafo,Cassava,3.68,15,4,0,1,0,2,0,0,0.797,1690,2446,0.4449,1
GH04328,Ashanti,Cassava,0.64,24,4,0,1,0,1,0,0,0.865,338,478,0.7013,1
GH04329,Eastern,Cassava,2.41,29,6,1,0,0,0,0,0,0.639,1349,1654,0.2454,0
GH04330,Upper East,Rice,1.42,8,8,0,0,0,3,0,1,0.595,1407,780,0.5128,0
GH04331,Upper East,Rice,0.91,11,5,0,0,0,3,0,0,0.672,552,258,0.3068,0
GH04332,Brong-Ahafo,Cassava,2.33,5,7,1,1,0,1,0,0,0.88,917,1046,0.5943,0
GH04333,Ashanti,Plantain,2.1,39,5,0,0,0,1,0,1,0.917,1335,625,0.4842,1
GH04334,Western,Cassava,7.98,14,6,1,1,0,3,0,0,0.864,5594,8078,0.6085,1
GH04335,Brong-Ahafo,Cassava,1.18,22,8,1,1,0,2,0,1,0.813,490,409,0.7616,0
GH04336,Volta,Cassava,4.99,34,4,1,0,0,0,0,1,0.726,2177,734,0.7085,1
GH04337,Volta,Cassava,2.33,41,7,1,1,0,0,0,1,0.848,1357,652,0.8019,1
GH04338,Upper West,Rice,1.15,29,8,1,0,1,3,0,1,0.557,941,610,0.807,1
GH04339,Brong-Ahafo,Yam,3.19,24,5,1,1,0,0,1,0,0.804,3252,3722,0.7893,1
GH04340,Volta,Yam,2.71,33,5,0,1,1,1,1,1,0.753,2305,2731,0.8904,1
GH04341,Upper West,Rice,1.87,6,2,1,0,0,2,0,1,0.611,1733,963,0.318,0
GH04342,Northern,Yam,2.2,27,8,1,0,0,1,0,0,0.715,2112,2277,0.4575,1
GH04343,Central,Maize,1.2,40,5,1,0,0,1,0,0,0.835,315,107,0.829,0
GH04344,Brong-Ahafo,Yam,1.02,27,5,1,0,0,1,0,1,0.773,796,337,0.7679,0
GH04345,Brong-Ahafo,Yam,3.1,4,5,1,1,0,1,0,0,0.71,3619,3409,0.6703,1
GH04346,Northern,Yam,1.56,25,6,1,0,0,2,0,1,0.763,1459,1670,0.5789,1
GH04347,Northern,Maize,1.72,35,7,1,0,1,2,0,0,0.642,473,661,0.5242,0
GH04348,Central,Maize,2.22,35,8,1,0,0,1,0,0,0.85,763,630,0.5643,1
GH04349,Greater Accra,Maize,2.19,21,5,1,1,0,1,0,1,0.821,480,213,0.8427,0
GH04350,Eastern,Cassava,0.67,31,7,0,0,0,0,1,1,0.76,346,490,0.32,0
GH04351,Upper East,Yam,4.48,21,7,1,1,0,0,0,0,0.613,3109,2565,0.8192,1
GH04352,Volta,Cassava,1.98,19,5,0,0,0,2,0,1,0.732,931,835,0.6906,1
GH04353,Brong-Ahafo,Rice,1.58,39,3,1,0,0,0,0,1,0.785,1610,2134,0.8249,0
GH04354,Eastern,Cocoa,2.46,21,9,1,0,0,1,0,1,0.574,1201,1205,0.6502,1
GH04355,Brong-Ahafo,Rice,2.15,7,7,1,0,0,2,0,1,0.718,1824,1207,0.5853,1
GH04356,Northern,Rice,3.12,26,7,0,0,0,1,0,1,0.634,3338,3168,0.5177,1
GH04357,Upper East,Yam,2.66,4,3,1,1,0,1,0,1,0.509,2976,3124,0.5548,1
GH04358,Western,Cocoa,3.01,20,8,0,0,0,3,0,1,0.889,1876,2566,0.8398,1
GH04359,Brong-Ahafo,Cassava,4.69,11,6,1,0,0,3,0,0,0.746,1915,1114,0.5577,0
GH04360,Western,Cocoa,3.38,6,8,1,1,0,3,1,0,0.86,1465,1423,0.7368,1
GH04361,Ashanti,Plantain,1.63,23,11,0,1,0,2,0,1,0.781,1078,1514,0.6197,1
GH04362,Northern,Yam,0.83,10,10,1,0,0,3,0,1,0.713,766,272,0.4362,1
GH04363,Ashanti,Plantain,5.86,34,9,1,0,0,2,1,1,0.869,1889,1008,0.8767,1
GH04364,Volta,Cassava,1.54,16,2,1,1,0,1,0,0,0.804,643,460,0.6329,0
GH04365,Northern,Maize,1.31,25,9,1,1,0,2,0,0,0.62,285,318,0.6239,1
GH04366,Upper East,Maize,0.54,31,3,1,0,0,0,0,0,0.767,135,177,0.7211,0
GH04367,Volta,Cassava,2.31,37,9,1,1,0,2,0,1,0.767,1792,966,0.8881,1
GH04368,Brong-Ahafo,Yam,2.02,40,4,1,1,0,1,0,0,0.694,2412,1438,0.6238,1
GH04369,Ashanti,Plantain,0.63,7,6,0,1,0,1,0,0,0.731,348,448,0.6692,1
GH04370,Volta,Yam,2.5,16,2,1,0,1,0,0,1,0.822,3124,1493,0.5167,0
GH04371,Central,Cassava,1.29,39,8,0,1,1,1,0,0,0.97,926,568,0.5875,0
GH04372,Brong-Ahafo,Cassava,11.98,40,3,1,0,0,2,1,1,0.712,6954,8200,0.8285,1
GH04373,Greater Accra,Maize,1.22,23,5,0,1,0,2,0,1,0.792,436,218,0.7376,1
GH04374,Northern,Yam,1.34,4,8,0,0,0,1,0,1,0.606,1178,1524,0.3061,0
GH04375,Ashanti,Maize,0.99,30,7,1,1,0,2,1,1,0.755,227,202,0.8796,1
GH04376,Brong-Ahafo,Maize,4.46,30,2,1,1,1,2,0,0,0.589,982,822,0.7758,1
GH04377,Ashanti,Cocoa,1.4,32,5,1,1,0,2,1,0,0.9,1046,484,0.6155,1
GH04378,Eastern,Maize,1.1,3,2,1,0,0,1,1,1,0.86,145,162,0.6666,1
GH04379,Volta,Yam,2.99,36,7,1,0,1,2,1,1,0.598,3812,5187,0.6406,1
GH04380,Western,Cocoa,0.69,10,11,0,1,0,2,0,1,1.0,439,496,0.6606,1
GH04381,Northern,Rice,2.82,23,7,1,0,0,3,0,0,0.764,2662,1811,0.3971,0
GH04382,Brong-Ahafo,Yam,6.34,20,4,1,0,0,0,0,1,0.504,4612,5251,0.6497,1
GH04383,Volta,Maize,2.71,38,5,1,0,0,1,0,0,0.556,919,838,0.7562,0
GH04384,Northern,Maize,2.85,11,11,0,1,0,0,0,0,0.604,1010,1338,0.1949,0
GH04385,Brong-Ahafo,Rice,3.35,22,4,1,0,0,1,0,0,0.855,2769,2358,0.314,1
GH04386,Western,Cassava,6.03,18,6,1,0,0,1,1,1,0.863,3500,2047,0.734,0
GH04387,Upper West,Maize,4.25,4,5,1,0,0,3,0,1,0.592,937,395,0.7009,0
GH04388,Upper East,Yam,2.48,8,8,1,0,0,2,0,1,0.631,2523,1608,0.527,0
GH04389,Upper East,Rice,3.43,38,9,0,0,0,1,0,1,0.52,3319,3240,0.3953,1
GH04390,Brong-Ahafo,Maize,0.98,37,5,0,1,0,2,0,0,0.832,255,129,0.5292,0
GH04391,Brong-Ahafo,Rice,3.14,4,7,0,0,0,0,0,1,0.742,3320,1154,0.5072,0
GH04392,Upper East,Rice,0.9,14,6,1,0,0,1,0,1,0.454,469,393,0.6732,1
GH04393,Brong-Ahafo,Yam,1.41,31,4,0,1,0,2,0,1,0.686,1328,952,0.4261,0
GH04394,Eastern,Plantain,0.3,24,4,1,1,0,2,0,0,0.855,93,100,0.7803,1
GH04395,Upper West,Yam,2.41,8,6,1,0,0,2,0,1,0.587,2583,2183,0.8271,1
GH04396,Upper West,Rice,1.16,31,4,1,0,0,1,0,0,0.579,900,1097,0.4212,0
GH04397,Eastern,Maize,3.97,30,8,1,1,0,1,1,0,0.781,1063,1545,0.7917,0
GH04398,Upper West,Maize,2.39,9,3,1,0,0,3,0,0,0.619,761,468,0.4887,1
GH04399,Volta,Cassava,4.0,11,3,1,0,0,3,1,0,0.682,1981,2835,0.61,0
GH04400,Upper East,Maize,0.85,34,5,1,1,0,1,1,1,0.663,368,211,0.8903,1
GH04401,Brong-Ahafo,Yam,3.77,21,3,1,0,0,2,0,1,0.74,4415,5324,0.8597,1
GH04402,Brong-Ahafo,Yam,7.96,30,6,0,0,1,1,0,0,0.784,8072,9021,0.3802,0
GH04403,Central,Plantain,3.11,30,5,0,0,0,1,1,0,0.858,1356,492,0.4883,1
GH04404,Ashanti,Plantain,3.17,22,7,1,1,0,2,0,1,0.792,1307,1529,0.8871,1
GH04405,Brong-Ahafo,Rice,2.05,2,10,0,1,0,2,1,1,0.823,1806,2495,0.7484,0
GH04406,Brong-Ahafo,Rice,1.26,35,8,0,1,0,2,0,1,0.756,913,1293,0.7552,1
GH04407,Eastern,Maize,3.1,33,4,0,0,0,2,1,0,0.771,1031,1157,0.7277,1
GH04408,Volta,Yam,0.63,15,10,1,1,1,2,1,0,0.551,625,777,0.7751,0
GH04409,Ashanti,Plantain,1.36,38,5,0,1,0,0,1,1,0.891,675,260,0.8442,1
GH04410,Upper East,Rice,0.53,36,6,1,1,0,2,0,1,0.571,439,217,0.6954,1
GH04411,Upper East,Yam,1.11,25,5,0,1,0,3,0,1,0.645,1085,667,0.6049,1
GH04412,Ashanti,Plantain,2.86,2,4,0,1,1,1,1,0,0.957,1521,1426,0.7437,0
GH04413,Western,Cocoa,2.6,7,9,0,0,0,0,1,0,0.926,2594,1981,0.4277,0
GH04414,Northern,Yam,1.89,5,5,1,0,0,3,0,0,0.639,2111,2298,0.5398,0
GH04415,Eastern,Maize,2.05,39,6,0,1,0,1,0,0,0.742,617,515,0.6942,1
GH04416,Upper West,Yam,0.49,2,4,1,0,0,1,0,1,0.812,572,704,0.2607,0
GH04417,Brong-Ahafo,Cassava,1.4,32,8,1,0,1,0,0,0,0.819,719,831,0.6388,1
GH04418,Upper East,Rice,1.13,37,8,1,1,0,0,0,0,0.602,739,884,0.636,1
GH04419,Ashanti,Cocoa,1.15,10,5,0,0,0,1,0,1,0.82,321,416,0.6949,1
GH04420,Volta,Maize,2.77,24,7,0,1,0,2,1,0,0.658,453,589,0.6378,0
GH04421,Eastern,Cocoa,1.0,32,7,0,1,0,2,0,1,0.679,811,1002,0.6959,1
GH04422,Northern,Yam,1.19,30,6,1,0,0,2,0,0,0.757,1288,488,0.5663,0
GH04423,Brong-Ahafo,Maize,0.42,22,6,1,0,0,2,1,0,0.668,113,118,0.7924,1
GH04424,Upper East,Yam,1.48,4,6,1,0,0,2,0,1,0.57,2197,711,0.3029,1
GH04425,Upper West,Rice,0.85,27,3,1,0,0,2,0,0,0.602,684,816,0.4122,1
GH04426,Greater Accra,Cassava,1.93,7,7,1,1,0,3,1,0,0.98,535,200,0.7229,1
GH04427,Northern,Maize,0.94,21,6,1,1,0,1,0,0,0.554,300,444,0.6001,1
GH04428,Eastern,Maize,1.96,14,5,1,1,0,0,0,1,0.786,670,695,0.5181,1
GH04429,Volta,Maize,1.65,24,9,0,0,0,1,1,0,0.771,524,272,0.7217,1
GH04430,Greater Accra,Maize,5.87,16,2,1,1,1,0,1,1,0.704,2012,1734,0.9043,0
GH04431,Volta,Yam,2.58,32,4,0,0,0,3,1,1,0.632,1685,2177,0.7457,0
GH04432,Upper West,Rice,0.5,5,3,1,0,0,1,0,1,0.553,413,213,0.7521,1
GH04433,Eastern,Cassava,0.75,12,2,1,1,0,2,0,1,0.834,328,310,0.7344,1
GH04434,Brong-Ahafo,Cassava,1.89,3,4,1,1,0,0,0,0,0.789,1096,334,0.7267,1
GH04435,Eastern,Cassava,0.95,17,12,1,1,0,2,0,1,0.805,650,810,0.7963,0
GH04436,Volta,Cassava,0.3,32,4,1,1,0,0,0,1,0.832,146,100,0.8999,1
GH04437,Brong-Ahafo,Maize,4.69,40,7,1,1,0,2,0,1,0.661,1471,1125,0.8723,1
GH04438,Northern,Yam,3.02,5,3,0,0,0,3,0,1,0.621,2511,2351,0.3661,1
GH04439,Upper West,Rice,2.62,29,6,0,0,0,1,0,1,0.601,2115,1002,0.5237,0
GH04440,Central,Cassava,1.19,17,12,1,0,0,1,0,0,0.774,560,791,0.4069,0
GH04441,Upper East,Rice,2.46,40,5,1,0,0,1,1,0,0.769,2710,2338,0.6353,1
GH04442,Brong-Ahafo,Yam,1.11,26,8,0,1,0,2,0,0,0.577,877,507,0.5434,1
GH04443,Ashanti,Cassava,2.1,14,13,0,1,0,1,0,0,0.914,1122,1326,0.5246,0
GH04444,Upper West,Maize,0.96,6,6,0,0,1,2,0,0,0.654,339,465,0.2866,1
GH04445,Ashanti,Cocoa,5.27,31,5,0,1,0,1,0,0,0.9,2272,3170,0.3735,1
GH04446,Brong-Ahafo,Cassava,0.61,2,7,1,1,0,0,0,0,0.788,348,284,0.62,1
GH04447,Volta,Yam,4.32,6,8,1,0,0,2,0,1,0.857,4451,3255,0.6703,1
GH04448,Central,Maize,1.87,15,4,1,0,0,0,0,0,0.754,448,634,0.5782,1
GH04449,Western,Plantain,1.29,12,5,1,0,0,2,0,1,0.881,808,294,0.8567,1
GH04450,Western,Plantain,2.05,35,5,1,1,1,0,1,1,0.856,1388,1666,0.792,1
GH04451,Brong-Ahafo,Maize,3.04,30,4,1,0,0,2,0,0,0.711,955,490,0.8075,1
GH04452,Ashanti,Cassava,4.74,19,9,0,0,0,1,0,1,0.825,2341,2010,0.8326,1
GH04453,Upper East,Yam,2.27,16,5,1,0,1,2,0,1,0.509,1626,2349,0.8239,0
GH04454,Eastern,Cocoa,0.98,26,5,1,1,0,1,0,0,0.782,716,714,0.6749,1
GH04455,Ashanti,Cocoa,1.89,31,6,1,0,0,0,0,1,0.961,1293,1200,0.755,1
GH04456,Upper East,Rice,6.5,3,4,1,0,0,2,1,1,0.816,5167,1933,0.588,1
GH04457,Ashanti,Maize,4.68,41,4,1,0,0,1,0,0,0.807,1170,740,0.6012,0
GH04458,Volta,Maize,3.44,28,6,0,0,0,1,0,1,0.797,843,256,0.7799,1
GH04459,Brong-Ahafo,Cassava,3.18,16,5,0,1,0,1,1,1,0.8,1679,2267,0.8108,1
GH04460,Brong-Ahafo,Cassava,2.97,33,5,1,1,0,1,0,0,0.816,1175,1262,0.8331,1
GH04461,Brong-Ahafo,Yam,4.1,21,3,1,0,1,2,0,0,0.794,4989,2203,0.5588,1
GH04462,Western,Cocoa,1.32,15,6,0,1,1,3,0,1,0.943,789,581,0.6137,1
GH04463,Upper East,Rice,0.71,28,8,1,1,0,1,1,1,0.708,588,749,0.8729,1
GH04464,Upper West,Maize,1.91,4,9,1,0,0,3,0,0,0.519,496,232,0.4591,1
GH04465,Eastern,Plantain,1.03,4,4,1,1,0,3,1,1,1.0,587,338,0.8259,0
GH04466,Central,Plantain,0.87,14,6,0,1,0,0,0,0,0.861,491,466,0.7781,1
GH04467,Brong-Ahafo,Maize,1.1,26,9,1,0,0,0,0,1,0.741,336,159,0.6698,1
GH04468,Greater Accra,Maize,10.38,19,5,0,1,1,1,1,0,0.782,2207,1676,0.7377,1
GH04469,Northern,Maize,2.0,2,10,1,0,0,2,0,1,0.582,534,790,0.2077,1
GH04470,Northern,Rice,2.35,40,9,1,1,0,1,0,0,0.684,2513,2394,0.7736,1
GH04471,Brong-Ahafo,Cassava,0.77,6,4,0,0,0,1,0,1,0.831,377,430,0.3874,1
GH04472,Western,Cocoa,0.5,3,4,1,1,0,1,0,1,0.905,427,468,0.7159,0
GH04473,Brong-Ahafo,Cassava,1.03,31,4,1,1,0,2,0,1,0.744,540,299,0.7765,0
GH04474,Western,Cassava,4.99,18,4,1,0,0,0,0,1,0.624,2457,3232,0.7824,0
GH04475,Ashanti,Cassava,2.3,30,9,1,1,0,2,0,0,0.671,1253,559,0.8066,0
GH04476,Greater Accra,Maize,2.77,5,10,1,1,0,3,1,0,0.816,641,901,0.7562,1
GH04477,Central,Plantain,3.06,10,3,0,1,0,2,0,0,0.877,1820,1018,0.6122,0
GH04478,Eastern,Plantain,1.2,22,6,0,1,1,1,0,0,0.791,502,726,0.7177,1
GH04479,Northern,Yam,4.81,13,6,0,1,0,0,0,1,0.58,5385,6772,0.7176,1
GH04480,Eastern,Plantain,1.17,13,5,0,0,0,2,1,1,0.849,717,362,0.6328,0
GH04481,Eastern,Maize,4.88,5,7,0,0,0,3,0,1,0.756,1470,724,0.4231,1
GH04482,Upper East,Rice,2.48,29,10,0,0,0,2,0,0,0.547,1780,715,0.2164,0
GH04483,Upper East,Maize,0.52,10,4,0,0,1,2,1,1,0.436,150,100,0.5237,0
GH04484,Volta,Cassava,1.08,41,3,1,1,0,0,0,0,0.712,484,528,0.5817,1
GH04485,Brong-Ahafo,Yam,0.52,33,2,1,0,0,2,0,0,0.825,502,464,0.7006,1
GH04486,Northern,Rice,4.11,14,5,0,1,0,2,0,0,0.558,2981,3088,0.5754,1
GH04487,Northern,Yam,1.79,35,5,1,1,0,3,0,1,0.688,1530,516,0.8895,1
GH04488,Eastern,Maize,0.38,20,5,0,0,0,2,0,0,0.876,119,100,0.4489,0
GH04489,Greater Accra,Cassava,2.37,15,6,1,1,1,2,1,1,0.802,1489,1683,0.9349,1
GH04490,Central,Maize,1.25,6,8,1,0,0,2,0,0,0.754,420,553,0.7248,1
GH04491,Brong-Ahafo,Rice,0.64,28,5,0,1,0,3,0,0,0.829,544,398,0.6743,1
GH04492,Brong-Ahafo,Rice,5.9,29,5,1,1,0,2,0,1,0.849,6183,3090,0.9516,1
GH04493,Ashanti,Cassava,1.96,27,8,0,0,0,1,0,1,0.763,890,596,0.7221,1
GH04494,Upper East,Yam,1.48,11,8,0,0,0,2,0,1,0.455,1875,1490,0.2747,1
GH04495,Upper East,Yam,1.38,25,4,0,0,0,3,1,0,0.685,1644,1736,0.8716,1
GH04496,Western,Cassava,0.63,18,5,1,1,0,2,1,1,0.887,333,264,0.8445,1
GH04497,Upper East,Rice,0.73,17,8,1,1,0,2,0,0,0.617,618,851,0.7735,1
GH04498,Ashanti,Cocoa,4.48,18,3,1,1,0,2,0,1,0.908,3816,2982,0.8722,0
GH04499,Volta,Maize,1.31,2,5,0,1,0,2,0,0,0.635,412,213,0.5232,1
GH04500,Volta,Maize,1.85,22,5,1,0,0,0,1,1,0.761,540,323,0.8359,0
GH04501,Eastern,Maize,0.44,23,4,1,0,0,2,0,1,0.742,111,100,0.6757,0
GH04502,Northern,Yam,0.72,6,4,1,0,0,1,0,0,0.683,592,733,0.4214,0
GH04503,Western,Cassava,2.79,37,5,1,0,0,3,0,0,0.904,1496,2010,0.7219,1
GH04504,Northern,Rice,2.37,22,8,0,0,0,3,1,1,0.713,1480,773,0.4313,0
GH04505,Volta,Yam,6.22,10,8,1,1,0,1,0,0,0.798,7188,2186,0.8033,1
GH04506,Ashanti,Plantain,4.66,28,11,1,1,1,3,0,1,0.845,1515,2035,0.8236,0
GH04507,Brong-Ahafo,Yam,1.55,13,3,0,0,0,1,0,0,0.773,1658,951,0.4414,1
GH04508,Eastern,Maize,2.54,19,4,0,1,0,2,0,1,0.794,666,856,0.6966,1
GH04509,Northern,Rice,1.46,36,8,0,0,0,0,0,1,0.585,1079,1037,0.5337,1
GH04510,Upper West,Yam,7.68,16,6,0,0,0,0,0,1,0.58,7313,5740,0.4204,0
GH04511,Western,Cocoa,4.07,31,5,1,1,0,3,0,1,0.892,1216,579,0.839,0
GH04512,Eastern,Plantain,2.05,34,4,1,1,0,3,0,1,0.877,942,1042,0.8825,1
GH04513,Ashanti,Maize,2.1,37,4,0,1,1,2,0,1,0.713,482,618,0.8354,1
GH04514,Upper West,Yam,5.01,41,5,0,0,0,1,1,1,0.524,4187,3573,0.4627,1
GH04515,Northern,Rice,2.73,31,4,1,1,0,1,1,1,0.501,3592,3002,0.7815,0
GH04516,Brong-Ahafo,Cassava,5.43,27,11,0,1,0,3,1,1,0.679,2059,2484,0.8784,1
GH04517,Greater Accra,Maize,0.39,22,3,0,1,0,1,1,0,0.772,117,105,0.9098,1
GH04518,Upper West,Yam,2.52,38,12,1,0,0,1,0,0,0.574,2136,2654,0.2645,1
GH04519,Upper West,Yam,1.27,32,8,1,1,0,2,0,1,0.587,1047,382,0.8123,0
GH04520,Greater Accra,Cassava,6.23,18,5,0,0,0,3,0,1,0.769,2390,3177,0.624,1
GH04521,Central,Maize,5.38,18,7,0,1,0,0,0,1,0.645,1830,1125,0.5312,0
GH04522,Western,Cassava,1.86,35,7,0,0,0,2,0,0,0.85,1212,610,0.4831,1
GH04523,Upper East,Maize,5.34,25,4,0,0,0,2,0,0,0.575,1298,440,0.2918,0
GH04524,Eastern,Cocoa,6.35,34,5,1,1,0,1,0,1,0.885,5298,6892,0.7123,1
GH04525,Central,Cassava,1.92,5,6,1,1,0,2,0,0,0.905,799,297,0.746,1
GH04526,Upper East,Maize,10.28,10,7,1,0,0,2,1,1,0.596,2624,3793,0.8607,1
GH04527,Brong-Ahafo,Rice,1.78,3,6,0,0,0,0,1,1,0.759,1638,1602,0.5451,0
GH04528,Brong-Ahafo,Maize,1.57,36,6,1,1,0,2,0,0,0.8,348,396,0.7868,1
GH04529,Northern,Yam,3.34,39,5,1,1,0,2,0,1,0.749,2869,3358,0.7512,0
GH04530,Central,Maize,1.42,16,6,0,1,0,1,0,0,0.736,396,258,0.4164,0
GH04531,Northern,Yam,1.93,4,5,1,1,0,1,1,0,0.697,1960,2485,0.678,0
GH04532,Ashanti,Cocoa,4.89,32,6,0,1,0,0,0,0,0.785,2706,3884,0.4911,0
GH04533,Upper East,Yam,1.85,24,9,1,0,1,1,1,1,0.603,2698,2007,0.8305,1
GH04534,Central,Cassava,0.56,13,7,1,1,0,1,1,1,0.926,244,318,0.7661,0
GH04535,Ashanti,Cocoa,2.36,9,7,1,1,0,2,0,1,0.813,1983,2432,0.6381,1
GH04536,Brong-Ahafo,Maize,1.12,22,6,0,0,0,0,1,1,0.654,348,351,0.8188,1
GH04537,Western,Cassava,3.34,22,7,1,0,0,1,0,0,0.803,1471,1090,0.7574,1
GH04538,Volta,Cassava,2.97,33,6,0,1,0,1,1,0,0.704,1704,1360,0.5431,0
GH04539,Brong-Ahafo,Yam,5.1,18,2,1,1,0,2,1,1,0.664,4277,2862,0.7574,1
GH04540,Upper West,Maize,3.44,38,13,1,1,0,2,0,0,0.687,968,786,0.6749,1
GH04541,Northern,Rice,3.91,25,2,1,0,0,0,0,0,0.678,3689,5488,0.5127,1
GH04542,Western,Plantain,1.14,9,5,0,1,0,3,0,0,0.792,510,375,0.5257,1
GH04543,Eastern,Plantain,3.2,19,3,1,1,0,2,1,0,0.746,1746,1918,0.9018,1
GH04544,Upper East,Maize,7.23,12,3,1,1,0,2,1,1,0.492,1775,1213,0.798,1
GH04545,Ashanti,Maize,1.13,11,8,0,0,0,1,1,1,0.707,325,279,0.5207,0
GH04546,Eastern,Cassava,6.42,27,5,1,1,0,0,0,0,0.907,3442,1379,0.7033,1
GH04547,Western,Cassava,1.24,7,8,1,1,0,3,0,0,0.831,603,733,0.545,1
GH04548,Northern,Rice,1.0,18,4,1,0,0,0,0,1,0.806,513,561,0.4821,1
GH04549,Central,Cassava,2.24,24,4,0,0,0,2,0,1,0.837,1360,975,0.462,1
GH04550,Brong-Ahafo,Yam,3.01,38,4,1,1,0,2,0,1,0.704,4242,3944,0.6858,0
GH04551,Upper East,Rice,3.45,29,6,0,1,1,3,0,1,0.659,2873,3869,0.8539,1
GH04552,Upper East,Yam,0.93,17,8,1,0,0,1,0,0,0.451,823,291,0.5138,1
GH04553,Eastern,Cassava,2.47,13,5,1,1,0,2,0,1,0.83,1351,1913,0.731,0
GH04554,Western,Cocoa,1.13,22,5,0,0,0,2,0,0,0.763,980,848,0.6608,1
GH04555,Ashanti,Cassava,0.64,25,11,1,0,0,0,0,0,0.64,422,562,0.5568,0
GH04556,Central,Plantain,0.95,29,3,0,1,0,0,0,0,0.841,566,755,0.4737,0
GH04557,Western,Cocoa,1.08,38,6,1,0,0,1,1,1,0.927,830,307,0.6356,0
GH04558,Central,Maize,2.63,22,5,1,0,0,0,0,0,0.807,828,1025,0.6162,1
GH04559,Brong-Ahafo,Cassava,4.08,34,3,1,0,0,0,1,0,0.787,2193,2587,0.772,1
GH04560,Northern,Maize,0.65,3,4,1,0,0,2,0,1,0.407,146,100,0.2622,1
GH04561,Volta,Yam,2.33,38,2,1,0,1,2,0,1,0.738,2171,3102,0.7481,1
GH04562,Ashanti,Cassava,0.8,20,9,1,1,0,3,1,0,0.803,393,417,0.8645,1
GH04563,Western,Cocoa,2.83,29,6,1,0,0,1,0,0,0.91,2114,1059,0.8267,1
GH04564,Upper West,Rice,1.18,16,8,1,0,0,1,1,0,0.525,619,277,0.5135,0
GH04565,Brong-Ahafo,Cassava,0.87,2,6,1,1,0,3,0,0,0.846,503,490,0.6798,1
GH04566,Upper East,Rice,3.19,29,6,1,1,0,2,0,0,0.544,1544,572,0.5986,0
GH04567,Eastern,Maize,1.21,36,7,1,1,0,2,1,1,0.741,363,181,0.938,1
GH04568,Eastern,Cocoa,1.46,33,9,1,1,0,1,0,1,0.877,1271,1828,0.8486,1
GH04569,Upper West,Yam,0.39,29,3,1,1,0,3,0,1,0.515,463,553,0.6282,1
GH04570,Western,Cocoa,3.53,10,5,0,1,0,0,1,1,0.926,2045,2119,0.821,1
GH04571,Brong-Ahafo,Yam,3.24,25,7,0,1,0,0,0,1,0.642,3673,2022,0.5088,1
GH04572,Eastern,Maize,1.83,5,10,1,0,0,2,0,1,0.817,579,326,0.4334,0
GH04573,Greater Accra,Cassava,0.63,4,12,1,1,0,2,1,0,0.846,444,371,0.6678,1
GH04574,Eastern,Plantain,4.25,23,7,1,1,0,1,0,1,0.813,2299,2770,0.6867,0
GH04575,Eastern,Cocoa,1.14,41,4,0,1,0,2,0,0,0.59,969,295,0.5174,0
GH04576,Ashanti,Cocoa,1.33,40,3,1,1,0,2,1,0,0.788,856,302,0.7166,1
GH04577,Upper East,Rice,9.19,26,10,1,0,0,2,1,0,0.568,6175,8300,0.5398,1
GH04578,Eastern,Cassava,1.11,23,5,1,0,0,1,0,0,0.939,683,872,0.5399,1
GH04579,Brong-Ahafo,Yam,3.06,35,4,0,0,0,0,1,1,0.747,3626,4110,0.4563,1
GH04580,Upper West,Rice,2.7,21,10,0,1,0,2,1,0,0.558,1909,1717,0.6601,1
GH04581,Upper West,Rice,2.39,37,3,1,0,1,2,0,1,0.677,1467,696,0.522,1
GH04582,Greater Accra,Cassava,2.22,38,7,1,1,1,1,1,0,0.825,1194,505,0.861,1
GH04583,Central,Plantain,2.37,40,7,0,1,0,1,0,0,0.933,1205,1671,0.7851,1
GH04584,Northern,Maize,2.2,28,3,1,1,0,1,0,1,0.636,639,485,0.8499,1
GH04585,Central,Maize,1.76,33,5,1,1,0,0,1,0,0.718,575,653,0.7311,0
GH04586,Brong-Ahafo,Yam,5.25,30,3,0,1,0,3,1,0,0.825,6381,5407,0.8769,1
GH04587,Upper East,Maize,0.73,33,6,1,0,0,0,0,0,0.613,203,239,0.4267,1
GH04588,Ashanti,Plantain,3.72,25,6,1,1,0,2,0,1,0.897,1502,799,0.9477,1
GH04589,Ashanti,Cassava,3.24,4,2,1,1,0,1,0,0,0.8,1454,1282,0.466,0
GH04590,Ashanti,Cocoa,2.97,28,11,0,1,0,1,0,1,0.883,1846,1389,0.5522,1
GH04591,Brong-Ahafo,Yam,3.98,10,5,1,1,0,3,1,1,0.904,3915,2326,0.8678,0
GH04592,Ashanti,Maize,1.71,41,4,0,1,0,2,1,0,0.779,426,433,0.6237,1
GH04593,Western,Cocoa,0.49,24,4,1,1,0,2,1,0,0.828,329,311,0.744,0
GH04594,Central,Cassava,1.73,8,4,0,1,0,2,0,1,0.964,922,825,0.7483,1
GH04595,Brong-Ahafo,Maize,0.91,18,13,0,1,0,1,0,1,0.783,220,222,0.6121,1
GH04596,Brong-Ahafo,Maize,1.09,38,5,1,0,0,2,1,0,0.694,322,152,0.7105,0
GH04597,Western,Plantain,0.76,8,5,1,0,0,1,0,1,0.989,523,389,0.6379,1
GH04598,Northern,Rice,1.3,31,9,1,1,0,2,0,1,0.539,1018,702,0.3578,0
GH04599,Eastern,Plantain,1.2,14,7,0,1,0,2,1,1,0.867,522,638,0.7631,1
GH04600,Volta,Yam,0.34,19,5,1,0,0,1,1,0,0.842,364,125,0.5606,1
GH04601,Eastern,Maize,2.97,32,9,0,0,0,3,0,0,0.851,693,442,0.495,0
GH04602,Central,Maize,8.62,23,7,1,1,0,2,0,0,0.718,2322,3255,0.5583,1
GH04603,Brong-Ahafo,Cassava,2.79,15,4,1,0,0,2,0,1,0.681,1266,836,0.709,1
GH04604,Eastern,Maize,1.58,19,7,0,1,0,0,0,0,0.783,345,166,0.6263,1
GH04605,Central,Plantain,1.75,36,10,1,1,0,3,0,0,0.906,727,879,0.6657,1
GH04606,Upper East,Maize,1.36,18,6,1,0,0,3,0,1,0.479,328,117,0.5568,0
GH04607,Central,Maize,1.94,20,7,0,1,0,2,1,1,0.814,426,346,0.8973,1
GH04608,Northern,Rice,1.78,32,11,0,0,0,1,0,0,0.518,1811,2402,0.362,0
GH04609,Ashanti,Maize,1.01,40,7,0,1,0,1,0,1,0.85,304,439,0.4529,1
GH04610,Brong-Ahafo,Rice,5.92,37,3,0,1,0,1,1,0,0.704,5698,3412,0.6944,1
GH04611,Eastern,Maize,0.64,16,4,0,1,1,2,0,1,0.752,129,100,0.7529,1
GH04612,Western,Cassava,3.01,30,6,1,0,0,0,1,0,0.909,1487,1458,0.9015,0
GH04613,Eastern,Cocoa,1.7,41,4,1,1,0,3,1,1,0.897,1300,743,0.8289,0
GH04614,Upper East,Yam,6.89,17,10,1,0,0,0,0,1,0.623,9241,4444,0.5004,1
GH04615,Brong-Ahafo,Cassava,2.31,34,5,1,0,0,2,1,0,0.862,1030,836,0.6125,1
GH04616,Brong-Ahafo,Rice,1.42,26,5,0,1,0,1,0,0,0.783,854,330,0.7214,1
GH04617,Ashanti,Plantain,1.53,17,7,1,1,0,1,1,1,0.941,801,1100,0.8049,1
GH04618,Central,Cassava,1.87,31,6,1,1,0,2,0,1,0.703,849,595,0.4328,0
GH04619,Brong-Ahafo,Maize,0.82,35,5,0,0,0,2,0,0,0.725,305,215,0.4392,0
GH04620,Brong-Ahafo,Maize,1.07,3,3,1,0,0,2,0,0,0.722,329,411,0.4778,1
GH04621,Upper West,Yam,0.52,41,6,1,0,0,1,0,1,0.592,494,351,0.6666,1
GH04622,Ashanti,Cocoa,0.95,39,9,1,1,0,1,0,0,0.875,632,767,0.783,0
GH04623,Northern,Maize,1.95,19,7,0,1,0,3,1,1,0.632,527,273,0.7796,1
GH04624,Eastern,Cassava,2.25,6,5,1,1,0,2,0,0,0.881,750,701,0.685,0
GH04625,Northern,Maize,0.46,41,3,1,1,0,2,0,0,0.52,129,158,0.7169,1
GH04626,Northern,Yam,1.66,7,8,1,0,0,1,1,1,0.818,1510,1268,0.633,1
GH04627,Central,Plantain,2.7,13,10,1,0,0,2,0,1,0.819,1533,592,0.5646,0
GH04628,Central,Plantain,1.63,13,5,1,0,0,1,1,1,0.873,674,798,0.7872,1
GH04629,Upper East,Yam,1.17,13,7,0,1,0,1,0,0,0.569,1340,1196,0.5528,0
GH04630,Volta,Maize,1.37,10,5,1,0,0,1,0,0,0.736,421,286,0.488,0
GH04631,Brong-Ahafo,Cassava,1.25,23,6,1,1,0,0,1,1,0.737,677,1010,0.7476,0
GH04632,Ashanti,Cassava,1.17,17,8,0,1,0,1,0,1,0.831,768,1038,0.4784,0
GH04633,Volta,Maize,2.06,5,3,0,1,0,0,0,0,0.776,356,123,0.5577,1
GH04634,Central,Plantain,9.16,4,6,1,1,0,1,0,1,0.658,5026,5088,0.6041,1
GH04635,Northern,Rice,1.08,17,4,1,0,0,2,1,0,0.609,867,629,0.6101,0
GH04636,Central,Maize,1.46,15,5,0,1,0,3,0,0,0.761,399,138,0.6319,1
GH04637,Brong-Ahafo,Cassava,1.76,39,7,1,0,0,0,0,0,0.966,743,233,0.7818,1
GH04638,Northern,Rice,1.13,5,2,1,1,0,1,1,0,0.704,655,655,0.8375,1
GH04639,Northern,Rice,3.93,3,6,1,0,0,2,1,0,0.755,3751,2566,0.1845,1
GH04640,Brong-Ahafo,Rice,0.35,11,4,1,1,0,0,1,0,0.795,328,375,0.6968,1
GH04641,Eastern,Maize,1.26,12,7,0,1,0,0,0,1,0.772,475,402,0.2835,0
GH04642,Upper West,Rice,3.23,40,3,1,0,0,1,0,0,0.639,3643,4444,0.7478,1
GH04643,Northern,Rice,1.48,27,7,1,0,0,2,1,1,0.725,828,1056,0.7091,1
GH04644,Ashanti,Cassava,1.03,38,7,0,0,0,2,0,1,0.955,524,570,0.7861,1
GH04645,Northern,Yam,2.48,27,11,1,0,0,3,0,0,0.659,2625,2104,0.5774,0
GH04646,Upper East,Yam,3.44,5,9,1,1,0,2,1,1,0.535,4135,6145,0.5117,0
GH04647,Upper West,Rice,2.11,27,4,1,1,0,1,1,0,0.684,2197,1468,0.6359,0
GH04648,Northern,Rice,1.04,39,2,0,0,1,2,0,1,0.567,669,614,0.6151,1
GH04649,Brong-Ahafo,Maize,2.51,29,7,1,1,0,2,0,1,0.761,621,574,0.8432,0
GH04650,Upper East,Maize,1.38,3,6,0,0,0,1,0,1,0.62,488,397,0.3442,0
GH04651,Upper East,Rice,3.07,3,2,1,0,0,3,0,0,0.576,1655,738,0.4882,1
GH04652,Ashanti,Cocoa,5.15,17,3,0,1,0,2,1,0,0.763,2851,2066,0.6823,1
GH04653,Eastern,Cocoa,0.3,24,6,0,0,0,2,0,0,0.799,230,128,0.6336,0
GH04654,Central,Maize,1.97,24,9,0,1,0,0,0,0,0.765,771,1064,0.5811,1
GH04655,Upper East,Maize,0.54,14,9,1,1,0,3,0,1,0.481,100,109,0.6377,1
GH04656,Brong-Ahafo,Rice,10.07,22,4,1,0,0,2,1,1,0.719,8254,5327,0.8219,1
GH04657,Northern,Rice,1.31,40,5,1,0,0,1,1,1,0.519,1179,1154,0.6433,0
GH04658,Volta,Yam,3.07,26,2,1,0,0,1,0,1,0.797,4004,5301,0.6408,1
GH04659,Upper West,Yam,1.78,38,6,1,1,0,0,1,0,0.637,1955,2779,0.8022,1
GH04660,Western,Cocoa,1.04,14,8,1,1,0,0,0,1,0.881,464,181,0.8107,1
GH04661,Western,Plantain,0.96,16,8,0,1,0,2,0,0,0.819,359,447,0.7059,1
GH04662,Ashanti,Maize,5.53,29,6,0,1,0,1,0,1,0.745,1956,2855,0.6876,1
GH04663,Northern,Maize,3.56,4,3,1,0,0,3,1,0,0.549,1075,925,0.5862,1
GH04664,Eastern,Cassava,7.1,24,5,1,1,0,2,0,1,0.855,2888,4317,0.7816,1
GH04665,Volta,Yam,1.89,5,10,0,0,0,1,0,1,0.641,2093,3032,0.4828,1
GH04666,Brong-Ahafo,Cassava,2.23,4,4,1,1,0,1,0,0,0.787,1243,1353,0.5067,0
GH04667,Western,Cocoa,1.51,40,5,1,1,0,1,0,1,0.809,534,703,0.846,1
GH04668,Northern,Rice,1.49,9,7,1,1,0,0,0,0,0.776,700,459,0.7049,0
GH04669,Upper West,Yam,0.88,26,7,1,0,0,0,0,1,0.652,942,1320,0.5562,1
GH04670,Ashanti,Plantain,1.93,13,9,1,0,0,1,1,0,0.825,1369,1383,0.6609,0
GH04671,Brong-Ahafo,Cassava,1.05,6,5,0,1,0,3,0,0,0.692,580,529,0.4943,1
GH04672,Upper West,Maize,2.48,34,6,1,1,0,3,0,0,0.481,351,457,0.4178,0
GH04673,Ashanti,Plantain,2.05,26,6,1,1,0,2,0,1,0.865,700,957,0.741,0
GH04674,Upper West,Yam,2.23,26,10,1,0,0,2,1,0,0.754,2529,2887,0.6392,0
GH04675,Ashanti,Plantain,5.89,36,8,0,0,0,2,0,1,0.858,3405,1124,0.5532,1
GH04676,Upper East,Yam,1.77,16,8,0,1,0,2,0,1,0.599,1715,1744,0.6182,1
GH04677,Eastern,Cassava,3.09,27,3,1,1,0,1,1,1,0.83,1465,1884,0.7265,1
GH04678,Northern,Maize,7.66,11,8,0,0,0,2,1,0,0.623,2463,2350,0.2237,0
GH04679,Upper East,Rice,4.55,25,5,1,0,0,3,1,0,0.601,4500,6398,0.7438,1
GH04680,Central,Cassava,4.08,36,2,1,1,0,0,0,1,0.785,2439,3358,0.7971,1
GH04681,Ashanti,Maize,1.47,30,3,0,1,0,1,0,0,0.687,330,309,0.6637,1
GH04682,Ashanti,Cocoa,2.14,39,7,1,1,0,1,1,1,0.844,1782,1398,0.8358,1
GH04683,Northern,Rice,0.72,6,5,1,0,0,0,1,0,0.754,542,198,0.6048,1
GH04684,Northern,Yam,2.58,25,9,0,0,0,1,1,1,0.697,2288,2423,0.7388,1
GH04685,Upper West,Rice,2.21,20,7,1,0,0,1,0,1,0.511,1561,967,0.7077,0
GH04686,Northern,Yam,1.85,10,2,1,1,0,3,0,1,0.615,1873,2064,0.6296,0
GH04687,Eastern,Cassava,3.74,27,7,1,0,0,3,1,0,0.873,2187,2752,0.7049,1
GH04688,Eastern,Maize,0.78,26,4,1,1,0,3,0,1,0.886,129,102,0.8437,1
GH04689,Ashanti,Cocoa,5.72,36,5,1,1,0,0,0,1,0.978,3446,1098,0.9463,1
GH04690,Central,Maize,3.43,37,7,1,1,0,0,1,0,0.773,864,1156,0.6909,1
GH04691,Western,Cassava,1.73,15,9,0,1,0,0,0,1,0.906,1097,1052,0.4626,0
GH04692,Volta,Cassava,1.64,7,5,0,1,1,3,0,1,0.8,712,483,0.8225,1
GH04693,Central,Cassava,2.55,33,8,1,1,0,0,0,0,0.83,1250,1326,0.6526,0
GH04694,Northern,Rice,5.28,27,8,1,1,0,2,1,0,0.64,4969,5512,0.8355,1
GH04695,Volta,Yam,1.96,16,5,0,0,0,1,1,0,0.756,1991,950,0.4213,0
GH04696,Eastern,Maize,2.02,32,6,0,0,1,0,0,1,0.859,732,787,0.7039,0
GH04697,Ashanti,Maize,1.85,38,7,1,1,0,0,1,1,0.653,498,321,0.7816,1
GH04698,Ashanti,Cassava,6.34,39,2,0,1,0,2,0,0,0.852,4582,5793,0.6348,0
GH04699,Northern,Yam,1.41,38,9,1,1,0,1,1,1,0.758,2008,2871,0.8419,1
GH04700,Western,Plantain,1.78,20,8,0,0,0,1,0,1,0.965,979,414,0.3775,0
GH04701,Upper East,Yam,5.08,15,4,1,0,0,1,0,1,0.631,5549,7773,0.629,0
GH04702,Ashanti,Cassava,2.02,37,12,0,1,0,2,0,0,0.754,1179,1632,0.6021,1
GH04703,Brong-Ahafo,Rice,4.04,38,4,1,1,0,1,0,1,0.812,3807,2709,0.688,1
GH04704,Upper West,Maize,0.96,12,9,0,0,0,3,0,0,0.696,273,100,0.3966,0
GH04705,Volta,Cassava,1.58,28,5,1,1,0,1,0,1,0.739,1023,1121,0.7991,1
GH04706,Northern,Maize,5.15,3,8,1,0,0,1,1,0,0.644,1572,1122,0.212,0
GH04707,Upper East,Yam,1.13,23,5,0,0,0,2,0,1,0.569,1455,771,0.427,1
GH04708,Ashanti,Maize,1.64,3,7,0,1,0,1,0,1,0.716,323,139,0.5562,1
GH04709,Volta,Yam,2.18,21,4,1,0,0,2,1,0,0.725,2292,1227,0.6853,1
GH04710,Upper West,Maize,0.91,18,4,1,0,1,3,0,0,0.6,304,178,0.3398,1
GH04711,Brong-Ahafo,Yam,1.36,5,3,0,1,0,2,1,1,0.677,1058,1328,0.7279,0
GH04712,Upper East,Yam,1.97,15,9,0,0,0,1,1,1,0.498,2157,2676,0.5101,1
GH04713,Brong-Ahafo,Rice,1.88,8,5,1,1,0,1,0,0,0.679,1708,1526,0.4829,1
GH04714,Ashanti,Cassava,4.46,16,7,1,0,0,3,0,1,0.841,3151,3038,0.4945,0
GH04715,Brong-Ahafo,Maize,5.36,31,8,0,1,0,1,0,0,0.613,1386,1942,0.45,1
GH04716,Brong-Ahafo,Yam,1.0,17,9,0,0,0,2,1,0,0.573,1051,1461,0.4654,1
GH04717,Central,Cassava,1.97,41,3,0,1,0,3,0,0,0.95,919,1190,0.6195,0
GH04718,Eastern,Maize,2.92,3,9,0,1,0,2,0,1,0.684,787,590,0.3697,0
GH04719,Northern,Rice,5.27,20,4,0,1,0,1,1,1,0.619,5651,4181,0.8954,1
GH04720,Greater Accra,Cassava,3.01,2,7,0,1,0,2,0,1,0.939,1571,2145,0.6619,0
GH04721,Brong-Ahafo,Cassava,2.23,32,7,0,1,0,1,0,1,0.665,1005,1419,0.6181,1
GH04722,Ashanti,Cocoa,2.91,5,2,0,0,0,2,1,1,0.72,1978,2489,0.4865,1
GH04723,Northern,Rice,2.92,28,4,0,1,0,1,1,1,0.584,2120,2562,0.6547,1
GH04724,Eastern,Cassava,0.95,26,6,1,0,0,0,0,1,0.892,455,441,0.8487,0
GH04725,Central,Maize,2.09,23,5,1,1,1,2,0,1,0.788,517,365,0.9049,1
GH04726,Volta,Yam,5.06,11,9,1,0,0,2,0,1,0.749,4590,2702,0.8681,1
GH04727,Upper West,Yam,1.58,34,5,0,0,0,2,0,0,0.586,1215,569,0.4832,1
GH04728,Volta,Cassava,1.99,31,10,1,0,0,3,0,0,0.825,1059,1243,0.4942,0
GH04729,Greater Accra,Cassava,1.54,31,5,1,1,0,1,1,0,0.98,650,801,0.8702,1
GH04730,Brong-Ahafo,Maize,0.36,17,11,1,1,0,2,1,1,0.969,123,100,0.8708,1
GH04731,Upper East,Rice,1.85,10,7,0,0,1,1,0,0,0.573,1405,432,0.4628,0
GH04732,Brong-Ahafo,Rice,2.25,18,8,0,0,0,2,1,0,0.872,1971,2811,0.4934,0
GH04733,Eastern,Maize,1.27,36,3,0,0,0,2,0,0,0.845,381,314,0.7931,1
GH04734,Ashanti,Cassava,0.81,16,6,1,0,0,1,0,1,0.836,269,395,0.4327,1
GH04735,Volta,Cassava,0.98,29,3,1,1,0,2,0,0,0.603,487,542,0.7507,1
GH04736,Brong-Ahafo,Cassava,3.11,21,5,1,0,0,2,0,1,0.75,2194,985,0.6195,0
GH04737,Volta,Maize,7.25,34,7,1,0,0,2,0,1,0.703,1700,1177,0.6193,1
GH04738,Volta,Yam,4.8,34,7,0,1,0,2,1,1,0.779,7036,7658,0.831,1
GH04739,Greater Accra,Maize,0.71,37,2,1,1,0,2,0,1,0.799,218,235,0.9193,1
GH04740,Upper West,Maize,3.31,14,6,1,0,0,1,0,0,0.545,1013,586,0.4936,0
GH04741,Northern,Yam,1.15,5,6,1,1,0,2,0,0,0.797,1215,622,0.6625,1
GH04742,Upper West,Rice,1.21,24,3,1,0,0,2,1,0,0.715,1185,749,0.3545,0
GH04743,Eastern,Cocoa,1.32,9,6,1,1,0,1,0,1,0.673,1137,1415,0.793,1
GH04744,Upper West,Yam,2.99,14,7,1,0,0,1,0,0,0.588,3003,1773,0.3775,0
GH04745,Greater Accra,Cassava,3.57,25,3,1,1,0,1,0,1,0.915,1713,1956,0.8712,1
GH04746,Western,Plantain,1.7,41,8,1,0,0,0,0,1,0.956,613,824,0.8238,0
GH04747,Greater Accra,Cassava,1.72,31,6,1,1,0,0,0,0,0.831,1050,808,0.7607,0
GH04748,Greater Accra,Maize,2.52,31,8,1,1,1,0,0,0,0.798,708,218,0.5445,0
GH04749,Upper West,Yam,2.71,26,4,0,0,0,2,1,0,0.618,2271,1068,0.7141,1
GH04750,Volta,Yam,4.15,34,8,1,0,0,3,1,1,0.803,3698,2493,0.9244,1
GH04751,Northern,Maize,0.74,10,3,0,0,0,2,0,0,0.492,203,107,0.4225,0
GH04752,Brong-Ahafo,Cassava,1.85,27,5,0,1,0,2,0,0,0.619,781,506,0.4816,0
GH04753,Greater Accra,Maize,0.86,25,4,1,1,0,1,0,1,0.915,241,230,0.8995,1
GH04754,Western,Cocoa,1.76,34,9,1,1,0,2,1,0,0.781,839,273,0.7958,1
GH04755,Upper West,Maize,1.56,40,7,1,1,0,3,0,1,0.76,387,146,0.8051,0
GH04756,Upper West,Rice,1.76,26,2,1,0,0,2,0,1,0.541,1094,1452,0.7517,1
GH04757,Ashanti,Maize,1.04,16,2,0,1,0,0,0,0,0.75,300,278,0.6444,1
GH04758,Greater Accra,Cassava,0.64,7,5,1,1,0,1,0,1,0.894,270,384,0.4153,0
GH04759,Upper East,Rice,0.42,21,3,0,0,0,0,0,1,0.414,302,100,0.3694,0
GH04760,Volta,Yam,1.66,17,7,1,0,0,1,0,1,0.979,2430,729,0.7964,1
GH04761,Ashanti,Maize,1.35,22,7,0,1,0,1,0,1,0.733,439,521,0.4382,1
GH04762,Volta,Cassava,1.14,16,10,0,0,0,3,0,1,0.713,670,584,0.6223,0
GH04763,Northern,Yam,4.6,40,10,0,1,0,2,0,0,0.542,5840,8156,0.3455,1
GH04764,Brong-Ahafo,Maize,1.0,5,7,0,0,0,1,0,1,0.759,306,381,0.3817,0
GH04765,Central,Maize,4.91,25,2,1,1,0,2,0,1,0.813,980,887,0.8754,1
GH04766,Central,Cassava,5.68,4,5,0,0,0,2,0,1,0.749,2197,1921,0.4672,1
GH04767,Northern,Maize,0.47,2,6,1,0,0,1,0,0,0.505,60,100,0.5213,0
GH04768,Ashanti,Cocoa,1.94,31,6,0,0,0,2,0,0,0.919,1424,1801,0.3445,1
GH04769,Brong-Ahafo,Yam,1.38,14,6,1,0,0,1,1,0,0.698,1096,693,0.7041,1
GH04770,Upper West,Rice,0.3,19,11,1,0,0,1,0,1,0.472,215,239,0.4521,0
GH04771,Brong-Ahafo,Cassava,0.66,41,9,0,1,0,0,1,1,0.768,324,347,0.6511,1
GH04772,Brong-Ahafo,Yam,3.13,12,3,1,1,0,2,1,0,0.718,2771,3678,0.8148,1
GH04773,Eastern,Plantain,7.49,30,4,1,1,0,0,0,1,0.981,3749,5032,0.8454,1
GH04774,Northern,Rice,3.43,5,8,1,1,0,1,1,0,0.593,2621,1630,0.8162,1
GH04775,Upper West,Maize,2.29,26,8,0,1,0,1,0,1,0.565,587,796,0.6515,0
GH04776,Eastern,Plantain,1.8,37,4,0,1,0,2,0,1,0.843,626,882,0.8051,1
GH04777,Upper West,Rice,5.92,37,7,0,1,0,2,1,1,0.564,5027,2169,0.6774,1
GH04778,Northern,Rice,8.2,41,7,0,0,0,0,0,1,0.67,9532,9422,0.5866,0
GH04779,Ashanti,Cassava,1.21,29,6,1,0,0,0,1,1,0.734,670,552,0.6395,1
GH04780,Brong-Ahafo,Maize,0.45,9,4,1,0,0,2,0,1,0.711,182,142,0.5703,0
GH04781,Eastern,Cassava,0.42,22,9,0,0,0,2,1,0,0.848,195,223,0.7237,1
GH04782,Eastern,Maize,4.6,36,7,0,1,0,2,0,0,0.856,1212,552,0.6745,1
GH04783,Upper West,Rice,1.76,19,4,1,0,0,2,0,0,0.563,1420,1823,0.2824,1
GH04784,Northern,Maize,2.07,26,7,1,1,0,2,0,0,0.567,555,184,0.7146,1
GH04785,Eastern,Cassava,0.52,6,7,1,1,0,1,1,0,0.938,337,335,0.8274,1
GH04786,Brong-Ahafo,Rice,1.08,9,9,1,0,0,2,0,1,0.706,491,280,0.7608,0
GH04787,Brong-Ahafo,Rice,1.48,24,4,1,1,0,2,0,0,0.745,1090,1200,0.8162,1
GH04788,Northern,Yam,2.11,4,12,1,1,0,0,0,1,0.772,2834,2637,0.5683,0
GH04789,Eastern,Cocoa,1.38,38,4,1,0,0,1,0,0,0.84,877,1315,0.6952,1
GH04790,Northern,Yam,0.88,32,6,1,0,0,2,0,1,0.615,1052,1404,0.6681,1
GH04791,Brong-Ahafo,Maize,1.05,30,7,0,0,0,2,0,0,0.716,327,230,0.5265,0
GH04792,Upper East,Yam,4.25,21,5,0,0,0,2,0,0,0.526,4222,3944,0.1182,0
GH04793,Volta,Maize,2.16,4,6,1,1,0,1,1,1,0.766,637,434,0.7041,0
GH04794,Brong-Ahafo,Maize,2.8,24,9,1,1,0,0,0,0,0.656,764,897,0.7044,0
GH04795,Greater Accra,Maize,0.97,41,7,0,0,0,0,0,0,0.877,155,125,0.6852,1
GH04796,Western,Cocoa,0.3,22,6,1,0,0,3,0,0,0.861,231,101,0.5381,1
GH04797,Central,Maize,1.26,14,3,0,1,0,3,1,0,0.809,307,336,0.6679,1
GH04798,Northern,Yam,0.99,9,2,1,1,0,1,0,0,0.773,723,227,0.6018,0
GH04799,Ashanti,Cassava,2.33,6,3,0,1,0,0,0,1,0.699,1318,866,0.5522,0
GH04800,Northern,Maize,18.17,26,10,1,1,0,0,0,1,0.617,5366,7451,0.8657,1
GH04801,Ashanti,Cocoa,2.96,40,8,1,0,0,1,1,1,0.886,2499,1032,0.7253,0
GH04802,Western,Plantain,12.37,38,11,0,0,0,1,1,1,0.801,5909,5349,0.8346,0
GH04803,Upper East,Maize,2.71,6,2,0,0,0,1,1,1,0.641,881,1105,0.6931,1
GH04804,Upper West,Yam,1.17,9,7,1,1,0,2,0,0,0.566,1184,1640,0.5044,0
GH04805,Upper East,Rice,2.32,5,2,0,0,0,2,1,1,0.608,2009,1952,0.4334,0
GH04806,Northern,Yam,6.34,23,8,1,0,0,0,0,1,0.625,6937,3356,0.5931,0
GH04807,Eastern,Cocoa,6.56,15,5,0,0,0,2,0,0,0.848,3397,4854,0.4244,1
GH04808,Volta,Maize,1.22,20,3,1,1,0,2,0,1,0.736,364,436,0.7601,0
GH04809,Western,Cocoa,2.18,14,6,1,1,1,0,0,1,0.857,1570,1216,0.6408,1
GH04810,Greater Accra,Maize,0.67,36,4,0,1,0,2,0,1,0.777,176,111,0.8308,1
GH04811,Western,Cocoa,3.25,5,7,1,1,0,0,1,1,0.807,2346,838,0.9049,1
GH04812,Northern,Rice,5.41,34,7,1,1,0,0,1,0,0.66,6617,3505,0.6916,0
GH04813,Northern,Yam,1.87,23,7,1,1,0,0,0,0,0.639,1161,1432,0.3677,1
GH04814,Eastern,Cocoa,1.14,2,13,1,1,0,3,0,1,0.78,783,337,0.7937,0
GH04815,Brong-Ahafo,Maize,2.34,12,5,0,0,0,2,1,1,0.757,755,344,0.5318,1
GH04816,Ashanti,Cassava,2.44,17,6,1,1,0,1,0,1,0.778,962,515,0.6692,0
GH04817,Brong-Ahafo,Maize,1.93,5,8,0,0,0,2,1,0,0.854,575,445,0.4744,1
GH04818,Northern,Yam,2.06,30,6,1,1,0,1,1,0,0.834,2202,1160,0.6475,1
GH04819,Eastern,Cassava,1.61,40,2,1,1,0,3,0,1,0.926,577,799,0.9055,1
GH04820,Eastern,Plantain,3.66,39,8,1,0,0,2,0,0,0.932,1629,992,0.5302,0
GH04821,Western,Plantain,3.05,25,3,0,0,0,2,0,1,0.915,2085,2926,0.4586,1
GH04822,Central,Plantain,0.92,10,4,1,1,1,2,1,0,0.833,316,468,0.7201,0
GH04823,Eastern,Cassava,0.9,9,3,1,1,0,2,1,1,0.663,431,520,0.8087,0
GH04824,Brong-Ahafo,Rice,1.52,15,3,1,1,0,3,0,1,0.668,1191,368,0.5147,1
GH04825,Ashanti,Cassava,3.05,16,2,0,0,0,2,0,1,0.761,1603,943,0.8106,1
GH04826,Upper West,Maize,2.02,23,3,1,1,0,1,0,1,0.687,514,319,0.6831,1
GH04827,Northern,Maize,1.16,38,5,0,1,0,1,1,0,0.635,327,311,0.3697,1
GH04828,Upper West,Rice,2.19,16,4,1,1,0,0,0,0,0.557,1761,863,0.4146,0
GH04829,Brong-Ahafo,Rice,1.45,7,3,1,1,1,1,0,1,0.602,1341,527,0.8147,1
GH04830,Northern,Maize,3.37,2,7,1,0,0,1,1,1,0.8,1093,559,0.7911,1
GH04831,Brong-Ahafo,Yam,2.3,21,4,1,1,0,0,1,1,0.793,2522,1747,0.833,1
GH04832,Brong-Ahafo,Rice,1.46,37,2,1,1,0,1,0,1,0.823,1239,445,0.8326,1
GH04833,Ashanti,Maize,2.14,3,5,0,1,0,2,0,0,0.722,408,218,0.3066,0
GH04834,Brong-Ahafo,Maize,4.57,7,5,1,1,0,2,1,1,0.719,1298,650,0.9111,1
GH04835,Central,Cassava,1.22,3,5,1,1,0,0,0,0,0.812,783,961,0.6966,1
GH04836,Ashanti,Cassava,2.42,4,5,1,1,0,0,0,0,0.82,861,434,0.6773,1
GH04837,Western,Plantain,1.73,8,7,1,1,0,0,0,1,0.998,642,802,0.7478,1
GH04838,Central,Cassava,2.46,21,6,1,0,0,3,1,0,0.744,1677,1526,0.7651,1
GH04839,Brong-Ahafo,Rice,1.15,6,10,0,0,1,1,1,0,0.747,652,789,0.4,0
GH04840,Brong-Ahafo,Maize,1.97,26,6,1,1,0,3,1,1,0.759,535,450,0.9132,1
GH04841,Northern,Yam,3.96,39,6,0,1,0,3,0,0,0.626,3551,4905,0.7524,1
GH04842,Ashanti,Maize,0.95,19,4,1,1,0,3,0,0,0.845,339,214,0.7421,1
GH04843,Volta,Maize,0.72,2,8,1,0,0,0,0,0,0.591,212,259,0.3294,1
GH04844,Western,Plantain,0.74,26,3,1,0,0,1,0,1,1.0,432,214,0.4198,1
GH04845,Brong-Ahafo,Maize,0.8,18,6,1,0,0,3,0,0,0.62,224,304,0.2876,0
GH04846,Eastern,Maize,2.76,16,5,1,0,0,0,1,1,0.675,1072,358,0.7372,0
GH04847,Ashanti,Maize,0.68,6,7,1,1,0,2,0,1,0.729,161,137,0.8011,1
GH04848,Upper East,Yam,1.48,18,9,1,0,0,1,0,0,0.533,1594,1284,0.5623,1
GH04849,Eastern,Plantain,2.81,22,10,0,1,0,1,0,0,0.859,1772,1858,0.3989,0
GH04850,Brong-Ahafo,Cassava,2.44,24,4,1,0,0,3,0,0,0.805,1661,1377,0.8764,1
GH04851,Brong-Ahafo,Yam,1.39,11,4,0,1,0,2,0,0,0.759,1326,1335,0.701,1
GH04852,Upper East,Yam,2.08,18,8,1,0,0,2,0,1,0.472,1247,1664,0.4116,1
GH04853,Eastern,Cassava,1.96,2,6,0,1,0,2,0,1,0.804,950,447,0.6332,0
GH04854,Brong-Ahafo,Yam,1.56,38,5,1,1,0,2,0,1,0.752,2121,1258,0.6199,0
GH04855,Upper East,Rice,1.57,8,7,1,0,0,2,0,1,0.684,1078,1362,0.4251,1
GH04856,Northern,Maize,8.71,13,6,0,0,0,3,0,0,0.631,2558,1467,0.5209,1
GH04857,Volta,Yam,3.21,41,11,1,0,0,3,0,1,0.781,3037,4212,0.7383,0
GH04858,Ashanti,Cocoa,10.34,2,6,1,0,1,2,0,1,0.992,7190,6823,0.9136,1
GH04859,Upper West,Maize,1.29,21,6,1,1,0,2,0,0,0.497,452,180,0.3848,0
GH04860,Upper East,Yam,1.72,32,6,1,0,0,0,1,1,0.554,1822,592,0.6239,1
GH04861,Ashanti,Cocoa,0.72,5,8,0,1,0,0,0,1,0.744,716,870,0.3642,1
GH04862,Upper East,Maize,1.03,27,6,0,0,0,1,0,0,0.694,342,454,0.6102,0
GH04863,Eastern,Cocoa,6.9,13,7,0,1,0,1,0,0,0.969,4996,2937,0.6846,0
GH04864,Western,Cassava,1.26,23,11,0,1,0,0,0,0,0.962,649,382,0.5938,1
GH04865,Brong-Ahafo,Yam,6.98,2,6,1,1,0,1,0,0,0.794,7503,10000,0.6511,0
GH04866,Upper East,Rice,0.76,2,5,1,0,0,0,0,1,0.615,464,505,0.3044,0
GH04867,Eastern,Plantain,0.87,4,7,0,0,0,2,0,1,0.788,346,173,0.6253,1
GH04868,Western,Plantain,1.43,13,7,1,1,1,0,1,1,0.912,830,696,0.8758,1
GH04869,Central,Cassava,1.74,22,2,1,0,0,2,1,0,0.737,1082,1507,0.7308,1
GH04870,Western,Cassava,3.48,14,6,1,1,0,1,1,1,0.737,1344,1405,0.8604,1
GH04871,Volta,Cassava,2.5,14,7,0,1,0,2,0,0,0.746,1538,1213,0.4344,0
GH04872,Brong-Ahafo,Yam,1.36,19,6,1,0,0,3,0,1,0.901,1323,637,0.8816,1
GH04873,Upper West,Yam,1.66,34,8,0,1,0,0,0,0,0.569,1395,1634,0.7191,0
GH04874,Western,Plantain,1.46,7,5,1,1,1,3,0,1,0.82,690,436,0.8274,1
GH04875,Brong-Ahafo,Rice,0.96,26,12,1,0,0,2,0,0,0.773,916,897,0.5054,0
GH04876,Eastern,Cocoa,0.98,24,5,0,0,0,0,0,0,0.907,776,792,0.5592,1
GH04877,Northern,Maize,3.74,25,3,0,0,0,1,0,0,0.715,1100,1063,0.6058,0
GH04878,Central,Cassava,0.51,38,5,1,1,0,3,0,0,0.75,288,172,0.9147,1
GH04879,Ashanti,Cassava,5.65,27,6,1,1,0,2,0,1,0.807,2289,2632,0.8739,0
GH04880,Brong-Ahafo,Rice,1.43,5,5,1,1,0,1,1,0,0.768,1285,1258,0.7333,1
GH04881,Central,Plantain,1.06,39,4,0,0,0,3,1,1,0.876,485,380,0.7727,1
GH04882,Eastern,Plantain,3.06,36,7,1,1,0,2,0,1,0.894,2166,785,0.6353,1
GH04883,Brong-Ahafo,Cassava,5.15,12,5,1,1,0,2,0,0,0.846,2498,1742,0.6772,1
GH04884,Volta,Yam,3.98,37,7,0,1,0,3,1,0,0.752,5798,4192,0.81,1
GH04885,Upper East,Maize,2.59,26,8,1,0,0,2,1,1,0.657,696,870,0.3586,1
GH04886,Ashanti,Maize,3.9,21,8,1,1,0,1,0,0,0.843,1062,973,0.7441,1
GH04887,Upper East,Maize,0.55,2,5,0,1,0,2,0,0,0.636,144,204,0.3163,1
GH04888,Upper East,Maize,1.26,31,6,0,0,0,2,1,0,0.523,262,315,0.7004,1
GH04889,Western,Plantain,0.96,5,5,0,1,0,1,0,0,0.907,612,579,0.5166,1
GH04890,Ashanti,Cocoa,4.29,24,9,1,1,0,0,1,0,0.931,3086,1551,0.7772,0
GH04891,Brong-Ahafo,Yam,1.39,36,9,0,1,0,0,0,1,0.709,1577,891,0.6276,1
GH04892,Western,Cocoa,3.29,23,5,0,0,0,1,1,1,0.871,3071,1511,0.67,1
GH04893,Western,Cassava,2.65,32,3,1,1,1,0,0,1,0.965,1355,1127,0.9234,1
GH04894,Upper East,Yam,1.0,2,4,1,1,0,2,0,0,0.617,989,1154,0.5081,1
GH04895,Upper West,Rice,1.21,5,5,1,1,0,2,0,1,0.603,1009,1222,0.6448,1
GH04896,Ashanti,Cassava,4.51,20,6,0,0,1,0,0,1,0.932,1760,731,0.7515,1
GH04897,Northern,Yam,1.06,31,7,0,1,0,2,0,0,0.597,678,607,0.5527,1
GH04898,Brong-Ahafo,Yam,1.99,2,5,0,0,0,2,0,0,0.614,1403,1231,0.4272,0
GH04899,Brong-Ahafo,Yam,1.05,20,7,1,0,0,1,0,0,0.688,1321,1092,0.4416,1
GH04900,Upper West,Yam,1.46,22,10,0,0,0,1,0,1,0.701,1376,910,0.4724,0
GH04901,Brong-Ahafo,Cassava,1.76,23,7,1,1,0,1,0,1,0.822,1069,931,0.8767,1
GH04902,Greater Accra,Cassava,1.05,3,4,0,1,0,2,0,1,0.87,523,481,0.726,0
GH04903,Western,Cocoa,0.93,7,6,0,0,0,1,1,0,0.945,449,458,0.2626,0
GH04904,Brong-Ahafo,Rice,2.23,22,6,1,0,1,1,1,1,0.763,2119,1595,0.8411,1
GH04905,Western,Plantain,1.01,34,9,1,0,0,0,1,1,0.832,419,601,0.591,0
GH04906,Western,Cassava,1.03,20,5,0,1,0,3,0,0,0.907,603,426,0.5385,1
GH04907,Northern,Yam,0.94,28,5,1,0,0,2,0,1,0.604,1123,1543,0.6694,0
GH04908,Brong-Ahafo,Cassava,1.73,38,6,0,1,0,1,1,0,0.819,900,1135,0.6191,1
GH04909,Central,Cassava,3.53,30,6,1,1,1,3,0,0,0.776,2029,1742,0.7387,1
GH04910,Eastern,Maize,5.23,29,7,0,0,0,1,0,0,0.681,1038,930,0.4719,1
GH04911,Central,Cassava,1.1,35,2,1,1,0,2,1,0,0.771,915,1230,0.7911,1
GH04912,Central,Cassava,8.21,2,6,1,1,0,1,0,1,0.838,4690,4180,0.547,0
GH04913,Western,Plantain,0.9,26,3,0,1,0,1,0,1,0.798,524,584,0.7629,1
GH04914,Brong-Ahafo,Rice,3.89,22,5,0,1,0,2,0,1,0.7,3740,4754,0.7931,1
GH04915,Upper East,Yam,1.1,35,7,1,0,0,2,1,1,0.573,1078,1498,0.7931,1
GH04916,Ashanti,Cocoa,0.99,27,4,0,1,0,1,0,0,0.829,709,398,0.5007,1
GH04917,Northern,Yam,1.08,37,5,1,0,0,0,0,0,0.511,1325,1948,0.553,1
GH04918,Volta,Yam,1.76,36,7,0,1,0,1,0,0,0.548,1644,2398,0.496,1
GH04919,Central,Maize,2.73,24,7,1,1,0,2,0,1,0.822,817,537,0.6531,0
GH04920,Brong-Ahafo,Maize,2.91,18,3,1,1,0,0,0,0,0.741,883,915,0.5735,1
GH04921,Upper East,Maize,0.94,13,6,1,0,1,2,0,0,0.455,223,100,0.1536,0
GH04922,Upper East,Maize,0.91,21,3,1,0,1,3,0,1,0.6,275,138,0.5372,0
GH04923,Upper East,Maize,0.96,40,4,0,0,0,0,0,1,0.6,176,176,0.2727,1
GH04924,Central,Plantain,1.69,28,5,0,1,0,3,0,1,0.826,1008,1089,0.7692,1
GH04925,Brong-Ahafo,Rice,1.57,38,3,1,1,0,0,0,1,0.907,1671,1573,0.8486,0
GH04926,Western,Cassava,0.94,21,13,1,1,0,2,0,1,0.942,583,668,0.5581,1
GH04927,Western,Cocoa,2.2,12,4,0,1,0,2,1,0,0.828,2017,2524,0.7928,1
GH04928,Eastern,Cocoa,8.88,29,8,1,1,0,1,0,0,0.805,5311,2667,0.7097,1
GH04929,Volta,Yam,1.28,3,8,1,0,0,1,0,0,0.633,1232,1345,0.2693,0
GH04930,Eastern,Plantain,1.35,25,13,1,1,0,3,0,1,0.923,697,680,0.5778,1
GH04931,Eastern,Cassava,2.7,17,5,1,1,0,0,0,0,0.835,1454,641,0.582,1
GH04932,Brong-Ahafo,Rice,1.23,13,9,1,0,0,2,1,0,0.816,909,522,0.6058,1
GH04933,Eastern,Cocoa,2.91,17,10,1,1,0,1,1,1,0.664,1678,1348,0.8671,1
GH04934,Northern,Rice,1.1,37,4,1,1,0,1,0,0,0.697,1199,1602,0.7015,1
GH04935,Ashanti,Cocoa,6.57,3,6,0,1,0,2,0,0,0.794,3863,2165,0.5377,0
GH04936,Eastern,Plantain,2.32,26,3,1,0,0,2,0,0,0.872,1557,809,0.732,1
GH04937,Upper West,Rice,1.18,30,7,1,0,0,1,0,1,0.652,1050,1223,0.6031,0
GH04938,Upper East,Maize,1.21,29,6,1,0,0,2,1,1,0.563,349,513,0.4526,1
GH04939,Northern,Rice,1.27,11,4,0,1,0,0,0,1,0.579,1140,954,0.4388,1
GH04940,Volta,Yam,4.76,24,8,1,0,0,0,0,0,0.782,6260,4508,0.4738,1
GH04941,Ashanti,Cassava,0.75,33,2,1,0,0,1,1,0,0.748,187,113,0.6915,1
GH04942,Northern,Yam,1.14,32,8,0,0,0,2,1,1,0.719,1232,443,0.5403,1
GH04943,Upper West,Yam,1.23,20,2,1,1,0,1,1,0,0.552,1277,657,0.5961,0
GH04944,Northern,Maize,1.8,16,7,0,0,1,2,0,1,0.617,518,213,0.7251,0
GH04945,Central,Plantain,1.51,34,3,0,1,0,2,0,0,0.79,904,807,0.6828,1
GH04946,Brong-Ahafo,Yam,0.64,18,4,1,1,0,1,0,0,0.763,566,834,0.7385,1
GH04947,Volta,Yam,1.38,37,7,1,0,0,2,0,0,0.667,1071,1333,0.5879,1
GH04948,Greater Accra,Cassava,1.7,21,4,1,1,0,3,0,1,0.8,645,659,0.8773,1
GH04949,Volta,Cassava,1.17,10,6,0,1,0,2,1,1,0.964,503,445,0.7431,1
GH04950,Northern,Rice,2.95,39,9,1,0,0,2,0,1,0.703,2718,2828,0.7828,1
GH04951,Upper East,Rice,3.47,4,2,0,0,0,1,0,0,0.615,3094,2324,0.0762,0
GH04952,Upper West,Maize,1.72,3,8,0,1,0,2,1,0,0.631,562,289,0.5446,1
GH04953,Upper East,Yam,2.14,19,3,1,0,0,2,0,0,0.609,1959,1974,0.5411,1
GH04954,Eastern,Plantain,0.4,24,3,0,0,0,2,0,1,0.818,185,173,0.6133,0
GH04955,Northern,Rice,1.36,20,3,1,1,0,3,0,0,0.696,1466,2101,0.5495,0
GH04956,Upper West,Yam,3.68,8,13,1,0,0,1,1,1,0.544,4466,4822,0.4289,0
GH04957,Eastern,Cocoa,1.35,36,4,0,0,0,1,1,1,0.963,1096,1346,0.5873,1
GH04958,Eastern,Maize,1.09,21,9,1,0,0,0,1,1,0.775,192,100,0.7368,1
GH04959,Ashanti,Maize,8.97,21,13,1,1,1,2,1,1,0.829,3464,4202,0.9401,1
GH04960,Volta,Maize,6.51,20,5,0,1,0,2,0,1,0.856,1773,2623,0.5058,1
GH04961,Ashanti,Cassava,2.53,17,7,0,0,0,1,0,1,0.854,1374,1496,0.5488,0
GH04962,Upper East,Rice,4.04,39,8,1,0,0,1,1,0,0.52,3565,4244,0.4955,1
GH04963,Eastern,Cocoa,0.38,22,5,0,0,0,2,1,1,0.933,277,409,0.8549,1
GH04964,Eastern,Plantain,1.05,30,4,1,0,0,0,0,1,0.961,511,393,0.7675,1
GH04965,Upper East,Maize,1.31,39,5,0,0,0,1,0,1,0.409,374,482,0.3841,0
GH04966,Ashanti,Maize,1.54,25,8,0,0,0,1,0,1,0.757,482,376,0.4879,0
GH04967,Northern,Yam,1.29,38,8,1,0,0,2,1,0,0.658,1521,1234,0.8124,1
GH04968,Upper West,Maize,0.31,30,4,1,0,1,1,0,0,0.569,107,117,0.6024,0
GH04969,Volta,Maize,2.39,32,4,0,1,0,1,0,1,0.63,518,315,0.4113,0
GH04970,Brong-Ahafo,Maize,2.67,40,10,0,0,0,2,1,0,0.659,660,984,0.7775,1
GH04971,Volta,Yam,5.59,13,2,1,1,0,3,1,1,0.602,6596,4585,0.892,1
GH04972,Upper East,Yam,1.05,31,7,1,1,1,0,0,1,0.661,726,325,0.7131,1
GH04973,Volta,Cassava,0.99,5,2,1,0,0,2,1,0,0.89,537,369,0.7311,1
GH04974,Greater Accra,Maize,0.3,31,8,1,1,0,2,0,0,0.924,70,100,0.7053,1
GH04975,Northern,Yam,1.48,6,9,0,1,0,3,0,1,0.633,1656,1121,0.445,0
GH04976,Volta,Cassava,3.42,17,5,1,0,0,2,0,1,0.802,1492,1542,0.6441,1
GH04977,Volta,Cassava,1.19,28,3,0,0,0,2,0,0,0.866,580,825,0.6141,0
GH04978,Eastern,Cocoa,8.17,5,6,0,0,0,2,0,0,0.816,5430,3323,0.5373,0
GH04979,Brong-Ahafo,Cassava,1.52,9,5,0,0,0,1,0,0,0.704,837,383,0.4977,0
GH04980,Eastern,Cocoa,2.02,9,5,1,1,0,2,1,0,0.789,1698,707,0.8131,1
GH04981,Eastern,Cassava,0.7,18,7,0,1,0,2,0,0,0.829,443,367,0.7788,1
GH04982,Central,Plantain,2.23,4,4,0,1,1,1,0,0,0.793,1170,497,0.8314,1
GH04983,Brong-Ahafo,Yam,0.46,28,5,1,1,0,0,0,0,0.788,361,305,0.7327,1
GH04984,Volta,Yam,2.96,35,8,1,0,0,1,0,0,0.642,4523,6039,0.5237,1
GH04985,Ashanti,Maize,3.03,22,7,0,1,0,1,0,0,0.746,827,1020,0.5611,1
GH04986,Upper East,Yam,4.72,25,5,1,0,0,2,0,0,0.617,5018,5008,0.2729,0
GH04987,Brong-Ahafo,Maize,0.89,30,7,0,1,0,3,0,1,0.741,259,342,0.7072,1
GH04988,Central,Maize,2.04,40,8,1,1,0,1,0,0,0.731,606,255,0.6783,0
GH04989,Ashanti,Cassava,2.7,7,6,1,1,0,0,0,0,0.874,1177,1214,0.5569,1
GH04990,Brong-Ahafo,Maize,2.48,15,4,1,0,0,3,0,1,0.751,749,329,0.6537,1
GH04991,Upper West,Rice,0.99,15,2,1,1,0,2,0,1,0.443,1094,961,0.3506,0
GH04992,Volta,Maize,0.34,38,8,1,1,0,3,0,1,0.766,56,100,0.8,1
GH04993,Brong-Ahafo,Cassava,2.32,25,8,1,1,0,0,1,0,0.746,1226,758,0.7753,0
GH04994,Greater Accra,Cassava,1.64,14,7,1,1,0,2,0,0,0.823,668,866,0.4936,1
GH04995,Greater Accra,Maize,1.23,2,3,1,1,0,2,0,1,0.749,409,235,0.8578,1
GH04996,Volta,Yam,3.11,13,6,1,1,0,0,0,1,0.67,3850,3705,0.743,1
GH04997,Upper West,Rice,1.77,25,8,0,0,0,0,1,0,0.627,1397,1228,0.619,0
GH04998,Northern,Yam,0.72,38,5,1,0,0,1,0,0,0.679,735,601,0.6299,1
GH04999,Upper East,Rice,0.47,21,4,0,0,0,1,0,1,0.597,314,107,0.4629,0
